bookId,total_copies,available_copies
7838460,3,3
842395,1,1
49250,1,1
2484167,3,3
1049509,2,2
141498,1,1
13184223,1,1
492069,1,1
22743249,3,3
8680278,1,1
8864817,3,3
54766656,3,3
224352,3,3
8144079,1,1
181010,3,3
3115070,2,2
3084002,1,1
359581,1,1
13185168,1,1
23149128,1,1
32777859,1,1
15894829,3,3
3175530,3,3
12275680,1,1
17087,3,3
19492935,1,1
17909098,3,2
24611981,3,3
13813,3,3
704172,3,3
537762,2,2
12550,1,1
350788,2,2
22224,3,3
12630405,2,2
176711,1,1
924194,1,1
17333180,3,3
12576579,2,2
72159,2,2
804414,2,2
775975,1,1
17265176,1,1
22877,2,2
427830,1,1
184324,1,1
87348,2,2
7603,1,1
37737,2,2
10397655,2,2
129270,3,3
5215879,2,2
268601,1,1
6929147,3,3
12830940,2,2
18929,3,3
3534310,1,1
1523438,2,2
44660,1,1
202087,3,3
581409,2,2
12981613,3,3
40597810,3,3
32769,2,2
22030093,3,3
9380186,1,1
13542778,3,3
2842492,1,1
2642070,1,1
7114761,3,3
23464763,1,1
14386,2,2
54597,1,1
9802066,1,1
23019029,1,1
27712,2,1
13226173,2,2
3098445,2,2
43961,3,3
192954,2,2
11913095,1,1
60141,2,2
6940642,2,2
21449526,1,1
968868,3,3
325128,2,2
16282614,3,3
914608,3,3
3675828,3,3
969566,1,1
268565,3,3
89656,3,3
82999,1,1
114437,3,3
9826719,3,3
610718,1,1
1844205,1,1
862779,2,2
1042320,2,2
643483,2,2
915957,3,3
11557,3,3
100485,3,3
420416,1,1
179594,3,3
67377,2,2
311980,1,1
655601,1,1
4835838,1,1
431323,2,2
817501,2,2
13060189,2,2
129527,1,1
107318,1,1
5303373,3,3
11309018,3,3
867248,2,2
28873,1,1
7061,3,3
23002906,2,2
4025200,2,2
6488057,3,3
16127265,2,2
7165300,1,1
977145,2,2
6961797,1,1
417729,1,1
484550,3,3
21307056,3,3
130028,3,3
1297150,2,2
21430091,3,3
2157243,3,3
10199908,2,2
7024,3,3
2299685,2,2
9436632,2,2
9319468,1,1
298663,1,1
6757498,3,3
93779,2,2
936699,1,1
13495219,1,1
12002819,1,1
888947,1,1
4955576,3,3
440419,1,1
1824217,3,3
773459,2,2
13516050,3,3
228220,1,1
17262155,2,2
2043412,2,2
9503,3,3
104355,2,2
647597,3,3
4961571,2,2
30112,3,3
367687,1,1
414895,3,3
3702423,3,3
16099189,1,1
866402,3,3
87804,3,3
60218,2,2
392583,3,3
12832413,2,2
83412,1,1
28184,2,2
67141,2,2
28953118,1,1
38568,2,2
16137839,1,1
109692,3,3
18775247,3,3
24932397,2,2
6046158,3,3
2337398,1,1
78876,3,3
20767943,1,1
50453,3,3
28691932,2,2
17184229,3,3
161651,3,3
16130601,3,3
1295006,1,0
22324683,1,1
17332968,2,2
450784,1,1
76373,3,3
372100,3,3
7619,1,1
29254,3,3
1078076,2,2
416580,2,2
107792,1,1
47774,1,1
43684,2,2
4912857,2,2
71683,1,1
298381,1,1
21851827,1,1
85958,3,3
2320431,1,1
30259893,1,1
559899,3,3
13147885,2,2
10147914,1,1
16033880,3,3
18618842,1,1
22855313,1,1
77538,3,3
431386,2,2
1165534,3,3
3231403,1,1
35220,2,2
3867,3,3
3488375,3,3
13131,2,2
6366371,1,1
16001893,3,3
6319898,3,3
2218252,3,3
1384924,1,1
10658664,3,3
547281,2,2
585024,2,2
315425,3,3
26248,3,3
529582,2,2
7519179,2,2
12437907,3,3
15953857,2,2
8599748,1,1
18192663,1,1
19275608,1,1
17183049,1,1
885500,2,2
225590,1,1
14739062,3,3
9754997,3,3
571942,1,1
15852481,3,3
33774,1,1
374380,1,1
43037,1,1
174845,3,3
670339,3,3
883674,1,1
13115995,1,1
1203812,1,1
10586317,1,1
12643015,2,2
7054123,1,1
7984373,3,3
429024,1,1
25179,2,2
18481271,3,3
13155247,2,2
22168240,1,1
205662,3,3
13529,1,1
30518319,3,3
16687549,3,3
136542,3,3
20983366,2,2
12987640,1,1
41473851,2,2
17929776,2,2
17332564,1,1
12661,1,1
9303574,1,1
550343,3,3
289728,2,2
18975547,2,2
6780439,2,2
612143,2,2
8092497,2,2
1058636,3,3
31337,1,1
2547974,3,3
238463,3,3
3240765,3,3
36373,1,1
6539576,1,1
16006,2,2
12836009,3,3
8542839,2,2
311909,1,1
13358039,1,1
15713696,1,1
13230186,1,1
11899389,3,3
334801,2,2
3428935,1,1
66678,2,2
13147230,1,1
12842828,2,2
8550844,2,2
595405,1,1
20930200,1,1
532974,2,2
1019332,3,3
34964971,1,1
168568,1,1
18718606,3,3
22567177,3,3
270100,1,1
360625,1,1
1180893,1,1
9645351,1,1
23878,2,2
26690,2,2
5983694,2,2
22200,1,1
13003565,2,2
45276694,1,1
8496929,1,1
6992777,2,2
17669067,1,1
8664353,2,2
11044367,2,2
842355,2,2
220682,2,2
551520,2,2
1535134,3,3
12445556,3,3
60926,3,3
6464833,3,3
548118,3,3
5206937,2,2
446,1,1
796809,1,1
32527,2,2
472331,1,1
6329337,1,1
74532,3,3
428537,3,3
49614,3,3
201874,1,1
17707499,3,3
15733523,2,2
7815817,1,1
59091,1,1
20734410,3,3
30123368,2,2
709882,3,3
1934283,3,3
246274,1,1
334291,1,1
26075634,3,3
13575605,1,1
199786,1,1
3244406,1,1
357,3,3
197132,1,1
7831608,3,3
13543005,1,1
7776209,2,2
469901,1,1
13079,3,3
3609760,1,1
484714,3,3
1694501,3,3
40158,1,1
77489,3,3
69935,1,1
109508,2,2
5122453,3,3
1264696,3,3
11881560,3,3
16060716,3,3
551876,2,2
5598819,2,2
13157992,1,1
10338691,3,3
25893681,3,3
18419,2,2
18131200,1,1
11080437,2,2
687278,2,2
3735283,1,1
23174601,3,3
233044,3,3
345660,2,2
339352,2,2
243427,2,2
484667,1,1
6435893,1,1
30244,2,2
7565545,3,3
25663637,3,3
2277444,1,1
5356,1,1
74700,3,3
21491731,1,1
26114291,3,3
402022,2,2
1010711,1,1
782614,2,2
9513722,1,1
7670,1,1
19161888,2,2
15854532,2,2
479572,1,1
16307045,2,2
1754074,3,3
775973,3,3
24774,2,2
13365532,3,3
6507760,3,3
156182,3,3
830238,1,1
37530,3,3
407942,3,3
1556130,2,2
24394424,3,3
16248196,1,1
427062,1,1
101172,2,2
32829667,1,1
1828067,1,1
40109367,3,3
17348308,3,3
38355410,1,1
2535,2,2
16081320,2,2
36510404,3,3
5947993,1,1
16341,3,3
29236380,2,2
29233981,1,1
33418,3,3
6405929,3,3
7715816,2,2
46917,3,3
21894948,2,2
1319311,2,2
16093637,1,1
221274,1,1
675955,3,3
6428155,2,2
13152445,2,2
1389703,1,1
9112418,1,1
2566157,2,2
2074153,1,1
5060378,3,3
1000718,2,2
102440,1,1
17227745,3,3
279664,2,2
12988092,3,3
147844,3,3
7528717,2,2
118252,3,3
780344,1,1
6357433,1,1
309780,1,1
1165646,3,3
105301,1,1
6354623,3,3
64636,1,1
8248,2,2
6892626,3,3
6114317,3,3
26210,1,1
17279511,2,2
671039,1,1
70241,1,1
7081,2,2
13129612,2,2
60215,1,1
25294122,2,2
45160773,1,1
352749,3,3
11778281,1,1
213349,3,3
183015,1,1
607901,2,2
142460,3,3
6609744,2,2
9729504,3,3
15790837,3,3
15812779,1,1
69516,1,1
42960,1,1
357787,1,1
1045757,2,2
411527,1,1
346432,1,1
10900793,3,3
10114,2,2
28046407,2,2
10915,3,3
921359,3,3
668710,1,1
9663855,2,2
22546587,1,1
8855321,3,3
172228,1,1
1590632,2,2
547608,1,1
494164,2,2
754713,1,1
639787,1,1
439981,2,2
13505926,2,2
13228357,2,2
14241,1,1
373411,1,1
10254690,1,1
8041711,3,3
8220745,1,1
457228,2,2
18735913,2,2
273789,2,2
244338,1,1
2760876,2,2
709734,2,2
3576176,3,3
8765,3,3
12810834,2,2
3225253,3,3
107783,3,3
6095455,2,2
73932,1,1
752540,1,1
96263,2,2
821964,1,1
18300289,3,3
21853678,2,2
2313415,1,1
23411534,1,1
3759,3,3
6249757,2,2
3692,2,2
26109,3,3
107974,2,2
33143435,2,2
11000951,3,3
2411646,3,3
9962040,1,1
219557,2,2
178629,3,3
77432,1,1
9509456,2,2
10801,1,1
13827,3,3
97553,2,2
94798,1,1
52397,3,3
238126,3,3
14929224,3,3
94317,3,3
818449,3,3
48132,3,3
31242,3,3
2144900,1,1
144974,2,2
243245,2,2
581802,1,1
287380,3,3
143878,2,2
2257948,3,3
74821,2,2
97401,3,3
22056297,1,1
22010129,3,3
734935,2,2
12750295,3,3
26524368,2,2
176521,3,3
153594,2,2
2045705,2,2
11777020,2,2
217576,3,3
5972820,2,2
27229264,3,3
12751687,1,1
420729,1,1
9462637,2,2
15717298,3,3
15808602,2,2
30027206,3,3
4702458,3,3
19327024,1,1
96908,3,3
12548144,3,3
7944996,2,2
912147,2,2
898885,3,3
296363,1,1
23509377,2,2
8303977,2,2
22674054,1,1
6193923,2,2
18072607,3,3
1256825,3,3
121127,3,3
209682,2,2
14029,2,2
38548,2,2
6371455,2,2
136155,3,3
35154365,1,1
2205963,3,3
544257,2,2
221304,3,3
8952,1,1
1287272,3,3
815150,1,1
10073506,2,2
91746,3,3
559984,3,3
557220,3,3
486550,3,3
376641,2,2
10806008,1,1
17929785,1,1
10661081,3,3
12043770,2,2
27827203,1,1
539428,1,1
769787,1,1
209176,1,1
45343,1,1
13618037,1,1
6708,2,2
7830973,3,3
1348596,1,1
85795,2,2
11987358,2,2
113250,3,2
828127,3,3
669,1,1
1003985,3,3
49411424,3,3
14742449,2,2
2213324,2,2
21029898,2,2
251964,1,1
5031805,1,1
114967,3,3
2288562,3,3
11700412,1,1
826845,1,1
263081,2,2
318525,1,1
532608,1,1
420736,3,3
414655,3,3
12606552,2,2
5517,1,1
547102,3,3
55028,1,1
471174,1,1
129671,2,2
249929,1,1
158247,2,2
4709866,3,3
6419887,3,3
13367570,3,3
22825631,3,3
2641461,2,2
10844109,2,2
16074553,3,3
1286453,3,3
782057,3,3
33358438,2,2
11284,3,3
17074998,2,2
243257,1,1
22249695,3,3
533639,2,2
20317261,2,2
17311008,2,2
8347054,1,1
1070554,3,3
21535284,2,2
6081685,3,3
926803,2,2
304027,3,3
30748899,1,1
10512209,2,2
6928694,2,2
466223,1,1
7957,3,3
78977,2,2
7074079,1,1
1031533,2,2
12286,2,2
32434,2,2
26208458,3,3
228564,1,1
152405,1,1
39808670,1,1
456920,1,1
63657,2,2
8235178,3,3
94486,1,1
150037,3,3
6612005,1,1
2602455,1,1
9628203,2,2
1168341,2,2
49338,2,2
947848,3,3
8540960,2,2
469202,2,2
12926636,1,1
6076675,1,1
12560661,2,2
1481255,2,2
8253920,3,3
184997,3,3
737630,1,1
23622918,3,3
12098371,2,2
3689197,2,2
1582493,1,1
378414,2,2
184962,2,2
213206,2,2
332348,2,2
6288940,3,3
11515298,3,3
24876097,3,3
53835,3,3
11623,3,3
43641,1,1
3296447,2,2
36680734,1,1
34020178,2,2
1784490,2,2
862041,2,2
18498576,1,1
10349694,2,2
220189,2,2
4041119,3,3
294731,3,3
21726,2,2
1983987,3,3
2173611,1,1
26175543,2,2
14570,1,1
5528780,3,3
13494365,3,3
816462,1,1
6436330,2,2
2798263,3,3
12899838,3,3
606935,3,2
884259,1,1
35750305,1,1
11366397,3,3
11206,2,2
761154,1,1
126675,2,2
396082,1,1
13623874,1,1
6251471,2,2
922118,2,2
56594,2,2
21787,1,1
1020393,2,2
6608696,2,2
179106,2,2
9282,2,2
3173438,2,2
6316171,2,2
760025,2,2
2300985,1,1
2436306,2,2
5978724,1,1
50781,3,3
686306,3,3
13646,1,1
40511517,2,2
129327,1,1
20575434,3,3
129537,1,1
18139978,3,3
7600922,1,1
87985,1,1
295016,1,1
6450320,1,1
550454,1,1
68617,3,3
6545136,1,1
311095,1,1
37116468,1,1
8490112,2,2
82184,3,3
6498410,1,1
52323226,3,3
11525,1,1
554380,2,2
10046958,3,3
14781507,2,2
300650,2,2
427252,1,1
140099,3,3
906860,3,2
182543,3,3
729032,3,3
228062,1,1
11292802,1,1
43230472,2,2
2539772,1,1
186443,3,3
2785725,1,1
28920,2,2
29954,3,3
107480,3,3
591822,2,2
22383696,2,2
12997477,3,3
24481636,1,1
77589,1,1
7710150,3,3
18781466,3,3
15819028,3,3
15997,1,1
110018,1,1
18667954,3,3
28319471,2,2
24703,3,3
21059,3,3
311504,1,0
30265223,3,3
13003058,1,1
7744064,2,2
127663,3,3
15990489,2,2
30015623,3,3
2216762,2,2
15726371,1,1
8705784,3,3
2187,3,3
17620964,2,2
30672,1,1
7330453,2,2
1753685,2,2
493746,1,1
181276,2,2
25648276,2,2
4989,3,3
17357393,2,2
144977,3,3
84036,1,1
2372,2,2
35356382,1,1
9918128,3,3
271263,3,3
753065,3,3
9165406,2,2
18077903,3,3
6060450,3,3
854727,2,2
236859,2,2
51245,2,2
537070,3,3
54595,3,3
57045,2,2
688770,2,2
426912,1,1
95609,1,1
7229765,2,2
5184603,2,2
5053,1,1
545382,2,2
1968573,3,3
15808835,3,3
2037584,3,3
760984,2,2
25982806,2,2
1420557,1,1
15818254,2,2
294084,2,2
971424,1,1
14276,2,2
272895,1,1
9784,2,2
13573400,2,2
29547,2,2
15811568,2,2
11098871,3,3
1161439,3,3
103335,2,2
6654313,3,3
29360229,1,1
937628,3,3
13536649,1,1
18038459,1,1
13503247,1,1
12811,3,3
11372681,2,2
57412,2,2
84573,3,3
1152265,1,1
40122012,3,3
24611449,2,2
17556418,3,3
229127,3,3
439173,2,2
110535,2,2
2241558,1,1
83346,1,1
10357792,2,2
10559187,1,1
656876,2,2
1067940,3,3
14759655,1,1
13630113,2,2
17898670,3,3
7933617,3,3
77786,2,2
15819003,2,2
181729,3,3
1136210,3,3
18114449,2,2
1981112,2,2
385742,3,3
10954704,3,3
263111,2,2
557231,2,2
74404,3,2
473678,2,2
351198,2,2
920219,2,2
11597,2,2
1700000,1,1
107406,1,1
5762055,3,3
3030779,1,1
8318666,2,2
744981,1,1
13436345,3,3
9477896,3,3
9429895,3,3
574192,1,1
817377,1,1
23982,1,1
196766,3,3
16842,2,2
230852,2,2
23827762,3,3
15779,3,3
13538797,3,3
6562,3,3
22749536,2,2
12909098,1,1
71811,1,1
129131,2,2
7293149,1,1
1019541,2,2
37554154,1,1
6056519,2,2
277897,1,1
13192084,3,3
238367,3,3
61910,1,1
106069,2,2
6443318,1,1
211100,1,1
113985,3,3
2597783,2,2
3484906,3,3
52876,1,1
2530392,3,3
30199,2,2
229145,1,1
1498445,1,1
310330,3,3
2713810,2,2
398064,2,2
288766,2,2
23158936,2,2
49894219,2,2
20894732,1,1
2517439,1,1
13445216,2,2
415699,2,2
6655491,1,1
1088284,1,1
950153,2,2
1963638,2,2
6480584,1,1
12004035,3,3
653297,3,3
174442,3,3
321577,1,1
13576132,1,1
494320,1,1
228696,3,3
2083216,2,2
107499,1,1
22601568,1,1
185407,1,1
15793074,3,3
18469705,2,2
1170281,3,3
113441,3,3
15987008,3,3
182662,1,1
17287069,3,3
4314031,2,2
20880597,2,2
771507,2,2
31837,2,2
1017301,3,3
836512,2,2
208628,2,2
123479,3,3
137098,3,3
2994443,1,1
444337,3,3
442961,3,3
2177236,1,1
5118462,1,1
115610,3,3
455669,1,1
4985,2,2
509493,3,3
219812,1,1
2353037,1,1
6798263,1,1
26223177,1,1
13542982,3,3
13531506,1,1
23847971,1,1
13546400,1,1
82965,2,2
36544372,2,1
7320740,3,3
622855,3,3
9525402,2,2
1316617,2,2
19506,1,1
32951,1,1
7801690,2,2
13271555,3,3
8909,2,2
923993,3,3
17149158,2,2
6905480,1,1
28815,3,3
393147,1,1
30076608,2,2
11468029,3,3
2059338,3,3
2371356,3,3
24001095,1,1
13411928,2,2
297044,1,1
1611988,3,3
13049069,1,1
23312637,3,3
15972,1,1
6699199,2,2
789812,1,1
1838612,1,1
200137,1,1
2712887,1,1
21841757,2,2
18153991,3,3
239922,3,3
57891,3,3
12715291,2,2
1201328,2,2
186682,1,1
6690630,2,2
400598,3,3
1165358,2,2
6540352,3,3
6368611,2,2
2888926,2,2
32106,3,3
92581,3,3
4821605,2,2
161661,2,2
144204,1,1
7540934,3,3
1558556,1,1
165818,2,2
76679,3,3
13574710,2,2
872789,3,3
395875,2,2
156630,1,1
6014608,1,1
759511,1,1
10353049,3,3
825750,3,3
9696745,3,3
32234,1,1
6531211,3,3
365990,2,2
164723,3,3
18693704,1,1
246279,1,1
267334,2,2
10564870,3,3
13507796,3,3
13547111,2,2
34138475,2,2
4495772,1,1
16299700,3,3
34930815,2,2
23848190,3,3
246853,2,2
775864,1,1
972476,2,2
1691271,2,2
94318,2,2
293555,2,2
124983,2,2
12406076,3,3
16069262,1,1
4617762,1,1
2857200,2,2
13421433,2,2
895295,3,3
9998,2,2
6452731,2,2
10454418,3,3
18079492,2,2
21755125,3,3
6480781,1,1
6828896,2,2
9386880,1,1
6065179,2,2
21805399,2,2
2327958,2,2
1523598,1,1
36010223,2,2
23269588,3,3
9761911,1,1
1142145,3,3
95382,3,3
16925847,2,2
104734,2,2
30242931,1,1
7891973,1,1
108914,3,3
39020,2,2
40795,3,3
1058582,2,2
20821284,3,3
9712492,2,2
626685,1,1
50877,1,1
308581,2,2
835589,3,3
443327,1,1
10852303,2,2
15898640,2,2
974742,3,3
1047113,2,2
15774784,1,1
38876,1,1
45730501,3,3
329866,3,3
2767052,1,1
396329,3,3
7046495,1,1
943402,2,2
17905477,3,3
7303068,1,1
1608094,3,3
5312125,2,2
20601983,1,1
869068,1,1
6148028,1,1
7670714,2,2
12592780,1,1
13432620,3,3
295910,1,1
4143812,2,2
330306,3,3
25829156,2,2
51606,3,3
7470248,3,3
2255,2,2
52677419,2,2
2981154,2,2
25351826,2,2
132609,1,1
11021735,2,2
3423364,3,3
17666976,1,1
22529151,2,2
32601841,1,1
112749,3,3
303454,3,3
46182,3,3
12131142,1,1
10660836,1,1
573326,2,2
367679,2,2
31572149,2,2
43763,3,3
437627,2,2
3416092,1,1
65118,2,2
411475,3,3
547082,2,2
124675,3,3
16210411,3,3
18363243,3,3
17689,2,2
8554005,1,1
9565045,2,2
4714126,3,3
342637,2,2
396929,2,2
28249,2,2
20743633,3,3
34510,3,3
2083991,2,2
759910,2,2
13538641,2,2
1251778,1,1
552894,3,3
227350,1,1
28818623,3,3
53011908,2,2
6760780,1,1
32284715,2,2
12968679,1,1
21432436,2,2
7846759,3,3
162759,2,2
62169,3,3
13499303,2,2
27833670,2,2
3389671,3,3
59660,3,3
399896,1,1
23281177,2,2
17472766,1,1
18884,1,1
204286,3,3
13047567,3,3
65070,2,2
6878541,1,1
13150036,2,2
702308,1,1
13707720,3,3
13105,2,2
17732274,1,1
10209997,3,3
41453702,1,1
228117,2,2
159666,3,3
29430869,1,1
6781956,1,1
18126903,2,2
66693,2,2
36448554,2,2
551280,3,3
6050894,3,3
17320075,2,2
17783163,3,3
62805,1,1
206662,2,2
914487,3,3
97078,3,3
13235427,2,2
109713,2,2
2045155,3,3
311182,3,3
5503,2,2
9923274,3,3
24179521,1,1
170186,3,3
3488337,1,1
1086194,1,1
8592946,3,3
193093,3,2
676098,2,2
30123388,1,1
10801027,3,3
19687,1,1
215693,2,2
511152,1,1
114133,3,3
948526,3,3
31093,1,1
11100788,2,2
112628,1,1
30178659,3,3
25234783,2,2
15799936,1,1
821000,1,1
92845,2,2
826576,1,1
1162710,2,2
1144523,2,2
1048041,2,2
7734702,2,2
6545,1,1
137964,1,1
70239,3,3
1350666,2,2
345396,3,3
10538422,3,3
511257,1,1
1596788,1,1
73090,1,1
445024,1,1
23346643,3,3
101381,2,2
3419519,3,3
97920,3,3
1883838,1,1
14813667,2,2
17297135,3,3
10181799,1,1
289737,1,1
1257996,2,2
50461,3,3
593821,2,2
1090876,2,2
24397689,2,2
6522885,3,3
152838,1,1
380055,2,2
6251309,2,2
13528436,3,3
1139129,3,3
29567845,1,1
1420902,1,1
289644,2,2
12885,2,1
3122173,3,3
248482,2,2
6957498,3,3
705027,2,2
15706711,3,3
390304,2,2
13542868,2,2
16248281,2,2
436061,1,1
10052622,2,2
17977479,2,2
10835992,1,1
158770,1,1
18170039,2,2
6056474,3,3
1178039,2,2
3420,3,3
10860399,2,2
10357575,3,3
50664,2,2
18739485,1,1
270730,3,3
1654709,2,2
6273,2,1
46292,1,1
85418,3,3
6308141,3,3
9606839,3,3
25896387,1,1
153008,3,3
22574709,3,3
144792,2,2
397956,2,2
194462,1,1
1288360,3,3
15808839,2,2
80207,1,1
798615,3,3
16000963,1,1
21796750,3,3
9779094,2,2
17982508,3,3
962767,3,3
252981,3,3
18114594,3,3
224257,1,1
38980,3,3
1171,1,1
509784,3,3
218732,3,3
350870,1,1
17607716,2,2
213105,2,2
109198,1,1
30852,3,3
25689056,2,2
22027599,3,3
4341,1,1
15776719,1,1
149405,2,2
9573401,2,2
381817,3,3
22846570,2,2
149512,1,0
902,1,1
681293,1,1
2286671,3,3
20519000,2,2
23174439,3,3
12474623,3,3
6058,2,2
7124101,1,1
123170,2,2
6462,2,2
12352541,2,2
15309,3,3
16112413,2,2
41940431,1,1
30622633,2,2
25454950,1,1
28600081,1,1
533038,1,1
15873109,3,3
18490684,3,3
475444,3,3
7981382,2,2
9958,3,3
1117634,2,2
124853,1,1
257445,2,2
17668276,1,1
68524,2,2
9957,3,3
2578114,1,1
154091,2,2
6631750,2,2
16377,3,3
9657910,3,3
313260,3,3
386043,2,2
439065,3,3
11961425,2,1
158457,3,3
13639318,2,2
1137215,1,1
1274861,3,3
261604,1,1
13278125,2,2
6919721,1,1
10680329,3,3
1426558,3,3
2097938,2,2
795034,3,3
6892166,1,1
3788053,3,3
438078,1,1
124830,3,3
12898,2,2
36952615,3,3
684911,2,2
20262017,3,3
1063599,2,2
1090695,1,1
442918,1,1
62772,1,1
53925,1,1
13337716,2,2
25061922,2,2
11103746,1,1
6335684,1,1
15701217,1,1
22725443,3,3
772716,1,1
9442092,2,2
5221577,2,2
22215757,2,2
315519,3,3
1673731,3,3
821846,3,3
15547,3,3
6914139,2,2
28193,3,3
6916963,3,3
2612,3,3
158771,1,1
156538,2,2
4783632,3,3
129617,1,1
153875,2,2
283508,3,3
12987977,2,2
2315637,2,2
13183318,1,1
7307503,3,3
13674,2,2
2037406,1,1
6329322,2,2
117019,2,2
181437,1,1
125651,2,2
13533758,1,1
6495359,3,3
1656001,2,2
497499,3,3
1743390,3,3
311643,2,2
1024724,1,1
87280,2,2
7619178,2,2
1404466,1,1
28335696,1,1
20653500,2,2
5756191,1,1
34866611,3,3
543103,1,1
2651902,3,3
7907267,3,3
17826401,3,3
1814843,1,1
16158528,1,1
22518404,2,2
112277,1,1
12882328,1,1
8419647,3,3
1773771,1,1
186837,1,1
43841,3,3
1045912,1,1
9137763,3,3
1212946,1,1
7717157,1,1
596304,2,2
767478,1,1
1309943,3,3
194738,1,1
136171,2,2
19809,1,1
510030,1,1
923856,3,3
72929,2,2
34551009,1,1
21188,1,1
61943,3,3
16141991,1,1
8433044,1,1
15769,1,1
12204117,2,2
698609,1,1
331683,3,3
1564131,2,2
71784,1,1
2355575,1,1
19793,2,2
347698,1,1
9634643,1,1
11354475,3,3
108315,2,2
693172,3,3
11544476,1,1
3607394,3,3
55072,1,1
876360,2,2
15746808,2,2
23215457,2,2
20025,3,3
27326,3,3
668181,1,1
19001,2,2
45630,3,3
1563075,1,1
6381477,3,3
45256,1,1
2848491,3,3
344351,3,3
16076551,3,3
2290563,2,2
106807,2,2
609870,3,3
9642279,1,1
1304519,1,1
10792858,2,2
50831,2,2
207259,2,2
102459,3,3
6178470,1,1
92846,2,2
35063,3,3
19062,2,2
255049,1,1
950018,1,1
46941,2,2
37810456,3,3
15752115,1,1
24380140,1,1
6485092,1,1
5304,2,2
42927050,3,3
2909728,3,3
6696843,3,3
17707673,3,3
378366,3,3
32555,2,2
510070,2,2
568099,3,3
10890463,3,3
216048,2,2
28756,2,2
11378659,3,3
17278153,3,3
24694092,2,2
1193817,1,1
59647,3,3
117835,1,1
66370,3,3
601369,3,3
9077707,3,3
127438,3,3
203818,1,1
944334,2,2
1009886,2,2
23943137,1,1
9514033,2,2
17269359,2,2
22381065,2,2
138811,2,2
7812107,2,2
84030,3,3
74725,1,1
124223,2,2
3100159,2,2
10197857,2,2
11834447,3,3
787062,2,2
6375048,2,2
3133038,1,1
15660,3,3
62446,2,2
77392,1,1
118812,1,1
10255156,1,1
3345806,1,1
11074322,2,2
62005,1,1
880250,3,2
238460,3,3
1103965,2,2
215536,1,1
6752589,3,3
85826,1,1
153592,3,3
17313660,3,3
17283469,3,3
74731,2,2
152057,3,3
17781,1,1
21535019,2,2
265923,2,2
5290503,3,3
25304410,2,2
278794,3,3
8641129,1,1
7445700,2,2
10758214,3,3
77810,2,2
6301671,2,2
30842268,1,1
7090484,3,3
6419,3,3
613994,1,1
2140899,1,1
18400770,3,3
49570871,2,2
2110473,1,1
106197,1,1
56301,2,2
2344214,3,3
26207,2,2
12972654,1,1
13528381,2,2
47586,3,3
293561,1,1
15018642,2,2
21929043,3,3
16123199,3,3
25001951,3,3
57981,3,3
381280,3,3
21323,3,3
4438553,1,1
522776,3,3
12022733,3,3
350791,3,3
6181,2,2
141627,1,1
16074932,1,1
47989,2,2
6437016,3,3
8058301,2,2
40806,2,2
6553,2,1
190344,1,1
6489529,1,1
1164589,1,1
6478245,3,3
384579,3,3
16064396,2,2
9111100,1,1
17788681,1,1
28087,3,3
210435,3,3
13487029,1,1
7099273,1,1
1372600,3,3
17397495,3,3
1457464,1,1
12648447,2,2
24820291,2,2
1404411,2,2
8506085,2,2
113128,1,1
463263,2,2
19181,2,2
6472211,3,3
1955837,2,2
17137673,3,3
3595475,3,3
103525,1,1
33151805,1,1
17244702,1,1
14287,1,1
438492,3,3
769712,1,1
10819494,3,3
18210758,1,1
315039,2,2
1260719,2,2
21776496,3,3
10886612,2,2
8001,2,2
32822135,3,3
1989153,2,2
3276137,2,2
10800955,2,2
565837,1,1
8493643,3,3
77959,1,1
23346358,2,2
99329,2,2
752721,1,1
248682,2,2
655533,3,3
59503,3,3
28096541,3,3
127947,2,2
3047320,3,3
565356,3,3
27039478,2,2
301727,1,1
7277715,1,1
26711723,2,2
21043857,3,3
195016,1,1
7958,1,1
353303,1,1
8707554,2,2
7960053,1,1
18478946,1,1
9503573,2,2
7864437,2,2
871223,2,2
15161,1,1
17268741,1,1
21897475,2,2
7983,3,3
7600924,2,2
238479,1,1
2887157,1,1
49488,2,2
7583,3,3
296264,3,3
1121717,1,0
10335647,3,3
250792,3,3
9922,3,3
502301,2,2
51291,1,1
1622304,2,2
1689153,3,3
74787,1,1
1031422,2,2
16050504,1,1
744260,2,2
12510143,1,1
590560,2,2
317764,3,3
148365,2,2
116231,3,3
257333,2,2
8355689,3,3
495822,3,3
213367,2,2
1198205,2,2
824062,1,1
13505629,2,2
7015318,1,1
18693921,2,2
503019,1,1
17075214,3,3
17601,2,2
99894,3,3
18310407,2,2
82436,1,1
7823592,2,2
25068547,1,1
39934,1,1
140278,2,2
10042039,3,3
12015403,2,2
6989790,3,3
7619076,1,1
17846767,2,2
122731,2,2
68143,3,3
2985500,2,2
154808,1,1
35714190,2,2
16109045,1,1
5602828,1,1
6420578,3,3
7933615,3,3
24910211,1,1
999013,3,3
3334563,3,3
2338189,1,1
5711912,2,2
212332,2,2
579562,3,3
976,3,3
19081403,1,1
10184855,1,1
9998827,1,1
7039742,1,1
706150,2,2
15796469,1,1
764360,1,1
25570870,3,3
1809465,1,1
98532,3,3
34950852,1,1
76929,1,1
9587330,3,3
30364190,2,2
21245,2,2
2255284,3,3
9674335,3,3
21570571,2,2
447383,3,3
79513,3,3
949206,3,3
33947154,3,3
32203290,3,3
62851,2,2
9182317,3,3
8167094,2,2
24704,1,1
8204809,2,2
322662,1,1
13543100,2,2
237120,2,2
13521399,3,3
52142,2,2
1477299,2,2
391048,3,3
14426996,1,1
104189,2,2
11503582,3,3
8537,1,1
10108463,2,2
1095422,2,2
18594549,2,2
13596166,1,1
33098787,1,1
15757202,2,2
26117746,2,2
5640763,1,1
130730,3,3
35887567,1,1
6969549,3,3
25667474,3,3
17874546,3,3
20726924,2,2
209390,2,2
834670,3,3
112525,3,3
220937,3,3
6380822,1,1
7894437,2,2
752348,3,3
38030,3,3
68483,1,1
34928122,2,2
51078,3,2
486453,2,2
26150770,3,3
51944,1,1
6295267,1,1
34524,2,2
1266344,1,1
3929940,2,2
44950,3,3
400763,1,1
539282,3,3
6584,3,3
1078,1,1
1333429,1,1
729382,1,1
17861833,3,3
2487178,2,2
1284350,2,2
1008820,3,3
477520,3,3
122771,3,3
13354919,1,1
13631235,2,2
298827,2,2
32148570,2,2
65341,2,2
266782,2,2
14504,2,2
16109788,3,3
947965,3,3
2498187,1,1
10917,3,3
41434700,3,3
56728,2,2
80570,1,1
6353014,2,2
47693,1,1
17708622,3,3
27302922,3,3
110428,2,2
84592,2,2
18879761,2,2
16101135,3,3
31354,3,3
289727,3,3
2543866,1,1
389621,2,2
15798109,1,1
9612357,3,3
852885,3,3
949709,1,1
22522167,2,2
207577,2,2
987577,3,3
11381910,3,3
136405,3,3
7992477,2,2
418202,1,1
7417780,3,3
905264,3,3
10429092,1,1
1241048,2,2
30653853,3,3
1612302,2,2
8509122,3,3
16599,2,2
6314529,1,1
266485,3,3
6871031,3,3
738175,3,3
38232339,3,3
10728216,3,3
18634740,1,1
32534,3,3
1509760,3,3
515593,2,2
33885,3,3
18620040,2,2
217355,1,1
3276637,2,2
1677996,2,2
102113,1,1
3017948,1,1
26053362,2,2
409918,2,2
390063,1,1
8574,1,1
684559,1,1
482021,1,1
13622863,1,1
19070784,2,2
21106333,1,1
984840,3,3
87205,3,3
12093021,3,3
281573,3,3
851592,1,1
112286,3,3
10442127,2,2
861358,3,3
634446,1,1
16045953,3,3
11394,2,2
10711520,1,1
2054144,1,1
586124,1,1
21803375,3,3
41865,3,3
515431,1,1
2360064,3,3
4271,2,2
164531,1,1
35228012,2,2
1638068,2,2
40175,3,3
6552717,3,3
6359825,1,1
5979145,2,2
8928054,3,3
15724908,2,2
238141,3,3
5633771,2,2
28815371,1,1
6308079,3,3
1622,1,1
484549,2,2
10713851,2,2
7791679,1,1
1571436,2,2
8104355,3,3
40864790,3,3
11990677,2,2
9643425,2,2
773545,2,2
1201724,2,2
36061,3,3
125541,3,3
2658042,2,2
17337522,1,1
13224631,1,1
21416690,3,3
37339,1,1
7125230,2,2
18105451,1,1
16065602,3,2
185289,2,2
22772,2,2
10800916,3,3
18044415,1,1
5277415,3,3
359463,3,3
28733,1,1
522903,2,2
1091593,1,1
18881,1,1
24830026,2,2
335459,2,2
2864577,3,3
27066853,1,1
9757229,2,2
9144892,1,1
1811543,1,0
42870267,2,2
508098,2,2
588242,1,1
1637220,2,2
294285,1,1
359848,2,2
1450056,3,3
25332036,2,2
285941,1,1
6968772,2,2
7070067,1,1
49371810,2,2
12730051,1,1
36489672,1,1
368731,2,2
6558237,1,1
32509231,3,3
636647,3,3
74169,2,2
46165,1,1
212622,1,1
130479,1,1
12926807,2,2
54247,2,2
9713195,3,3
278701,1,1
13923,3,3
8702806,2,2
13235689,2,2
239105,3,3
313011,1,1
19700815,1,1
49737,1,1
36353103,2,2
406186,1,1
8949,1,1
10364135,3,3
780726,3,3
32956365,3,3
501590,3,3
13623719,2,2
158778,1,1
424760,2,2
16077,1,1
30189,2,1
71332,1,1
103171,1,1
9475197,1,1
296662,2,2
10790290,3,3
20491654,3,3
17251114,2,2
1123269,1,1
32807,1,1
256683,2,2
409995,3,3
8546358,3,3
324815,1,1
7327326,3,3
235875,3,3
921533,3,3
13584415,1,1
3575676,3,3
27583794,1,1
3324849,2,2
13065327,2,2
7507890,1,1
3436692,3,3
53495,2,2
16077954,1,1
13488198,3,3
25712838,2,2
5557086,1,1
11469379,3,3
2113260,3,3
17179167,1,1
13516163,3,3
5571,2,2
12040782,1,1
10565237,3,3
12363622,3,3
8396505,3,3
4134071,3,3
30644891,3,3
1088775,1,1
11527373,2,2
15801762,2,2
130081,1,1
3240083,3,3
139463,2,2
4143,2,2
87547,2,2
9518873,3,3
107821,1,1
41487,2,2
9642278,1,1
547094,2,2
13854,1,1
8174434,3,3
817417,3,3
3686,3,3
1485911,1,1
16120434,3,3
25446323,3,3
13376,2,2
13134,1,1
134353,1,1
340704,2,2
11890811,3,3
86447,2,2
10985449,3,3
2967943,1,1
17851885,3,3
3916451,2,2
1289866,3,3
18405346,2,2
50715,3,3
891593,1,1
169671,1,1
5136,1,1
699484,3,3
23507745,2,2
1214499,1,1
6698199,2,2
366580,1,1
25358831,1,1
928940,1,1
525544,1,1
407305,2,2
890210,2,2
11093329,3,3
420735,2,2
125564,3,3
5729,2,2
3188747,2,2
12749,1,1
523468,3,3
36307674,1,1
4071860,2,2
20933645,2,2
169413,1,1
22124901,3,3
6338964,2,2
25832342,2,2
50776,1,1
138395,2,2
102504,2,2
6931356,2,2
8949849,3,3
24524,2,2
227499,2,2
36804340,2,2
764225,1,1
1970527,2,2
9712341,3,3
11041,2,2
588508,2,2
17177607,3,3
129808,2,2
3396208,1,1
417549,3,3
11449,2,2
1306954,1,1
33151799,2,2
7138595,3,3
166430,1,1
129956,3,3
7123161,2,2
121645,2,2
891608,1,1
222127,1,1
18077900,2,2
22209849,3,3
1179759,2,2
194006,2,2
22552026,2,2
1129928,3,3
3474905,3,3
1846479,2,2
138396,1,1
1191702,3,3
105550,2,2
251547,2,2
47578,2,2
747060,1,1
6605722,3,3
539181,2,2
9999795,3,3
1948985,2,2
6255949,2,2
10537195,3,3
9658159,1,1
9516694,1,1
1793400,3,3
1074682,3,3
207034,2,2
2333,2,2
30122,3,3
127567,3,3
2888577,3,3
447,1,1
884288,1,1
8080749,1,1
17974243,3,3
7599243,3,3
29632240,2,2
1206158,1,1
1593668,1,1
129911,1,1
305262,1,1
18774919,3,3
47180,2,2
18265371,2,2
787546,2,2
31357,3,3
590962,1,1
4778436,3,3
31223816,1,1
3472342,3,3
5088467,2,2
5296,2,2
5055,2,2
3992598,2,2
26109094,1,1
10640020,3,3
596307,1,1
2208744,3,3
6962221,2,2
1599297,2,2
5211,2,2
13637470,3,3
16077527,2,2
202206,1,1
7629854,1,1
200963,1,1
121823,3,3
12663,1,1
191617,2,2
10948015,3,3
13815705,2,2
5556466,3,3
25875352,1,1
1442300,2,2
179681,2,2
15801468,3,3
1034241,2,2
1080657,1,1
313655,3,3
1034261,2,2
266384,3,3
5520873,2,2
359194,1,1
2536134,1,1
7243142,1,1
6428887,1,1
10429527,2,2
2058227,1,1
12451003,3,3
13623,2,2
174751,1,1
23357071,3,3
658,2,2
34381556,3,3
17333872,2,2
210919,3,3
13556699,1,1
4588949,3,3
16716,3,3
133518,2,2
7482,2,2
406404,1,1
44537,3,3
183922,3,3
780629,3,3
71997,3,3
1405569,1,1
65093,2,2
262545,3,3
83219,1,1
77287,1,1
169334,1,1
7214,1,1
6465063,1,1
537736,2,2
2917367,1,1
294924,2,2
2442,3,3
8526585,3,3
9568639,2,2
108077,2,2
10368067,3,3
15768409,1,1
27036528,3,3
34050917,1,1
4451,1,1
451063,2,2
25325798,2,2
282447,3,3
8173152,3,3
16099180,2,2
6850317,3,3
13615258,2,2
395524,2,2
22443909,3,3
12326644,1,1
74045,1,1
39088984,2,2
34381333,3,3
37912471,1,1
118017,2,2
10814,2,2
183656,3,3
611298,3,3
16299341,2,2
6719604,1,1
12432229,3,3
1624920,3,3
28268515,3,3
13490543,1,1
12823835,1,1
294395,2,2
28597,3,3
12122222,1,1
568094,1,1
143685,3,3
6839917,1,1
784470,2,2
17254348,1,1
17277814,1,1
64481,2,2
21942340,3,3
126609,1,1
15811495,2,2
18068693,3,3
2413344,2,2
13455553,1,1
12758871,2,2
3878183,1,1
102733,3,3
6952,3,3
112147,2,2
543494,1,1
911579,3,3
1863081,2,2
770038,3,3
263991,3,3
1294471,1,1
41710,3,3
4929705,3,3
12111823,1,1
20708771,3,3
54123,3,3
18304765,1,1
2449962,1,1
2323794,3,3
7134202,3,3
337825,3,3
154424,3,3
248876,2,2
17936957,3,3
18668059,1,1
1900702,1,1
1092572,1,1
758614,1,1
15790912,3,3
599963,3,3
596963,2,2
352985,3,3
27302332,1,1
1182034,3,3
7331942,2,2
399068,3,3
13640691,3,3
420967,1,1
29939047,2,2
23158340,3,3
25622780,3,3
2458709,2,2
18399828,3,3
24607,2,2
5122520,2,2
43574,1,1
1314537,3,3
701033,2,2
247178,2,2
8721183,2,2
15846228,1,1
8679140,3,3
183660,1,1
41834793,1,1
379701,2,2
16059450,2,2
12322,2,2
114187,2,2
18490595,1,1
145565,2,2
994232,3,3
266668,1,1
6752378,2,2
251979,3,3
23348129,2,2
27812298,3,3
48842144,2,2
5666555,2,2
233692,1,1
441665,2,2
784848,3,3
714341,3,3
59001,1,1
339339,2,2
22055262,1,1
52700725,2,2
67376,1,1
11381643,2,2
22504489,2,2
78,1,1
31160900,1,1
8349046,1,1
11234478,1,1
3167751,2,2
743357,2,2
488682,3,3
6177429,2,2
49382648,1,1
7607561,1,1
11359361,2,2
18388177,3,3
588747,3,3
206644,2,2
2304317,1,1
17792558,1,1
783291,2,2
6109239,3,3
553907,2,2
6855820,2,2
32498973,2,2
55813,2,2
50696,1,1
1304525,1,1
239395,2,2
5306,3,3
109244,2,2
40864804,1,1
20663749,1,1
275245,3,3
385250,2,2
43150,1,1
18394624,1,1
3755222,2,2
282778,2,2
7981,3,3
6905012,3,3
419083,3,3
6407014,2,2
1258333,2,2
8572630,3,3
34506937,1,1
6648001,1,1
4974052,2,2
799150,1,1
11968173,2,2
4494917,3,3
2031004,2,2
23277468,2,2
120822,2,2
6420,1,1
282440,2,2
8525299,1,1
19101283,3,3
668645,3,3
86009,1,1
11808950,2,2
6425120,3,3
22719550,2,2
50667,1,1
100957,2,2
148205,3,3
682793,2,2
3271565,3,2
2093404,2,2
5312124,3,3
121490,3,3
25877663,3,3
474740,1,1
331253,1,1
8452340,1,1
17206278,2,2
200335,2,2
7455256,2,2
113258,3,3
13829,2,2
48855342,1,1
39978,1,1
2659997,3,3
4338,3,3
710499,2,2
16331,3,3
6897048,1,1
65056,1,1
389741,1,1
8389671,1,1
6265685,3,3
22807509,2,2
6782465,2,2
18293427,3,3
17404695,2,2
496131,1,1
5575,3,3
17586508,3,3
579039,1,1
8713020,2,2
19454729,3,3
257962,2,2
90260,1,1
581126,2,2
17292676,3,3
547879,3,3
2076055,2,2
20359700,3,3
569618,2,2
13067231,3,3
5757794,3,3
14495404,3,3
3425041,2,2
88612,3,2
132643,3,3
532856,2,2
160588,2,2
7015403,1,1
87580,2,2
29546496,2,2
12054,3,3
815854,1,1
76336,2,2
13574635,3,3
169849,2,2
264339,3,3
6381236,3,3
5587960,3,3
130115,1,1
59822,3,3
1824193,2,2
206893,2,2
9898339,3,3
165555,3,3
1530097,3,3
4835,1,1
7069751,3,3
25553727,1,1
50035,3,3
825889,2,2
138068,1,1
2339514,3,3
603607,3,3
872468,3,3
13239822,3,2
15997064,2,2
84144,1,1
13007638,3,3
19380,1,1
54161,1,1
253047,3,3
13018503,3,3
11038323,1,1
127419,1,1
68529,1,1
26078816,2,2
387749,2,2
6393082,2,2
463423,1,1
7958727,2,2
25510906,3,3
29283884,1,1
8901953,2,2
68783,3,3
1060562,3,3
774088,2,2
48678296,3,3
106125,3,3
27845690,1,0
55442,3,3
13548152,1,1
325085,3,3
18773475,1,1
2430999,3,3
29794502,2,2
7685687,3,3
6658568,2,2
554437,3,3
7857695,2,2
34473,2,2
114281,1,1
7444024,2,2
856440,3,3
440358,2,2
543495,3,3
22475781,2,2
845977,3,3
67304,3,3
6724779,3,3
392337,3,3
16060302,3,3
748154,2,2
12730706,3,3
4863341,2,2
17675013,1,1
12621987,1,1
13261413,2,2
6420922,3,3
10836,2,2
19022707,1,1
2296584,2,2
10211423,2,2
432556,3,3
10929478,1,1
13350,3,3
2790866,3,3
16062210,2,2
14815112,2,2
13296330,2,2
76660,2,2
5197,3,3
13380138,3,3
22842257,2,2
778310,2,2
121419,1,1
420404,3,3
6090807,3,3
11328077,3,3
616783,2,2
630684,2,2
2843955,2,2
11083082,1,0
11210761,2,2
8608453,1,1
3265268,2,2
5887399,3,3
344199,1,1
11821539,2,2
131843,2,2
14333353,3,3
13593953,2,2
48577263,3,3
41880043,2,2
33590260,1,1
5310515,1,1
62540,3,3
1112665,2,2
48318,3,3
2123542,3,3
1241571,2,2
987508,1,1
262116,1,1
16143323,3,3
16069805,3,3
43352274,3,3
1054035,1,1
688833,1,1
76523,1,1
11503,3,3
13742264,3,3
23221,1,1
556136,3,3
182425,1,1
330721,1,1
3374236,1,1
92280,2,2
2922121,2,2
29744,3,3
964530,2,2
24187925,1,1
204097,3,3
25169466,1,1
145249,1,1
8138434,3,3
18689598,1,1
79484,2,2
10379191,3,3
12716613,2,2
35820656,2,2
6470037,3,3
13063098,1,1
151685,2,2
3222591,2,2
22875391,2,2
246056,3,3
6566955,1,1
7091370,1,1
11168429,3,3
20819208,3,3
20342617,1,1
18154705,3,3
15704485,3,3
12040447,3,3
3273744,1,1
164814,1,1
18332422,2,2
1254951,1,1
2670654,1,1
273790,2,2
27064348,2,2
9182478,1,1
16117160,3,3
17999135,2,2
6884938,1,1
129565,1,1
25574782,2,2
2452563,3,3
12787,3,3
557229,1,1
15811554,2,2
3577266,2,2
8460544,2,2
16124145,3,3
114701,3,3
17412093,3,3
875035,2,2
1404465,1,1
31216203,3,3
154387,2,2
526045,2,2
268016,1,1
24968,1,1
112077,2,2
12488384,1,1
843565,3,3
24484719,2,2
332350,3,3
422728,2,2
238961,3,3
263985,1,1
306090,1,1
20814989,3,3
10335329,2,2
1594681,2,2
20345202,3,3
27668,3,3
2834713,1,1
39983543,1,1
268402,3,3
273718,3,3
9449020,2,2
7944140,2,2
8274537,3,3
7656222,2,2
625605,1,1
13143456,2,2
12750296,3,3
17334266,1,1
13112869,1,1
102958,1,1
84586,2,2
65954,2,2
16130228,1,1
1938245,1,1
4583614,2,2
1907716,2,2
17571567,1,1
22609358,2,2
11698943,2,2
1337973,2,2
40096371,2,2
17349203,3,3
38564,3,3
30197201,3,3
13276602,1,1
8320840,2,2
1189399,3,3
7890058,2,2
499415,3,3
262856,1,1
1108888,1,1
179142,3,3
11447962,1,1
7992862,2,2
31869108,2,2
205194,1,1
5644886,2,2
7260188,3,3
11076123,3,3
17125,3,3
243604,2,2
1789979,3,2
9297774,1,1
6433665,3,3
25622850,2,2
25222064,2,2
874413,3,3
505453,1,1
2376087,1,1
1635715,1,1
2011,2,2
99230,1,1
326831,2,2
18339834,3,3
25490,3,3
8187210,2,2
57013,2,2
2146659,3,3
1304584,3,3
452244,2,2
6011758,3,3
75639,3,3
289066,1,1
131797,1,1
17262100,3,3
1565250,3,3
17277755,1,1
17739489,3,3
1052337,2,2
18258717,3,3
7743117,3,3
13246736,2,2
504698,1,1
85391,3,3
9432860,1,1
18282060,1,1
10302,3,3
8293107,3,3
21253714,1,1
1607446,3,3
881346,3,3
11089464,1,1
7576115,1,1
951060,2,2
1123469,3,3
22249765,2,2
171807,1,1
759175,3,3
292706,1,1
10472293,3,2
6326920,3,3
18387799,2,2
3036440,1,1
647924,3,3
234093,2,2
9015611,1,1
4542235,2,2
86062,1,1
84136,3,3
71582,2,2
18854,2,2
14963401,3,3
3128411,1,1
754587,3,3
259311,2,2
6117055,3,3
281350,2,2
397507,3,3
142050,1,1
334517,2,2
12165,2,2
19535135,1,1
25663961,3,3
7068985,1,1
30375,3,3
15707018,1,1
24529123,1,1
29102807,2,2
17158532,2,2
958277,3,3
2906039,1,1
373915,3,3
107666,1,1
1322450,1,1
765811,2,2
551932,1,1
34504732,2,2
39346,2,2
13500754,1,1
7053,1,1
2972472,3,3
9810413,3,3
1039917,3,3
364223,2,2
2320230,2,2
15812211,2,2
16720,2,2
16271,2,2
344721,2,2
1804074,1,1
24909,3,3
17934530,3,3
296942,3,3
354,1,1
3599149,3,3
14032,2,2
2110478,1,1
248510,1,1
298739,3,3
463378,2,2
231604,3,3
17409163,1,1
14388481,3,3
270805,1,1
294754,1,1
2321839,1,1
13505666,2,2
211099,2,2
724994,3,3
221688,3,3
18739024,3,3
25155127,2,2
17981458,3,3
8379305,2,2
702051,1,1
37450,1,1
17926775,2,2
59966,2,2
344262,1,1
11734251,2,2
279639,1,1
14289720,3,3
569564,1,1
1580497,1,1
23120782,3,3
1480082,2,2
17253860,3,3
129755,1,1
132376,1,1
77514,1,1
7293120,1,1
13345975,1,1
59102,3,3
525995,1,1
7157612,2,2
7278720,3,3
15018,3,3
362505,3,3
816735,1,1
173745,1,1
14769258,3,3
6659599,1,1
7657484,2,2
615234,2,2
43126457,1,1
23718993,3,3
791853,1,1
6657006,1,1
32856,1,1
395850,3,3
7747263,2,2
9761978,1,1
11388049,3,3
26863057,3,2
2288199,2,2
6242978,3,3
1032696,3,3
15748217,3,3
2340375,2,2
585134,1,1
1228814,2,2
11819981,1,1
453407,3,3
4820,3,3
1419166,1,1
953962,2,2
533998,2,2
538845,2,2
1110,1,1
1255781,3,3
102247,3,3
263082,3,3
141270,1,1
6000096,3,3
351711,3,3
497396,2,2
3392285,3,3
48124,2,2
729801,1,1
21801065,2,2
965170,3,3
18799225,3,3
312802,2,2
332402,3,3
298461,2,2
2243610,3,3
24738,2,2
164719,2,2
12387529,1,1
1824201,2,2
678269,2,2
414062,1,1
17920175,3,3
19370891,2,2
13563459,1,1
131116,1,1
42121526,2,2
15705011,3,3
17571466,1,1
9717,2,2
1020580,1,1
477605,3,3
17533,2,2
15820492,2,2
215540,3,3
888958,3,3
6759304,1,1
6037649,2,2
451037,1,1
2398517,2,2
6161568,1,1
3860977,2,2
201901,3,3
29906980,1,1
110692,2,2
6216433,2,2
1317696,1,1
10116927,3,3
805220,3,3
52309,1,1
27156669,1,1
13707659,2,2
1363590,2,2
84829,3,3
33597279,3,3
1003406,3,3
4042,1,1
402836,1,1
619154,1,1
9684523,3,3
27126,3,3
18656055,3,3
74274,3,3
14760527,1,1
457762,2,2
35513,1,1
8752885,2,2
2452401,2,1
25044288,1,1
979169,1,1
614768,1,1
10031,3,3
110331,1,1
526550,3,3
15433,2,2
122942,1,1
559777,3,3
43996,3,3
14781201,3,3
1238684,1,1
2729396,2,2
640029,1,1
10754265,3,3
1955398,2,2
242884,2,2
139087,2,2
25686927,2,2
15749382,3,3
7995199,3,3
1227407,2,2
108565,2,2
170622,2,2
35457416,2,2
12379256,3,3
3081255,2,2
8578027,2,2
189147,1,1
6202661,3,3
17200654,2,2
12759057,2,2
23591452,1,1
2806521,2,2
21063639,2,2
13513092,2,2
7744219,1,1
6120387,3,3
587359,1,1
10164937,3,3
6238944,1,1
13380221,1,1
21062,2,2
771577,3,3
1913599,3,3
51341533,3,3
8144897,3,3
4281399,2,2
9862342,2,2
8574333,1,1
16152988,1,1
9467341,2,2
12092105,1,1
1053073,2,2
3304,3,3
6943146,1,1
2180781,2,2
349990,3,3
1966358,3,3
149621,3,3
75410,2,2
1707791,2,2
105490,2,2
252,3,3
7932190,3,3
7230309,3,3
17846703,2,2
43175143,2,2
40287,1,1
23398649,3,3
21718,2,2
130900,1,1
42596091,1,1
16130141,3,3
311132,3,3
11653832,2,2
93134,1,1
36035175,3,3
2103,3,3
50849,1,1
149403,3,3
1442267,1,1
448644,1,1
948072,3,3
11557282,1,1
7939025,1,1
86312,2,2
61985,1,1
5851400,3,3
11990,1,1
9792034,1,1
2762880,3,3
115722,1,1
204,1,1
27261708,1,1
710826,3,3
35959740,2,2
1943742,2,2
397861,1,1
22186,3,3
289627,3,3
35259724,3,3
1201589,3,3
7997987,2,2
16080744,3,3
17288762,2,2
13605091,1,1
398129,1,1
46231,3,3
33516773,3,3
257054,2,2
34506917,1,1
36692478,1,1
43385933,3,3
28588459,3,3
178759,2,2
24765,3,3
25937835,2,2
1300391,1,1
118041,3,3
7056106,3,3
15702593,3,3
23279538,2,2
18052136,1,1
10170230,1,1
46018206,1,1
60220,3,2
489972,1,1
13115556,1,1
23278537,1,1
1110968,3,3
7101484,3,3
290039,2,2
49471895,2,2
36492488,2,2
2227528,2,2
292455,1,1
4781770,2,2
12609433,2,2
7027569,2,2
193659,3,3
24658,1,1
37586799,3,3
6561,1,1
937122,2,2
6434807,3,3
293505,1,1
23285659,3,3
30343,3,3
888620,1,1
511258,1,1
228067,2,2
22822932,2,2
6758423,2,2
9428981,3,3
445594,2,2
15762657,1,1
228669,3,3
9091814,1,1
410927,3,3
8616554,1,1
12578370,1,1
29241312,2,2
1560207,2,2
17157,3,3
143728,2,2
511239,3,3
11431896,1,1
1056157,3,3
108490,1,1
338069,1,1
28220985,1,1
21898627,3,3
8144675,3,3
62485,2,2
1038645,2,2
64222,1,1
112801,1,1
44930,3,3
3619279,2,2
7152212,3,3
26330759,3,3
837433,3,3
2729814,1,1
100065,1,1
18570069,2,2
10890,1,1
77711,1,1
7641961,3,3
6423085,1,1
546296,3,3
7968243,2,2
36193,1,1
3260326,2,2
20737002,1,1
24885747,3,3
35297394,1,1
1088664,3,3
138398,2,2
217883,3,3
4121672,3,3
14488058,2,2
888367,2,2
6938348,3,3
5063647,1,1
28696601,3,3
28393434,3,3
7901,1,1
17206996,3,3
143819,3,3
266661,2,2
355916,1,1
1079378,1,1
1824216,2,2
17612776,1,1
12788665,1,1
81966,2,2
1565561,3,3
8508770,3,3
12499290,3,3
798617,2,2
2888973,2,2
22231870,1,1
28736,3,3
67697,2,2
100909,2,2
43418329,2,2
84351,1,1
708432,2,2
79090,3,3
688975,2,2
2792649,2,2
468657,1,1
521118,3,3
28768,3,3
30196,3,3
30145679,2,2
383143,1,1
735321,3,3
11330361,2,2
349090,1,1
782832,3,2
156532,1,1
5047880,1,1
34941200,2,2
7862973,1,1
21405545,2,2
7530046,3,3
7015533,3,3
303502,1,1
769507,3,3
3676748,2,2
29718,2,2
16281055,2,2
14905,1,1
4020601,1,1
14625654,1,1
10680729,2,2
18392767,2,2
138897,2,2
13477676,2,2
16089223,1,1
153025,1,1
72469,1,1
6641635,1,1
6692041,2,2
27397,2,2
7884255,3,3
2183274,3,3
2091194,3,3
11979900,2,2
27774749,1,1
6329335,1,1
289232,1,1
3472480,2,2
24157,3,3
7628700,1,1
3062241,3,3
11702,3,3
17349076,2,2
1322303,2,2
30374784,1,1
4496091,2,2
762563,2,2
168496,2,2
23887,1,1
760312,3,3
401430,3,3
15818260,1,1
13193855,3,3
68768,3,3
244474,1,1
33123322,3,3
11042027,2,2
28575862,1,1
623381,1,1
24740030,2,2
1263042,2,2
149612,2,2
36465223,2,2
1113462,1,1
17304053,1,1
11225502,1,1
9719387,2,2
61536,2,2
448696,2,2
3785646,2,2
22848621,2,2
1211904,1,1
2278387,2,2
22857253,2,2
1918158,1,1
9858517,3,3
25150931,3,3
346268,2,2
7315439,3,3
17164521,3,3
11461394,1,1
3026588,2,2
1412055,1,1
427282,1,1
9532901,2,2
858726,1,1
99951,2,2
328854,2,2
43317482,3,2
39218044,2,2
7997,2,2
35069181,2,2
22013040,2,2
16183,2,2
114380,3,3
5996209,3,3
833550,1,1
820910,2,2
565149,2,2
17346298,3,3
23885,3,3
274014,1,1
19635,2,2
5553,2,2
178196,1,1
18080920,2,2
254704,2,2
175242,2,2
3293749,3,3
80110,3,3
261243,3,3
3154574,2,2
45045129,3,3
12283261,1,1
2306829,2,2
17259227,2,2
64552,2,2
17978443,2,2
136025,2,2
896880,1,1
1673447,3,3
2946450,1,1
35287817,3,3
77448,3,3
851993,1,1
410370,3,3
885349,3,3
4532622,1,1
13227454,3,3
6406018,2,2
34506,3,3
16118972,1,1
203288,2,2
35259631,2,2
460635,3,3
5768424,1,1
677378,2,2
12700306,3,3
8538301,2,2
2203,1,1
1225261,3,3
92578,2,2
265205,1,1
381489,2,2
13085313,3,3
377994,1,1
13050865,3,3
19468216,2,2
6257921,2,2
8131227,1,1
20903622,2,2
6240223,3,3
62992,2,2
13123724,3,3
30336,2,2
35454545,3,3
153479,3,3
1116977,3,3
156153,2,2
115476,3,3
690609,1,1
16107148,2,2
255263,3,3
131123,3,3
209690,3,3
846201,3,3
10638,1,1
9591276,1,1
25614994,1,1
33784283,3,3
851393,3,3
23007,2,2
15839976,1,1
10207851,3,3
572714,3,3
6024712,1,1
833060,3,3
109515,3,3
15808592,3,3
2295534,3,3
6334518,2,2
6316821,2,2
78208,2,2
193873,1,1
794502,1,1
13624139,1,1
16158611,2,2
238127,1,1
117566,3,3
307831,3,3
239918,3,3
759776,3,3
2177563,3,3
64818,3,3
10954417,3,3
102575,1,1
612188,2,2
183673,2,2
176755,2,2
436351,2,2
4704388,3,3
25997563,3,3
11476593,3,3
417807,3,3
1290068,1,1
162308,2,2
824728,1,1
102916,2,2
8127,1,1
44380,2,2
111646,2,2
39105,1,1
9722241,1,1
8559047,3,3
15744064,1,1
17570395,2,2
4904977,2,2
1598040,2,2
698054,2,2
12160887,1,1
481372,3,3
47730,2,2
23281789,2,2
16213,2,2
23251157,1,1
3295695,2,1
1424766,3,3
568175,3,3
46660,2,2
15991959,2,2
27470470,1,1
8608083,2,2
501635,1,1
15982689,3,3
1381000,1,1
606250,1,1
35530507,2,2
73966,3,3
33852393,1,1
252459,3,3
12104686,1,1
15790883,3,3
2635587,1,1
583948,3,3
6760388,1,1
18622130,3,3
1274,1,1
22859802,2,2
2643052,3,3
43369,2,2
18310809,2,2
48266,1,1
43885,2,2
78411,3,3
123598,1,1
34529,1,1
1002228,3,3
41088576,3,3
10090,2,2
10788918,2,2
26244626,1,1
67931,3,3
20706852,3,3
936610,1,1
452177,2,2
6287482,3,3
22703,2,2
36440205,2,2
22668848,1,1
137795,3,3
45882,1,1
1330814,1,1
106552,2,2
813198,3,3
6606855,1,1
1558232,3,3
6377037,1,1
5266667,3,3
29744910,1,1
10560331,2,2
12852651,2,2
264944,1,1
6783129,2,2
10814693,1,1
863250,2,2
775338,3,3
590747,2,2
613000,3,3
12640991,3,3
6963006,2,2
1422252,3,3
16085614,2,2
89358,3,3
1154601,2,2
33246331,3,3
36085,1,1
411199,2,2
6609548,2,2
212474,2,2
34568988,3,3
226197,1,1
383618,3,3
10400575,3,3
40400269,2,2
7200351,3,3
181858,3,3
557658,1,1
638689,3,3
38401,1,1
844422,2,2
279669,1,1
24814,1,1
2159225,2,2
15843186,1,1
8025911,1,1
31231,2,2
270658,3,3
116564,1,1
6713071,3,3
4845,2,2
23913,2,2
24583,3,3
13573576,1,1
6515858,3,3
51105,2,2
55352,2,2
24501994,1,1
22840148,2,2
2067180,3,3
46969,3,3
10147,3,3
1896346,3,3
216658,1,1
723558,3,3
1319,1,1
6668592,2,2
11861815,2,2
540489,1,1
13167818,1,1
32987,2,2
8963,2,1
2184798,3,3
11841,1,1
1237300,2,2
21523495,1,1
1044234,2,2
491087,1,1
6572846,1,1
1698713,2,2
109785,3,3
39943621,3,3
18554923,3,3
1395714,2,2
12996,2,2
12412151,3,3
31555,2,2
7191421,2,2
6971849,3,3
9420,2,2
12007,2,2
7937744,1,1
7077917,1,1
715060,3,3
99944,1,1
231558,1,1
8596181,2,2
1052648,1,1
542953,2,2
7572,1,1
478145,3,3
261670,2,2
345627,1,1
8926959,2,2
43799605,3,3
13532214,3,3
16532,2,2
11607,3,3
344580,3,3
140974,1,1
256145,3,3
19469,1,1
12666682,2,2
13594969,3,3
260042,2,2
1499163,3,3
285211,1,1
813710,3,3
3344411,2,2
2855751,3,3
294368,1,1
13563940,2,2
15778506,1,1
9196672,3,3
498022,3,3
2210839,1,1
938874,2,2
236093,1,1
2037808,2,2
242472,2,2
11607961,2,2
58922,1,1
414343,2,2
777108,1,1
19140641,1,1
165782,1,1
5989977,3,3
11816685,3,3
1329268,3,3
19401348,2,2
20551480,3,3
10374638,3,3
768313,3,3
230812,2,2
537375,1,1
9553,3,3
41081373,1,1
60937,1,1
7196830,1,1
928798,1,1
28004985,3,3
987031,2,2
7685281,3,2
12940305,2,2
6972351,3,3
45119,3,3
34504722,1,1
971670,2,2
13171072,3,3
6388946,2,2
36086513,2,2
10121801,3,3
24050,2,2
17227639,3,3
76403,3,3
862004,1,1
24761,1,1
85665,2,2
34128219,1,1
24337,2,2
49455,3,3
16074805,1,1
500463,3,3
1256318,1,1
22584,1,1
301820,1,1
890143,3,3
33609,2,2
390299,1,1
6681523,3,3
117054,2,2
2447,2,2
23527966,1,1
364089,3,3
29541508,3,3
3920088,2,2
1915341,3,3
11490714,2,2
10181760,2,2
616828,2,2
358149,1,1
15817031,3,3
2810453,1,1
27071490,2,2
4447622,3,3
34311452,3,3
817221,2,2
10799807,3,3
15748293,2,2
129603,2,2
36321,2,2
1809175,2,2
61887,3,3
987587,1,1
202650,3,3
2927626,1,1
6004932,3,3
7123240,2,2
188127,3,3
41817486,3,3
2316940,3,3
1217881,2,2
12840440,1,1
18667945,3,3
226490,2,2
112033,1,1
14030,2,2
26759,1,1
17415726,2,2
17193176,2,2
13604637,2,2
15014,2,2
15839984,2,2
87346,3,3
226738,3,3
30337170,1,1
283488,3,3
2159,2,2
223175,2,2
774829,3,3
180078,1,1
28106,1,1
34497,1,1
6308379,3,3
554672,2,2
352256,1,1
39305,1,1
918222,1,1
1328954,2,2
8192391,2,2
485129,1,1
22613,2,2
18281102,1,1
72758,3,3
412286,1,1
17378527,3,3
2047408,2,2
12853426,1,1
30005,2,2
11100829,1,1
33772812,3,3
181256,2,2
29663006,2,2
108064,1,1
7718013,2,2
846044,3,3
34301,3,3
11635834,1,1
491944,1,1
86938,2,2
8568032,3,3
18116,2,2
80156,3,3
7766027,3,3
12377344,1,0
1869,2,2
320859,3,3
45181,1,1
35402,3,3
54435156,1,1
857501,1,1
28335698,1,1
26123576,2,2
42931497,1,1
31450908,1,1
2174237,3,3
34832903,1,1
767171,3,3
100834,3,3
1871379,2,2
14384,1,1
91092,1,1
13529208,3,3
227778,2,2
21855601,1,1
6512154,2,2
11289743,3,3
9868970,1,1
376922,2,2
12557,1,1
239906,1,1
37190,2,2
48758,1,1
31450752,3,3
3116037,1,1
46227,1,1
8730566,2,2
35478658,2,2
10955056,2,2
5960207,1,1
25711599,2,2
15180457,1,1
7889692,3,3
35512560,3,3
7091453,1,1
1354396,1,1
17402288,3,3
34228372,3,3
42075068,1,1
8130013,3,3
43356955,3,3
11387392,1,1
102303,2,2
2050000,2,2
2139442,3,3
11569419,1,1
16030817,3,3
18190208,3,3
43198002,1,1
9031163,2,2
26401035,3,3
850385,3,3
18775483,2,2
121581,1,1
1347765,1,1
191113,1,1
23709594,1,1
9277335,1,1
278,3,3
15800043,3,3
12701409,2,2
1297201,2,2
18723,2,2
1442992,2,2
16119160,1,1
6163,1,1
43835549,2,2
14292144,3,3
140075,1,1
6779,1,1
2253258,3,3
1358247,3,3
817139,3,3
6401375,3,3
6567682,3,3
672492,2,2
5152561,3,3
2013,1,1
210243,3,3
10775606,2,2
16148435,1,1
20309175,3,3
25264909,3,3
6667784,3,3
2182,1,1
5148720,3,3
1033541,2,2
37435,2,2
107796,3,3
2054513,1,1
701937,1,1
767642,2,2
6460716,2,2
875643,1,1
420734,1,1
13943,2,2
254310,3,3
49461,3,3
121749,1,1
688097,3,3
34985,1,1
274868,2,2
13537640,2,2
156780,1,1
9454,2,2
502556,3,3
410632,2,2
84134,2,2
441046,3,3
480575,3,3
25952851,1,1
42156,2,2
816440,1,1
290569,1,1
77362,3,3
216160,1,1
23301545,1,1
941731,2,2
2227087,1,1
9408479,1,1
92138,1,1
5287473,2,2
157985,3,3
2172703,2,2
173403,3,3
77770,3,3
4830517,3,3
4015745,2,2
570668,2,2
20805606,3,3
17373746,2,1
1198700,1,1
16070256,3,3
128881,3,3
24862028,3,3
3112850,3,3
6559244,1,1
21531437,2,2
40189,1,1
2976142,2,2
6468337,1,1
17264519,3,3
299091,1,1
58957,1,1
195733,3,3
1431558,2,2
17611261,2,2
195450,3,3
175993,3,3
7906,3,3
3486235,3,3
397876,3,3
891586,1,1
112078,2,2
1428984,3,3
10176320,2,2
13552145,3,3
10847,1,1
42862101,1,1
6638377,1,1
651964,1,1
85301,2,2
872109,1,1
9845575,2,2
4360,3,3
20312462,3,3
7670580,1,1
3177784,2,2
18383197,3,3
10459088,3,3
8437538,3,3
6310629,3,3
6217361,1,1
22326,1,1
1560407,1,1
1527413,3,3
1527950,1,1
6460814,3,3
1846,1,1
948213,1,1
825830,2,2
22548,2,2
7957420,3,3
5344374,3,3
6584545,3,3
449241,2,2
285563,1,1
588937,2,2
6422238,1,1
348468,3,3
16074409,2,2
945144,3,3
2998,1,1
10119526,1,1
76237,2,2
114135,2,2
15757434,2,2
25030631,3,3
18060334,1,1
349947,2,2
584486,3,3
2037310,3,3
32638,3,3
13360101,1,1
206998,2,2
6516450,2,2
243360,3,3
13338730,2,2
362814,1,1
5957923,2,2
382419,3,3
12989100,1,1
13595639,2,2
6798947,1,1
69711,2,2
18869967,1,1
2700933,3,3
15808770,3,3
49607,3,3
826034,1,1
17271,1,1
6342603,3,3
7179547,3,3
81227,1,1
541802,1,1
6419114,1,1
21894435,1,1
6557546,1,1
6342602,2,2
1142757,2,2
2191151,2,2
6423124,1,1
19084669,1,1
663661,1,1
18334354,3,3
1444255,3,3
27246842,3,3
2530,3,3
36203664,2,2
1858013,1,1
216422,2,2
828114,1,1
152383,2,2
33828743,3,3
43930,2,2
45422326,2,2
3282831,1,1
68521,3,3
827,2,2
8151358,1,1
12439057,3,3
70489,3,3
8306745,1,1
437993,1,1
9866666,1,1
16514719,3,3
10245716,1,1
24979,2,2
69887,1,1
1504693,2,2
12266595,2,2
5036,2,2
23257157,2,2
425099,1,1
15752117,3,3
10383597,2,2
116012,1,1
531091,2,2
111516,1,1
9478000,2,2
107770,3,3
73810,2,2
7993952,3,3
413361,3,3
123106,1,1
6257480,2,2
7663760,2,2
31364,3,3
539185,2,2
17285883,1,1
6498356,3,3
137526,3,3
72694,1,1
681404,1,1
25452568,1,1
14291975,2,2
15985426,1,1
791345,1,1
219811,3,3
828140,2,2
924499,3,3
21796,3,3
713076,1,1
2479923,2,2
263147,1,1
12231253,3,3
15791120,2,2
18957343,3,3
169775,3,3
38019,2,2
82747,1,1
36621586,1,0
39028,3,3
16443661,1,1
9595,2,2
36389267,2,2
25897851,1,1
500998,1,1
24893479,3,3
6577773,2,2
524878,1,1
205218,1,1
18659364,1,1
10843755,3,3
1277464,2,2
179892,3,3
63024,2,2
49006,2,2
29206290,3,3
368250,1,1
13260060,3,3
12539636,1,1
836609,3,3
8696975,1,1
19898523,3,3
107315,2,2
8252,1,1
35517449,3,3
131693,3,3
18045490,1,1
182430,2,2
490403,3,3
96509,1,1
6540270,1,1
18490532,2,2
13424671,2,2
6699059,2,2
1660236,2,2
15751404,3,3
2723,3,3
78679,2,2
7101,2,2
1169859,2,2
38379,2,2
30285,1,1
3798703,1,1
363711,1,1
12962555,1,1
11693,3,3
6013511,1,1
1656179,1,1
7095831,1,1
16185,1,1
27777437,2,2
659578,2,2
270340,2,2
351653,2,2
13153950,1,1
119248,3,3
18144053,2,2
23164927,1,1
11967493,2,2
10345708,2,2
2866718,2,2
715215,2,2
162089,1,1
61538,1,1
305037,1,1
2200090,3,3
7114671,2,2
10649555,3,3
76341,3,3
395220,3,3
22379,1,1
6853,1,1
107082,2,2
7164005,1,1
13423215,1,1
6404356,3,3
10801335,1,1
605123,2,2
21681,2,2
32682,3,3
18730158,1,1
334356,3,3
10502331,2,2
1334790,2,2
8670332,1,1
279668,1,1
161657,2,2
6654104,2,2
7389741,3,3
45220,3,3
28764284,3,3
28954232,1,1
158458,1,1
230733,2,2
26595,1,1
41952489,1,1
221432,1,1
21413855,1,1
628955,1,1
18763135,1,1
215854,1,1
300041,1,1
17802724,2,2
28110305,2,2
21996359,3,3
30681,3,3
6675124,3,3
873201,1,1
40175491,3,3
170175,3,3
289783,2,2
21981841,1,1
7713232,1,1
13423169,1,1
15730340,1,1
8525631,3,2
57043,2,2
286801,1,1
18338464,1,1
414091,2,2
21795430,1,1
15047,1,1
6485421,2,2
5444895,1,1
10429067,1,1
382357,3,3
262966,2,2
19484,3,3
6589490,2,2
238662,2,2
32715,1,1
22551809,2,2
109961,3,3
207631,2,2
16051,1,1
12331767,2,2
17901125,1,1
26077060,1,1
53130039,2,2
7907274,2,2
6438463,2,2
17255435,1,1
24392720,1,1
68021,3,3
36058,3,3
6282143,3,3
18661755,1,1
6681627,3,3
266682,2,2
22958758,2,2
815760,2,2
13506029,3,3
528361,2,2
35758540,1,1
26348,1,1
209571,2,2
7826117,2,2
556084,1,1
1689454,2,2
20726481,1,1
22020598,3,3
153612,3,3
8884616,1,1
853258,3,3
16066588,3,3
359823,1,1
16002123,2,2
264447,3,3
774337,2,2
12977680,2,2
129650,3,2
330947,2,2
659759,2,2
6065645,3,3
16170424,3,3
5328535,2,2
6514109,2,2
315578,2,2
5288813,1,1
43374759,1,1
1026275,2,2
231917,3,3
22821553,1,1
7183267,1,1
12160906,2,2
362888,1,1
7741065,2,2
41703,3,3
6337253,2,2
3124122,3,3
256906,1,1
47615,1,1
526548,1,1
11468377,1,1
18750,3,3
24515,1,1
46212,2,2
10038674,3,3
38466467,3,3
52042,1,1
9481431,1,1
2238402,3,3
1022657,2,2
42848696,2,2
12381722,1,1
7937634,1,1
861991,1,1
27366528,3,3
43931,2,2
16101156,3,3
4776724,3,3
3661261,2,2
106393,3,3
27414431,1,1
368493,3,3
263171,3,3
169012,2,2
24904375,3,3
187060,3,3
18879990,1,1
15041842,3,3
1589635,1,1
576335,2,2
2169506,3,3
754619,2,2
10897866,1,1
6424184,2,2
1016314,1,1
12154335,1,1
546721,1,1
32523,1,1
43460271,3,3
12030880,1,1
137277,1,1
5628393,3,3
2322,2,2
77390,1,1
98250,2,2
298464,3,3
15800744,1,1
88667,1,1
22842711,2,2
231850,3,3
629625,1,1
6349976,2,2
987756,1,1
6276276,1,1
359824,1,1
7966,3,3
6644040,3,3
43717,1,1
2175442,1,1
17465443,3,3
2933268,2,2
11187861,1,1
28006096,2,2
27274328,3,3
1599845,3,3
12384984,2,2
117370,3,3
520111,1,1
20808947,2,2
1890387,2,2
977445,2,2
14648,1,1
28407752,1,1
105146,3,3
324748,2,2
2331988,3,3
754174,2,2
15767465,3,3
213026,2,2
10412,1,1
32590,3,3
11719,3,3
6586456,3,3
8369681,3,3
167604,2,2
20767918,1,1
17333325,3,3
10345642,3,3
403768,1,1
8491419,2,2
13665100,2,2
1416653,3,3
10191869,3,3
2188829,2,2
15909649,1,1
12822875,1,1
377163,3,3
3197145,1,1
13532194,3,3
625603,3,3
206855,2,2
39963794,3,3
251962,1,1
306364,1,1
7663,3,3
975429,2,2
195680,3,3
468116,1,1
1867640,3,3
24452922,3,3
880409,1,1
300946,2,2
511259,1,1
526764,2,2
320200,3,3
9774821,1,1
23664763,1,1
7306261,2,2
12319,2,2
6507754,1,1
221059,3,3
8100422,1,1
2461765,3,3
32929,3,3
26512,3,3
3347736,3,3
7491882,2,2
9221733,2,2
12408149,1,1
354258,2,2
3316103,1,0
820073,1,1
27202,3,3
1128670,1,1
13623149,2,2
6390652,2,2
9296438,1,0
759517,3,3
88514,1,1
18295858,1,1
3661373,2,2
337058,2,2
3689391,3,3
8428056,2,2
3581328,1,1
820966,2,2
17608111,2,2
29925,2,2
4770571,2,2
34506912,3,3
80754,2,2
8543,1,1
8069796,2,2
385530,3,3
1155314,3,3
1909590,3,3
11402993,1,1
128837,1,1
8803932,2,2
233820,1,1
34431,1,1
1542592,2,2
816070,1,1
12087835,2,2
12781,2,2
121655,1,1
2890308,1,1
13263220,2,2
23909755,1,1
143474,2,2
114129,1,1
937913,3,3
13139452,1,1
6519311,3,3
10221341,1,1
857705,2,1
35234740,3,3
17870014,3,3
93361,2,2
2375782,3,3
7908638,1,1
7723,2,2
4597394,3,3
3248580,1,1
63321,3,3
11765,2,2
13510123,1,1
16043804,1,1
828987,1,1
65336,2,2
5226845,1,1
12900491,1,1
47212,2,2
9756195,3,3
97402,3,3
780506,3,3
5996555,3,3
116826,3,3
13227874,2,2
5409442,3,3
6013895,2,2
250524,2,2
992866,1,1
320407,1,1
6681508,1,1
6691,2,2
783968,3,3
343881,3,3
33883,2,2
363752,1,1
33375622,1,1
2925639,2,2
22189,1,1
6476153,2,2
25981000,1,1
877229,2,2
3185046,3,3
96593,3,3
77197,3,3
276477,2,2
18054480,1,1
7600897,1,1
380609,1,1
4838255,1,1
9916356,1,1
7086974,3,2
190507,2,2
21805738,1,1
767955,2,2
87992,1,1
5168977,2,2
17573690,2,2
3291,2,2
7551838,2,2
6899530,3,3
73934,2,2
9027853,1,1
599588,3,3
722892,3,3
605878,2,2
23545708,1,1
85320,2,2
465904,2,2
42056,2,2
29564135,1,1
8471815,2,2
129510,1,1
223838,2,2
699692,2,2
775985,2,2
7224154,2,2
28913,1,1
2435800,2,2
378519,3,3
47533,1,1
564858,1,1
23688121,3,3
688986,3,3
7624594,1,1
20613439,1,1
94654,3,3
43562980,2,2
19081402,3,3
6933876,2,2
8466327,3,3
9917945,1,1
1715323,3,3
10498695,1,1
291252,2,2
16093551,3,3
721867,2,2
12157403,3,3
13605723,3,3
9018370,2,2
102955,3,3
13455112,1,1
97153,2,2
21853667,2,2
22525612,1,1
30280,2,2
25078,3,3
16071745,1,1
17823022,3,3
782095,3,3
61182,3,3
8724779,3,3
187650,3,3
231599,3,3
20347484,1,1
10455446,1,1
75416,2,2
24888,1,1
89585,1,1
1144907,1,1
31931941,1,1
13548222,1,1
11291472,1,1
17306736,2,2
3684856,1,1
6334,3,3
505352,2,2
25644601,1,1
5226180,3,3
49251,1,1
23194,3,3
9583247,2,2
105040,2,2
904812,3,3
11055784,1,1
6403092,1,1
10316626,2,2
6553733,3,3
220970,2,2
15717850,3,3
80678,2,2
14999965,2,2
862350,3,3
17702297,2,2
69392,1,1
852401,3,2
317024,3,3
29519517,3,3
11861715,3,3
219813,2,2
11231500,1,1
12195724,2,2
23374189,1,1
43078409,1,1
70105,3,3
8802454,3,3
23931,3,3
11547894,1,1
673941,1,1
288956,3,3
633850,1,1
17193158,2,2
442819,3,3
17840545,2,2
425137,2,2
10825286,2,2
25852784,2,2
76808,3,3
9754897,2,2
17671913,3,3
18111770,3,3
6214335,2,2
2342881,1,1
7832957,1,1
50902,2,2
145647,2,2
10574,1,1
7284118,3,3
5599045,3,3
18878,3,3
21704,3,3
641936,2,2
2223097,1,1
99111,2,2
293583,2,2
659622,3,3
397503,1,1
1043521,1,1
49980277,3,3
6408862,2,2
13223349,2,2
2587444,2,2
7137775,1,1
296587,2,2
6788489,2,2
49855409,2,2
8766710,2,2
662143,2,2
19214578,3,3
1611810,3,3
1865735,1,1
1542713,1,1
11737313,1,1
169992,2,2
1090318,3,3
18191952,2,2
1425260,2,2
16131120,2,2
6691426,3,3
17566814,2,2
6271032,3,3
13759,3,3
110387,1,1
17936925,1,1
3340980,2,2
172791,1,1
781301,2,2
20759641,3,3
440417,2,2
78978,3,3
862965,2,1
139855,1,1
1019924,3,3
47954,1,1
35265200,1,1
17671114,2,2
18935386,3,3
7767448,3,3
1199688,2,2
16372,1,1
30652105,3,3
30288282,3,3
6033480,1,1
161229,1,1
6600231,1,1
174682,1,1
2074730,1,1
19286623,1,1
13514519,1,0
17876,2,2
853510,1,1
132053,2,2
516074,3,3
43982054,1,1
459822,2,2
1098486,2,2
16165295,2,2
2632830,3,3
17287926,2,2
13616989,3,3
32337,1,1
3331431,3,3
49176,1,1
7720081,1,1
16127238,2,2
161426,2,2
5618698,3,3
4570679,2,2
6319978,1,1
11022222,2,2
7804289,3,3
12590,3,3
4621514,2,2
111027,2,2
981885,1,1
7704492,2,2
21837,3,3
80084,3,3
18811324,1,1
6455256,2,2
43212281,1,1
12727215,2,2
16122163,1,1
138551,1,1
102857,3,3
604117,1,1
88868,1,1
7356329,3,3
10677213,1,1
6065504,3,3
18799356,1,1
40691782,2,2
17932303,3,3
554773,2,2
8341567,3,3
41150498,1,1
1162543,3,3
953773,1,1
25688987,2,2
420733,1,1
10439434,3,3
351559,1,1
13088498,3,3
4932435,1,1
4499214,1,1
18594594,2,2
11557134,3,3
3156245,2,2
22864861,3,3
35071418,3,3
12617758,3,3
38255337,2,2
6559778,2,2
1279326,2,2
1241415,2,2
11280254,2,2
1247597,2,2
544424,1,1
27238719,2,2
279456,2,2
142573,3,3
5659537,3,3
13061,3,3
383350,2,2
1739647,3,3
152662,1,1
57485,1,1
7874158,3,3
841868,3,3
333314,2,2
724516,3,3
44488,3,2
143877,3,3
446513,3,3
25489185,2,2
390374,2,2
409014,3,3
498664,1,1
36158,2,2
9396154,1,1
865850,2,2
7982114,2,2
7551525,3,3
17905432,2,2
6590600,2,2
491578,2,2
424125,3,3
17910048,3,3
89717,3,3
16112809,2,2
18406862,1,1
859358,1,1
843099,3,3
7035,1,1
27246122,1,1
240835,3,3
152407,2,2
9013,3,3
8709525,2,2
489830,3,3
97800,1,1
817357,3,3
1821730,1,1
29158448,3,3
18304,2,2
18163019,2,2
593144,2,2
252838,2,2
234501,2,2
491199,2,2
5038,3,3
3665811,1,1
4187533,3,3
666758,3,3
24105713,3,3
366835,1,1
16002011,2,2
3656,3,3
192043,3,3
31322049,1,1
22022518,3,3
10149142,3,3
32443,3,3
52374,2,2
7131445,3,3
90574,2,2
5269697,3,3
10959277,2,2
14533359,1,1
3173125,3,3
54258,3,3
13812,1,1
6597651,2,2
10138607,1,1
2084211,2,2
117645,1,1
6623279,3,3
263021,2,2
37774,3,3
156441,3,3
43848929,1,1
566679,3,3
218637,2,2
33208115,3,3
2894731,1,1
116256,1,1
51077,2,2
399758,1,1
20995,3,3
443765,2,2
10269605,2,2
7788648,2,2
38469,2,2
24128,2,2
303472,3,3
1591,2,2
1857192,2,2
6324903,1,1
6064646,2,2
199795,1,1
15791131,3,3
92367,3,3
296866,3,3
8088,3,3
604799,1,1
10866880,2,2
140087,1,1
26119570,3,3
100142,1,1
26030734,3,3
1348222,2,2
12835,3,3
11915,2,2
41958,2,2
7815775,1,1
23864830,1,1
15712314,1,1
2191362,1,1
52761268,2,2
30841984,2,2
9799572,3,3
13077220,2,2
18104734,1,1
9860272,2,2
58,3,3
133240,1,1
54209,1,1
15984379,2,2
18134894,2,2
9429803,3,3
18662420,1,1
537107,2,2
7757584,3,3
767719,1,1
4723885,1,1
74130,2,2
12712914,2,2
872333,1,1
17563192,1,1
13549588,3,3
154869,1,1
54594,2,2
3121162,1,1
987302,1,1
1557369,3,3
12091089,2,2
633514,3,3
18839746,2,2
10365210,2,2
6371243,2,2
36373463,2,2
62802,2,2
563659,1,1
45546,1,1
42036534,3,3
23763,1,1
26255907,3,3
1187597,2,2
516784,1,1
35133922,2,2
8448478,3,3
15808322,1,1
3146634,1,1
15740944,3,3
5957313,1,1
727270,3,3
15735460,3,3
13494834,1,1
13347796,1,1
477,3,3
780866,2,2
601546,2,2
6398972,1,1
29794,1,1
959520,2,2
562991,3,3
18657122,3,3
17131869,2,2
32145,1,1
8089607,1,1
369110,1,1
22609024,2,2
4983,2,2
111285,2,2
10156330,3,3
542712,3,3
194630,3,3
47633,3,3
42670801,2,2
4696,2,2
13049981,3,3
311150,1,1
729553,2,2
7463288,2,2
233711,2,2
3398625,1,1
15954540,1,1
625094,2,2
3246541,1,1
116445,1,1
33820,1,1
10238952,3,3
4960402,1,1
58930,1,1
420704,3,3
550726,1,1
647492,3,3
879201,3,3
1722423,1,1
13110891,1,1
336228,2,2
7434464,3,3
636223,3,3
13274088,1,1
40221876,2,2
93376,3,3
7198269,2,2
3567200,3,3
18853059,3,3
9583227,1,1
41953154,3,3
10081055,1,1
67397,3,3
266204,1,1
417640,3,3
23866547,1,1
6012533,1,1
10574666,3,3
217884,1,1
291147,2,2
93728,2,2
61661,2,2
38647,1,1
71823,3,3
11320138,2,2
15775856,2,2
824508,3,3
116254,1,1
366914,1,1
19284270,3,3
11890974,3,3
13033,3,3
6013687,1,1
146104,2,2
4633,2,2
6203049,3,3
337151,1,1
176702,3,3
34988,3,3
310299,2,2
31303378,3,3
10751324,3,3
3284028,3,3
10818383,1,1
5327823,2,2
26198109,1,1
34504,3,3
24903031,3,3
42923,3,3
9592,1,1
25087746,2,2
730959,1,1
1000239,1,1
16247648,2,2
2369,1,1
5201089,3,3
466537,1,1
92967,2,2
17779550,3,3
22736613,1,1
10327048,2,2
2895813,3,3
218573,2,2
9499320,2,2
116236,1,1
6303859,1,1
34502,3,3
11991,2,2
16143326,1,1
9864913,3,3
1857440,2,2
8535273,2,2
209966,1,1
25131230,1,1
223797,1,1
219535,3,3
9783200,1,1
634291,1,1
887089,3,3
13477819,3,3
18081228,2,2
25448813,1,1
28390369,1,1
337019,3,3
15801226,1,1
25113747,3,3
2011708,3,3
389525,1,1
815716,2,2
17978961,3,3
72854,1,1
140422,2,2
78987,2,2
7039746,2,2
598117,2,2
13366,1,1
13188615,1,1
511227,1,1
55019,1,1
15954655,2,2
279665,2,2
692914,3,3
674260,2,2
17261185,2,2
10911,3,3
9271896,1,1
579581,1,1
684509,1,0
143137,1,1
2445116,1,1
12951695,3,3
25736973,3,3
21415754,1,1
1394155,2,2
781132,2,2
4497759,2,2
472920,3,3
3170458,2,2
10334012,3,3
8133077,1,1
22249668,2,2
3063499,2,2
125991,1,1
28217757,1,1
15803141,2,2
672262,2,2
38562,2,2
21539242,2,2
299085,2,2
18470470,3,3
42604,2,2
18134178,2,2
10022675,3,3
64467,1,1
8491354,1,1
348225,1,1
23651235,3,3
135046,3,3
96562,1,1
7332,1,1
11432,1,1
234336,2,2
25778505,3,3
6887333,2,2
25019,3,3
18938315,3,3
22910900,2,2
94799,1,1
72623,3,3
202948,2,2
2087365,2,2
89231,3,3
866160,1,1
688764,3,3
37822534,3,3
6567897,1,1
228486,2,2
1535459,2,2
9792287,1,1
18943004,2,2
1312766,2,2
2726437,1,1
861992,1,1
37493466,2,2
22206,3,3
1895792,2,2
900668,1,1
5599692,3,3
9266769,3,3
1115905,3,3
12476341,3,3
7203690,3,3
933231,3,3
22429350,3,3
10178918,1,1
101001,3,3
26074199,2,2
7422080,3,3
71622,3,3
2909599,3,3
41913,3,3
175094,3,3
23814,1,1
428263,2,2
23381707,3,3
6943892,3,3
81983,1,1
23317538,2,2
295169,2,2
13563050,3,3
44778083,3,3
63697,3,3
23611997,2,2
179166,1,1
189811,3,3
627206,3,3
2155167,1,0
20527133,1,1
17465707,3,3
5713780,1,1
855704,3,3
7968653,2,2
232268,2,2
19035609,1,1
13218385,1,1
342049,2,2
118494,2,2
13446343,1,1
146429,2,2
124469,2,2
8904408,1,1
10002866,3,3
17643,1,1
1454328,3,3
571555,3,3
11067979,2,2
33555224,2,2
296908,1,0
24838293,1,1
23156040,2,2
189288,2,2
6916800,3,3
47952,2,2
15845426,1,1
9534,2,2
6671719,2,2
7052663,2,2
158785,1,1
260791,2,2
6893353,3,3
28109,3,3
9010,1,1
83143,1,1
640097,2,2
13588404,2,2
1711389,1,1
415032,3,3
1275466,3,3
346518,1,1
104700,1,1
5982474,3,2
33296129,3,3
13551716,3,3
18089208,2,2
7355137,3,3
430456,3,3
9897164,1,1
359808,3,3
264205,3,3
9418145,2,2
22568547,2,2
570052,2,2
5954650,1,1
6479259,1,1
510569,2,2
17334079,2,2
40168,3,3
12296,3,3
894149,3,3
288962,2,2
5936327,3,3
122649,3,3
10067884,2,2
89352,3,3
91981,2,2
722134,1,1
418740,1,1
6665903,3,3
7936594,1,1
280499,1,1
27833683,2,2
20727654,2,2
6464110,3,3
5982447,2,2
355704,3,3
414306,3,3
2872,2,2
23772,3,3
7693853,1,1
5848,1,1
494785,1,1
1205985,2,2
398145,1,1
576147,3,3
177077,3,3
29919756,3,3
10535171,2,2
632710,1,1
11010251,2,2
672376,3,3
223313,1,1
25129233,1,1
972877,1,1
200722,2,2
527495,1,1
8044557,2,2
21795840,1,1
53931,3,3
831829,2,2
5981872,1,1
186337,2,2
1685075,1,1
81153,3,3
12560567,3,3
14744502,3,3
582533,1,1
772260,2,2
882212,2,2
125537,3,3
12369589,3,3
18493701,3,3
34739995,1,1
37619,2,2
25898599,1,0
12172,3,3
546807,3,3
11302216,1,1
352,3,3
93793,2,2
15781,3,3
11503995,2,2
34521785,3,3
2321296,1,1
11242368,3,3
4526591,3,3
1396111,1,1
10389150,3,3
6384247,1,1
4343353,1,1
7889419,2,2
229129,3,3
574102,3,3
37735,3,3
31352,2,2
805453,3,3
54847,2,2
11420521,2,2
580905,3,3
11324204,3,3
612426,1,1
6668868,2,2
176579,2,2
283101,2,2
1582996,2,2
2157324,2,2
398135,1,1
257647,1,1
8639945,2,2
18899776,3,3
17607,3,3
87986,3,3
8158992,3,3
13010571,2,2
31442336,3,3
328787,3,3
8892943,2,2
37539001,3,3
1844200,3,3
30597,3,3
417157,3,3
444560,1,1
13752,1,1
8487352,1,1
13115538,3,3
151697,3,3
837039,2,2
1357658,3,3
25059,2,2
20942,3,3
13493462,1,1
9554,3,3
136066,3,3
9260632,1,1
41716929,3,3
22566588,3,3
212993,3,3
1557362,3,3
133767,2,2
1252707,3,3
714569,1,1
7790308,2,2
236824,3,3
16130291,2,2
23721,3,3
12805349,3,3
74007,3,3
13521382,3,3
3845888,2,2
156599,3,3
32604387,3,3
13409405,3,3
33257757,2,2
128944,2,2
699709,1,1
4059448,3,3
1325761,1,1
28282323,1,1
36127456,2,2
6780522,1,1
634067,1,1
136636,3,3
748784,1,1
687744,1,1
1935296,2,2
35297265,1,1
773971,2,2
28052061,3,3
18965316,2,2
9418,1,1
345500,1,1
6821513,3,3
3241366,2,2
7739968,1,1
274618,3,3
7958702,1,1
24304,2,2
7553931,2,2
77239,1,1
17981514,3,3
615972,3,3
440753,3,3
14537978,3,3
11494,1,1
1799453,3,3
220748,3,3
509,3,3
4406,2,2
23411536,1,1
13157024,3,3
51113,3,3
7672,2,2
34513573,3,3
29431798,3,3
13125739,1,1
1146093,2,2
13330761,2,2
158141,2,2
20603407,3,3
95914,2,2
150739,3,3
2521936,1,1
1428175,1,1
43186831,3,3
7936932,2,2
1933181,1,1
140405,3,3
18460392,2,2
5132915,1,1
17287021,3,3
427067,3,3
21326,3,3
96629,3,3
6987558,2,2
13036575,3,3
749415,3,3
114206,3,3
8701129,3,3
16085482,1,1
8424017,3,3
2651779,1,1
17313873,2,2
198505,2,2
274056,1,1
25412978,3,3
61958,1,1
20946280,1,1
20926278,1,1
484122,3,3
17829764,3,3
11418574,1,1
353761,2,2
11186443,1,1
22232035,2,2
84487,2,2
228204,3,3
17846011,2,2
14358,1,1
557743,1,1
323170,3,3
29749098,2,2
22249707,1,1
2414750,2,2
901931,2,2
667196,3,3
244169,1,1
3006702,1,1
10817086,1,1
336717,2,2
31945240,3,3
5820384,1,1
303455,3,3
10194494,3,3
1013883,3,3
17707634,2,2
706254,2,2
298468,3,3
438024,3,3
4318,2,2
201817,1,1
78379,3,3
6611038,2,2
341865,3,3
13514612,1,1
2490879,1,1
32446,3,3
965343,1,1
16042447,3,3
30510,1,1
22509955,2,2
343061,3,3
8964,3,3
22056739,2,2
23261448,1,1
259912,2,2
1012317,1,1
1002498,1,1
78983,3,3
12387493,2,2
153789,2,2
13435623,2,2
34793,2,2
608412,1,1
33516772,3,3
6671690,3,3
8755776,2,2
44170,3,3
3197724,3,3
3468711,1,1
30245,1,1
13890,3,3
1157452,2,2
1027342,2,2
79006,1,1
8462396,3,3
30929,3,3
9440448,3,3
778304,1,1
8492907,1,1
17007,3,3
43587341,2,2
7840831,2,1
707633,1,1
23968,2,2
12691,2,2
336895,3,3
27300577,3,3
331319,2,2
92365,1,1
284440,3,3
744754,2,2
15698416,3,3
149302,3,3
3078805,2,2
761737,2,2
2391128,1,1
1206359,2,2
18113449,3,3
12337271,1,1
182465,2,2
352588,3,3
24244,1,1
25734248,1,1
13623150,1,1
211264,3,3
261521,3,3
213052,1,1
1138654,3,3
2049,1,1
9315614,1,1
17182499,3,3
9860784,3,3
1864050,1,1
23287159,3,3
6431790,2,2
28110852,1,1
18114540,1,1
14402206,3,3
7202831,3,3
342445,3,3
36301023,2,2
1488510,3,3
31125554,1,1
77618,3,3
12439063,3,3
34284,1,1
11091004,1,1
379013,2,2
868211,3,3
6609581,2,2
24522888,1,1
2001530,1,1
246546,1,1
12394565,1,1
27161826,1,1
5797,2,2
5819399,3,3
3084415,1,1
22594999,3,3
9592500,1,1
1996122,2,2
526869,2,2
6277793,2,2
15819606,2,2
31259,3,3
9264113,2,2
2069500,2,2
7890,2,2
106025,1,1
20980680,2,2
10430194,3,3
6450060,1,1
2178,3,3
721023,1,1
6774007,3,3
23203106,3,3
598495,3,3
35132746,1,1
1496,3,3
2113410,3,3
148811,1,1
142492,3,3
34527,1,1
14578857,2,2
469846,3,3
55020,1,1
83506,2,2
9471065,3,3
6394175,2,2
3532485,3,3
153193,1,1
6402364,2,2
9271388,2,2
35449431,2,2
16202167,2,2
9238506,3,3
353549,1,1
17334191,2,2
10330982,1,1
27241996,3,3
3090716,1,1
114549,1,1
604562,3,3
27261377,2,2
288958,3,3
600404,2,2
400148,3,3
1475250,1,1
16164271,2,2
3092778,3,3
887573,3,3
20075,3,3
356768,2,2
7265016,1,1
1044575,3,3
21469077,3,3
349283,1,1
2137,1,1
84073,1,1
59748,1,1
1676414,3,3
128585,3,3
12059093,2,2
11168297,3,3
206193,3,3
15473,1,1
39542,2,2
763589,1,1
283490,3,3
649396,3,3
3399370,3,3
11888804,2,2
20883450,1,1
2578867,2,2
42141,3,3
22315043,3,3
20734027,1,1
1294946,1,1
16137612,1,1
18079542,1,1
1100783,3,3
39716156,2,2
1257209,1,1
43528118,1,1
23995336,1,1
143555,3,3
9755769,3,3
1002873,1,1
147915,3,3
27268403,2,2
46207914,3,3
703055,3,3
6239025,1,1
6255144,2,2
574127,3,3
47510,1,1
77554,2,2
797298,1,1
529075,1,1
59829,3,3
16424,3,3
519546,2,2
5758016,2,2
1813077,2,2
148800,1,1
989862,3,3
2436099,3,3
586992,1,1
8949933,1,1
7010683,2,2
23269110,3,3
12957,1,1
599499,1,1
23434061,2,2
469193,2,2
793399,2,2
8949352,2,2
67930,3,3
3569961,3,3
19162293,2,2
8134469,3,3
208631,3,3
45032,1,1
66508,3,3
141036,3,3
38718152,2,2
48654,2,2
121173,2,2
25893817,1,1
105549,1,1
143727,2,2
15793036,1,1
41193,1,1
433567,3,3
688191,3,3
15770498,3,3
56341,2,2
66468,2,2
1058726,2,2
8501390,1,1
130312,3,3
3121124,3,3
8882815,2,2
28687,2,2
764782,2,2
913407,2,2
27208,2,2
6503656,2,2
41839602,2,2
71679,3,3
15882979,1,1
6962314,1,1
6573838,3,3
276796,3,3
17574849,1,1
138381,2,2
55650212,1,1
13456247,3,3
51070,1,1
61975,2,2
16101515,3,3
13599596,3,3
6192,1,1
3301759,3,3
13566041,1,1
43822081,1,1
218716,3,3
13580268,3,3
25943106,1,1
155329,3,3
11684657,3,3
713055,2,2
45110,3,3
15946128,1,1
77163,1,1
3085912,3,3
8643220,2,2
15849318,3,3
3955551,3,3
655570,2,2
14498145,3,3
16180,1,1
2748996,2,2
1104565,2,2
51670,1,1
80410,3,3
295650,3,3
94299,2,2
2896661,1,1
3112733,2,2
18828,3,3
19561922,3,3
420738,1,1
9750872,2,2
96861,2,2
194373,3,3
23267257,1,1
12906665,3,3
2170903,1,1
22193,3,3
2184267,3,3
944661,1,1
6456879,3,3
2747288,1,1
170619,2,2
8697204,1,1
1824202,1,1
312044,3,3
25944381,3,3
862018,3,3
1517854,1,1
310722,3,3
91661,3,3
32504,2,2
12280500,2,2
156812,1,1
529701,1,1
25104,2,2
13594352,1,1
16409,1,1
13064,2,2
6928893,2,2
7842404,1,1
61557,1,1
6909544,3,3
40090,1,1
13707734,3,3
20949,2,2
17167042,2,2
7633211,2,2
835623,2,2
760941,1,1
6293900,1,1
1005587,3,3
6440,2,2
79547,1,1
18401575,3,3
277207,3,3
4005310,3,3
10766509,2,2
370493,3,3
43401,2,2
100359,3,3
3048530,3,3
35706106,3,3
8662836,1,1
6723348,2,2
2090125,3,3
855084,2,2
256506,2,2
42603,3,3
10644631,3,3
6648595,1,1
84777,3,3
765810,2,2
21066604,2,2
13537184,1,1
11736574,3,3
22043862,2,2
1072949,2,2
2865,2,2
32255,2,2
6326486,2,2
1931595,3,3
969310,1,1
31202255,3,3
15771855,1,1
758400,2,2
2869119,1,1
10322436,1,1
10226245,1,1
17449247,3,3
637160,3,3
129877,2,2
876361,1,1
249,1,1
37474,1,1
630238,1,1
1191217,2,2
15783617,3,3
150749,3,3
101191,1,1
109245,3,3
5137,1,1
8543252,2,2
92160,2,2
25,3,3
875644,1,1
6687176,2,2
4172207,3,3
18809484,2,2
79909,2,2
27066722,1,1
261240,3,3
7790460,1,1
572385,3,3
757438,2,2
93947,1,1
13020,1,1
744786,1,1
11815016,1,1
15818041,3,3
35717446,3,3
7230583,1,1
1344150,1,1
92301,3,3
299514,3,3
144925,1,1
381989,3,3
25876993,1,1
10042006,1,1
11289676,1,1
462691,2,2
296182,1,1
62555,3,3
6421473,2,2
980010,3,3
970908,3,3
13637128,3,3
186444,1,1
7133770,3,3
17728782,3,3
12332141,3,3
2511677,2,2
22602343,1,1
26482,1,1
945276,2,2
513267,3,3
18300212,2,2
23228,2,2
25813942,1,1
6666394,1,1
29648,2,2
665,3,3
381102,1,1
64582,3,3
16536,1,1
1743208,3,3
8288246,3,3
24997064,3,3
10095135,2,2
6581511,1,1
46755,3,3
18017,3,3
7456085,2,2
9798310,2,2
51114,3,3
517190,3,3
5501505,1,1
720987,1,1
2946932,2,2
12988478,2,2
501910,1,1
24281477,1,1
220754,1,1
3483,1,1
11737081,3,3
18218495,3,3
6366437,3,3
24150,2,2
561456,1,1
252999,3,3
16700253,1,1
61931,1,1
7150174,2,2
16135463,3,3
253,3,3
1580910,1,1
57882,3,3
1564300,3,3
9858605,1,1
63038,1,1
7467055,2,2
14295,3,3
12530,1,1
5801741,3,3
7313304,3,3
68984,1,1
176827,3,3
13511668,3,3
6047138,2,2
77602,3,3
15812344,2,2
30347,2,2
1157541,1,1
26848202,3,3
31326,3,3
10372556,2,2
1316,1,1
24804101,2,2
465812,2,2
4597577,2,2
18160656,3,3
7715664,3,3
12950,3,3
325416,3,3
846984,1,1
125958,2,2
9969571,1,1
23269575,2,2
8965,2,2
124432,1,1
664947,1,1
80521,2,2
4674126,3,3
3395880,3,3
21532236,2,2
362145,2,2
18853321,1,1
5895933,1,1
15739863,3,3
569399,3,3
25480342,1,1
2090640,3,3
18053060,3,3
14376,1,1
12034734,3,3
1295023,1,1
82443,2,2
24271,3,3
194453,1,1
42080479,3,3
28866,2,2
13237327,2,2
21027,2,2
13789008,1,1
10465086,1,1
76525,2,2
377327,3,3
971435,3,3
105992,2,2
80674,2,2
2041545,3,3
18848210,2,2
6883161,3,3
220563,2,2
1993801,3,3
15197,2,2
38300,3,3
13619,2,2
12083233,1,1
192722,2,2
18624197,3,3
8957,3,3
9724798,2,2
197923,1,1
486319,2,2
935308,3,3
7872823,3,3
838126,2,2
1296444,2,2
22208238,2,2
6521868,3,3
23267873,2,2
8257810,3,3
124245,2,2
7675580,3,3
15768191,1,1
5938386,3,3
16111549,1,1
1174169,3,3
7261828,1,1
162921,2,2
2403360,3,3
23589119,1,1
7807446,1,1
496139,1,1
19025951,3,3
35156,2,2
866525,2,2
1689292,3,3
126081,3,3
21182,3,3
7043038,3,3
208159,3,3
28763485,1,1
6238460,1,1
579563,2,2
37638234,3,3
28747,1,1
144395,1,1
256598,1,1
9635098,2,2
1728551,3,3
17987085,2,2
6203318,1,1
23310175,1,1
18223628,2,2
8428139,1,1
23468,2,2
2787790,1,1
21412215,3,3
3284107,1,1
11210833,3,3
746936,2,2
7838364,2,2
18062640,3,3
16638274,3,3
10148340,3,3
44750,2,2
52609,3,3
88321,3,3
28664920,1,1
6294709,1,1
511263,3,3
43328,2,2
234335,2,2
25176,1,1
319405,1,1
20021,3,3
1030207,3,3
99208,2,2
65488,1,1
1422609,1,1
8660468,3,3
12739602,3,3
78082,3,3
1266297,3,3
17339738,1,1
12576078,3,3
6811221,1,1
244383,3,3
2878910,1,1
119264,2,2
7505716,1,1
49540,3,3
202061,1,1
25255576,1,1
386336,1,1
8764393,2,2
131624,2,2
123604,2,2
161887,3,3
304407,2,2
32510,2,2
777882,3,3
24611623,1,1
76976,3,3
7839024,1,1
341281,3,3
79766,3,3
351648,1,1
96123,1,1
762806,3,3
12591698,2,2
18146296,3,3
16100516,3,3
11464,3,3
345301,2,2
8248617,2,2
16322,2,2
36443315,1,1
143730,3,3
296576,1,1
173233,2,2
874762,2,2
275833,3,3
21406443,1,1
499252,2,2
1749940,1,1
330744,2,2
7948346,3,3
698079,1,1
3261275,3,3
22587955,1,1
12360678,3,3
15842441,2,2
65840,2,2
189369,1,1
10053157,3,3
880,2,2
77699,3,3
17368237,3,3
428520,2,2
92718,3,3
475037,2,2
7826116,2,2
822115,3,3
952687,2,1
6687247,1,1
348265,2,2
1384809,2,2
38723459,3,3
30008834,2,2
383666,3,3
833312,1,1
7841670,2,2
157055,1,1
11256293,2,2
25489429,1,1
78970,2,2
23361195,3,3
153224,1,1
944516,3,3
13563068,3,3
15771187,1,1
405724,2,2
39853536,2,2
6973772,2,2
8694389,3,3
17874367,3,3
17879095,1,1
179064,3,3
946001,2,2
383028,1,1
621184,2,2
126232,1,1
41184315,2,2
3220405,3,3
292367,3,3
4008,2,2
254351,1,1
397813,3,3
66553,1,1
680178,2,2
16790,2,2
10739,2,2
19391520,1,1
6484568,3,3
39402961,2,2
17900106,1,1
11324334,3,3
17348729,3,3
19824385,1,1
39097,2,2
2525855,3,3
13374,1,1
2690808,1,1
869609,3,3
20597658,1,1
114550,2,2
98413,1,1
625156,1,1
75579,1,1
267035,1,1
15723916,3,3
647954,2,2
7629,1,1
52670,1,1
209279,1,1
25657509,1,1
21794306,3,3
10080823,3,3
45169,2,2
6351887,3,3
43015,1,1
244100,3,3
7231,1,1
15988798,2,2
659002,2,2
357638,3,3
7292,2,2
7327100,2,2
146158,3,3
36260006,2,2
71847,2,2
6100797,1,1
194687,3,3
6054449,2,2
236974,2,2
165208,1,1
13562363,3,3
458034,1,1
67238,1,1
6503161,3,3
101715,2,2
104160,2,2
52350,3,3
24820700,1,1
241936,3,3
12414625,2,2
331708,2,2
530425,3,3
325779,1,1
12764606,2,2
40863452,1,0
24100,3,3
592806,3,3
25777957,2,2
46677,2,2
46987,3,3
1328721,1,1
1301,1,1
6358401,3,3
17341550,1,1
24152,2,1
80630,3,3
10955239,1,1
886229,2,2
1440362,2,2
61978,3,3
21060,2,2
126818,1,1
219740,3,3
17262236,2,2
5907,1,1
7060582,2,2
6002005,2,2
671719,3,3
156990,2,2
327847,2,2
3819326,1,1
30337,2,2
13590683,2,2
10852699,1,1
60075,2,2
47823,3,3
42883,2,2
114510,2,2
809248,2,2
6494601,2,2
81992,2,2
6613956,1,1
44236,3,3
12878300,1,1
266607,3,3
449573,3,3
13131108,1,1
10860071,1,1
6186357,3,3
37459167,2,2
129647,1,1
11858166,3,3
114496,2,2
494059,2,2
13698,1,1
22600,1,1
13615,3,3
842358,1,1
370799,2,2
5982448,1,1
32556,1,1
3805,2,2
30809786,2,2
747061,1,1
8026111,3,3
574027,3,3
6905534,3,3
7969452,3,3
20621114,2,2
93743,2,2
1717889,2,2
15746065,2,2
254520,3,3
42366189,3,3
264,1,1
49458,2,2
31538614,1,1
9415951,3,3
843989,1,1
41810,1,1
166912,1,1
5114,2,2
16029985,2,2
29243630,3,3
28600603,1,1
34051960,2,2
67,3,3
161000,2,2
295032,2,2
290389,2,2
3464,2,2
4992745,3,3
166982,3,3
28077464,2,2
7912007,2,2
122,1,1
9572372,2,2
347752,1,1
479415,2,2
2580855,3,3
18054175,3,3
14248,1,1
11532160,3,3
5552256,3,3
958851,3,3
6440071,3,3
807968,3,3
13066,1,1
310459,2,2
1007172,2,2
8171378,2,2
1223164,3,3
34879754,3,3
835638,2,2
1170470,3,3
8441754,2,2
103123,1,1
63033,2,2
2063563,3,3
904966,2,2
568592,2,2
1163880,3,3
388962,1,1
14426203,1,1
22357946,3,3
19395125,2,1
1013210,2,2
4213261,3,3
820273,3,3
47401,3,3
10684386,2,2
15852670,1,1
10407279,1,1
1966332,1,1
34885344,2,2
74455,1,1
394237,2,2
48760,2,2
15725485,3,3
28260564,2,2
35952941,3,3
24938699,2,2
23237685,3,3
1665656,3,3
11170428,2,2
179609,2,2
45420379,2,2
15752594,2,2
9042360,3,3
1950067,3,3
7700881,3,3
252783,2,2
230817,2,2
428042,1,1
5326,1,1
67724,1,1
18772075,1,1
1240131,3,3
207153,1,1
305440,3,3
10234747,2,2
10593913,3,3
6777616,3,3
6138530,3,3
402026,1,1
18693656,1,1
184794,1,1
30187,2,2
1240370,1,1
15726915,1,1
15718698,1,1
17201111,2,2
781110,3,3
33984056,1,1
11296523,1,1
3865030,2,1
2774428,3,3
2065091,1,1
408615,1,1
34851664,2,1
1031,3,3
327257,1,1
19314,1,1
11055130,3,3
4482960,2,2
25051,2,2
51179882,1,1
780889,1,0
278261,3,3
41210706,2,2
4701,2,2
15723025,3,3
10893175,1,1
3149089,1,1
21682,3,3
270537,1,1
15704567,1,1
4703259,1,1
5062,3,3
1798872,2,2
7092399,2,2
6525532,2,2
11590,2,2
21952189,3,3
9434882,2,2
7468160,3,3
62794,2,2
1199174,1,1
1898794,3,3
293981,3,3
2315892,1,1
72114,3,3
74023,3,3
734115,2,2
381602,3,3
975885,3,3
6590497,3,3
7993921,3,3
138680,2,2
146943,3,3
5478167,3,3
18623494,3,3
15577,3,3
212992,2,2
75493,2,2
9640383,2,2
21115,3,3
671724,1,1
22455541,1,0
128824,2,2
228296,2,2
6538,2,2
104608,2,2
12837646,2,2
35982,1,1
3407877,2,2
9567932,1,1
6454477,1,1
1048897,3,3
15761330,1,1
122482,2,2
8177852,2,2
1019742,2,2
16136176,3,3
18377974,1,1
13406425,3,3
882843,2,2
109715,2,2
238638,2,2
195211,1,1
17934399,2,2
8348904,2,2
34323570,3,3
696514,1,1
229432,1,1
9265891,3,3
8213686,2,2
1049070,1,1
40271,2,2
614884,3,3
240141,2,2
13083008,2,2
52318,1,0
2721318,1,1
6566558,3,3
65489,3,3
1058708,3,3
236357,2,2
2544797,2,2
28003,1,1
17829722,2,2
2314130,1,1
15608092,2,2
22012747,3,3
40929,1,1
25912332,3,3
98427,3,3
10815,3,3
765093,3,3
8276284,2,2
120526,2,2
62811,3,3
11594337,3,3
311840,3,3
75626,2,2
385,2,2
8673931,1,1
20388847,1,1
7217724,1,1
3950967,1,1
76844,2,2
77398,1,1
13017337,3,3
23019022,2,2
3430897,3,3
202197,2,1
289781,2,2
2136,3,3
80966,3,3
92625,2,2
2494990,1,1
161121,2,2
28953846,1,1
2731276,1,1
15793068,1,1
217248,3,3
13399046,1,1
6077869,1,1
23760197,1,1
22522202,2,2
15803757,2,2
33574161,1,1
5442108,3,3
11483834,2,2
19501672,3,3
45176456,1,1
18144105,1,1
42157,1,1
13027304,1,1
22360832,1,1
614467,2,2
24889,1,1
26480,2,2
13522,2,2
565335,2,2
22886110,2,2
108572,2,2
891814,2,2
11454587,3,3
13281637,1,1
332751,2,2
531989,1,1
16149498,1,1
307962,1,1
27071482,2,2
36086,2,2
29868610,1,1
82970,3,3
469959,2,2
13414963,1,1
7934326,1,1
2421744,2,2
420277,2,2
840610,1,1
123653,1,1
314926,3,3
15584,1,1
26192646,2,2
22571629,2,2
234934,1,1
7568452,3,3
539072,1,1
31157,1,1
356525,2,2
523761,3,3
39787527,1,1
33836972,3,3
537657,3,3
146108,1,1
135836,2,2
7998835,2,2
1658704,3,3
661210,2,2
30367813,2,2
2138601,1,1
123656,3,3
10139314,3,3
453835,1,1
89723,3,3
23245584,3,3
144285,3,3
13645069,1,1
8515574,2,2
9003854,2,2
114511,3,2
7865122,2,2
15937108,1,1
10471511,2,2
128752,1,1
71979,3,3
322006,1,1
7494,1,1
10342824,1,1
97963,3,3
18866743,2,2
748538,2,2
10805989,1,1
18773155,1,1
11021753,2,2
409637,3,3
855727,1,1
5454,2,2
999985,1,1
12681233,1,1
12680998,1,1
260578,3,3
86524,3,3
557211,2,2
722117,3,3
56759,3,3
193020,1,1
335015,2,2
17352874,1,1
1407711,1,1
16074843,1,1
3423435,2,2
1251032,1,1
2059987,3,3
8113297,3,3
685606,2,2
39280558,3,3
9792028,1,1
223428,1,0
10113974,2,2
13542560,3,3
10928584,1,1
768496,3,3
59664,3,3
7042951,1,1
29916072,1,1
18500148,2,2
97781,1,1
13402805,2,2
28425,3,3
31563982,3,3
11029892,2,2
7199828,2,2
1832894,3,3
8700172,1,1
271298,1,1
1839178,3,3
7519472,2,2
10097680,2,2
11572026,3,3
22303684,1,1
25573977,2,2
718804,1,1
17202502,2,2
6449208,3,3
11350120,2,2
252577,3,3
2294984,2,2
107105,3,3
3288140,3,3
7244114,2,2
164344,1,1
292049,3,3
560929,1,1
26857520,3,3
39030,2,2
23014767,2,2
7134467,3,3
34091026,2,2
69477,2,2
21031,3,3
715995,3,3
43702,1,1
142459,1,1
8130839,3,3
2694064,1,1
13202085,2,2
53498,2,2
60400,2,2
9864637,3,3
18285437,2,1
250113,2,2
749194,1,1
85957,3,3
8144743,3,3
17673620,2,2
104392,3,3
3980,1,1
169004,1,1
11709021,3,3
32708664,2,2
1713912,3,3
3342493,1,1
6875251,2,2
22129925,3,3
35858192,1,1
443845,3,3
15820642,3,3
20958632,2,2
17285989,1,1
23236763,3,3
6471550,3,3
768952,2,2
6596697,3,3
78249,1,1
23200514,3,3
41714333,2,2
150253,2,2
356321,2,2
12888602,3,3
4329619,2,2
57042,1,1
30223025,1,1
7144235,3,3
50750,3,3
17187773,1,1
1507006,1,1
2213336,1,1
22611804,1,1
18335162,1,1
15052,1,1
147908,1,1
44179,2,2
3398,1,1
18114060,1,1
558657,1,1
7938749,3,3
46945,3,3
31184479,2,2
9680718,3,3
15761358,2,2
10822857,3,3
138074,3,3
22571699,3,3
809294,3,3
3268926,2,2
766955,1,1
17621103,2,2
911868,1,1
359638,3,3
22543699,3,3
515057,1,1
36218967,1,1
291920,1,1
15791144,3,3
61179,2,2
462883,1,1
4315013,2,2
35026395,3,3
9662386,1,1
17309862,2,2
6661120,3,3
173325,3,3
167302,2,2
214579,2,2
820394,3,3
131179,1,1
6934395,3,3
5360,2,2
6517357,3,3
156867,1,1
668638,3,3
30762492,1,1
985386,2,2
20645098,1,1
38169,1,1
59715,3,3
6938085,1,1
744401,1,1
1557370,3,3
20761374,1,1
17378508,3,3
17675031,2,2
97001,1,1
12257347,1,1
12662207,3,3
7315153,3,3
165405,1,1
60748,3,3
3474186,3,3
8450235,1,1
1285413,3,3
13506171,3,3
19490,3,3
34322019,2,2
1553928,3,3
688976,1,1
20518786,3,3
15100,3,3
4264,2,2
6740756,3,3
293045,2,2
1168534,3,3
2270,3,3
7972098,2,2
176896,1,1
345474,1,1
1134023,1,1
1168440,3,3
9239571,2,2
239595,3,3
7263818,2,2
876732,3,3
1938528,1,1
1152410,3,3
77097,3,3
20749,2,2
1145570,2,2
13450545,2,1
126503,3,3
609731,2,2
13447981,2,2
226440,2,2
11455485,3,3
91201,2,2
85222,3,3
106888,2,2
99461,3,3
7241962,1,1
12872186,3,3
42279595,3,3
10561549,1,1
39739223,2,2
6878545,3,3
42641,3,3
3216451,2,2
22718736,2,2
265416,2,2
1299908,2,2
6488554,2,2
8719258,1,1
409583,3,3
16072999,1,1
616694,2,2
6600807,3,3
425100,1,1
873890,3,3
8576171,1,1
25807,2,2
23249649,1,1
27298,2,2
1703611,1,1
23349901,1,1
19604937,2,2
12959086,1,1
7012297,3,3
12360719,2,2
214091,3,3
15814383,3,3
6449596,3,3
18077769,3,3
13157446,3,3
6375845,1,1
2678,1,1
50731987,1,1
736116,2,2
16002669,2,2
467705,1,1
13586743,1,1
14062069,2,2
10165761,2,2
743812,3,3
650201,1,1
10048834,1,1
476017,2,2
8811892,2,2
35080212,1,1
17252895,3,3
35619967,2,2
16884,3,3
2412176,1,1
331920,3,3
60349,1,1
138453,3,3
44784,2,2
16948,2,2
8483904,1,1
13416093,2,1
6477793,3,3
11138230,3,3
23783832,3,3
30238163,1,1
879216,3,3
15529565,3,3
9583237,2,2
17383994,1,1
2367495,3,3
2439931,3,3
8462184,2,2
36315,1,1
10791807,1,1
36809135,2,2
2589061,2,2
153482,2,2
508225,2,2
23848461,1,1
16685,1,1
5500109,3,3
12009604,3,3
280412,3,3
250027,1,1
18210684,3,3
13222282,3,3
10799498,2,2
1862692,1,1
2187393,2,2
93180,3,3
18751827,1,1
174160,2,2
13584236,3,3
30230,3,3
12069434,1,1
11333985,2,2
34811,3,3
35365,3,3
484094,1,1
15862108,1,1
148905,1,1
155659,3,3
41667,3,3
12678461,2,2
46144864,2,2
39031,3,3
18079804,3,3
512644,3,3
66504,1,1
23432706,1,1
6287951,2,2
11983940,2,2
566082,2,2
306608,1,1
17383125,1,1
12578305,2,2
59836,1,1
13547188,2,2
8797,3,3
15519,3,3
2025150,1,1
25077593,3,3
372807,2,2
18273727,2,2
18336296,1,1
15704307,2,2
989140,3,3
13572813,2,2
84369,3,3
1099757,1,1
17206,1,1
3992020,2,2
8939770,3,3
227711,1,1
301438,2,2
159767,2,2
296302,3,3
68218,3,3
5231173,1,1
29237211,3,3
7202829,3,3
188897,3,3
7605246,3,3
21412246,1,1
7794447,1,1
17586475,1,1
57901,2,2
933549,2,2
87747,2,2
3980838,3,3
975953,3,3
225297,1,1
41423,1,1
18384116,3,3
365672,2,2
24768,2,2
2319370,2,2
17372057,2,2
11799123,1,1
1153501,2,1
135104,2,2
43255,3,3
3845819,3,3
18194121,1,1
9969857,2,2
157526,1,1
22573856,2,2
2332154,3,3
29999,2,2
181440,3,3
12546674,1,1
217008,2,2
566574,1,1
21841630,1,1
1108884,1,1
34348320,3,3
18718218,2,2
6493321,1,1
9975679,3,3
10118172,1,1
8152618,1,1
351023,3,3
78218,1,1
57658,1,1
181886,3,3
17726978,1,1
10305247,2,2
15754017,1,1
543061,2,2
31196,3,3
275474,1,1
25746613,2,2
118345,2,2
13542909,2,2
36127488,1,1
297909,2,2
1951714,1,1
932634,3,3
17286807,3,3
1263626,1,1
17289947,1,1
18685287,3,3
2801577,3,3
22741361,2,2
52380,3,3
382549,2,2
21686,3,3
990495,3,3
82531,1,1
1163472,3,3
476575,3,3
15808767,3,3
149610,1,1
8230409,2,2
18576,3,3
53524,3,3
7493619,3,3
5271066,1,1
218463,2,2
30010,1,1
12483882,1,1
34451,2,2
2124649,1,1
162612,3,3
46612,3,3
242800,2,2
239745,1,1
8122734,2,2
107774,3,3
732562,1,1
7125335,1,1
105638,2,2
7252256,3,3
904896,2,2
619873,3,3
497819,3,3
49813776,2,2
21936661,1,1
13531845,1,1
137791,2,2
1913655,3,3
213653,2,2
206955,1,1
1078408,2,2
550165,3,3
68260,3,3
10353369,1,1
18465496,2,2
247982,2,2
93258,3,3
6565080,3,3
13363788,1,1
10262157,1,1
6584188,1,1
1333320,3,3
6562748,2,2
6938271,3,3
8716,3,3
329957,1,1
65686,1,1
40180098,1,1
92559,3,3
20948114,2,2
485025,2,2
54364,2,2
32075842,2,2
64631,3,3
835,1,1
2447010,1,1
498428,2,2
6397405,3,3
297514,2,2
7739934,2,2
543339,3,3
3450744,2,2
27083865,1,1
1842,3,3
25365,2,2
113002,1,1
70539,3,3
16115,2,2
199781,2,2
13024589,1,1
823,3,3
34299,2,2
19916,1,1
92377,1,1
3762,2,2
225092,2,2
7453538,3,3
590461,1,1
3000014,1,1
31721,3,3
1362,2,2
6049239,3,3
766805,3,3
6581334,3,3
199635,3,3
414402,3,3
48741,1,1
2589417,2,2
18404310,1,1
2061279,3,3
7105495,1,1
744224,2,2
3026017,2,2
125545,3,3
25589,2,2
8182682,2,2
339026,3,3
432,1,1
20613761,1,1
1008649,3,3
10313480,1,1
186749,3,3
52823,3,3
27242000,3,3
73070,1,1
18079527,1,1
522888,2,2
1140987,3,3
79548,3,3
30068,3,3
847534,1,1
6240,2,2
348537,1,1
48623,3,3
181087,3,3
2220416,1,1
13521501,2,2
298230,1,1
30533129,3,3
6526143,3,3
867623,3,3
48577242,1,1
57913,1,1
958029,2,2
12901365,1,1
458479,3,3
22709310,1,1
66089,2,2
12408471,2,2
347577,2,2
41962,2,2
296125,2,2
17325147,3,3
1832906,3,3
48562,3,3
17860199,2,2
22892956,1,1
1292495,1,1
20580333,1,1
5497945,1,1
11003,1,1
42382,1,1
7507905,3,3
10579211,3,3
490667,2,2
7719324,3,3
414295,3,3
25793458,3,3
69930,1,1
12191366,3,3
3534884,1,1
7733054,1,1
698034,3,3
43323,1,1
4288998,2,2
8951,1,1
153806,3,3
1544565,2,2
7740772,1,1
519048,3,3
92084,3,3
7336903,2,2
282282,3,3
29396738,3,3
798148,2,2
152052,1,1
817378,2,2
9476292,2,2
21793182,2,2
256397,1,1
6599093,1,1
2591485,1,1
17437203,1,1
15817326,1,1
6578830,2,2
769080,1,1
67933,2,2
65716,2,2
1087173,1,1
1244267,3,3
748061,3,3
9303291,1,1
10081805,1,1
647683,1,1
16376,1,1
108385,2,2
76661,3,3
35297272,2,2
184591,3,3
10308452,2,2
5957044,2,2
13414984,1,1
526518,2,2
138165,2,2
7171882,1,1
15995762,3,3
355335,3,3
23251133,2,2
23002501,3,3
5711749,2,2
17457963,2,2
6443321,3,3
6149331,3,3
7023554,3,3
92855,3,3
30813401,3,3
390062,3,3
147039,3,3
9852877,3,3
1036717,1,1
40465,3,3
187809,1,1
92896,2,2
1087154,2,2
237186,1,1
51103,1,1
18108757,3,3
27973757,3,3
8534899,2,2
18310201,3,3
36341204,1,1
294045,3,3
86889,2,2
11781,3,3
7743801,3,3
31554,1,1
32262,1,1
868198,2,2
364284,2,2
104447,2,2
148639,2,2
142462,2,2
104627,2,2
316943,1,1
2931120,2,2
90664,2,2
11387535,3,3
8738884,1,1
1597669,3,3
26009668,3,3
102248,1,1
1074849,2,2
165070,3,3
254308,2,2
53086,1,1
13107661,3,3
17160008,3,3
24934065,1,1
3492020,1,1
963679,3,3
15791154,3,3
68571,3,3
57732,1,1
84074,2,2
13226217,2,2
596258,2,2
94669,2,2
4070493,1,1
34532,1,1
16089130,2,2
281577,3,3
13568595,3,3
16090309,1,1
23593610,2,2
34043643,1,1
7148778,2,2
710614,2,2
9343373,3,3
97751,3,3
24780,3,3
17286033,1,1
28827,3,3
918645,3,3
186074,1,1
43220998,1,1
13109352,1,1
25366,3,3
10365,2,2
32793046,3,3
1145587,2,2
2834214,1,1
15774058,3,3
100800,3,3
982310,2,2
106859,3,3
293973,3,3
23315843,3,3
44132735,1,1
1069576,2,2
639864,3,3
647,2,2
12389611,1,1
208913,1,1
7821892,2,2
85766,3,3
5656627,3,3
519112,1,1
10593918,1,1
25614298,1,1
10891889,1,1
233691,3,3
12039534,1,1
44652,2,2
451152,2,2
1720375,2,2
15501,3,3
7419758,2,2
2583921,2,2
28762,3,3
10386060,1,1
7661718,1,1
41451741,1,1
242956,1,1
40470,1,1
13155430,3,3
102461,2,2
401454,1,1
1491184,2,2
13888,2,2
849197,2,2
25337672,3,3
11344621,1,1
11592779,3,3
217718,2,2
1428,1,1
12075543,1,1
369400,3,3
17262203,3,3
36323798,2,2
129511,2,2
7500798,2,2
4899946,2,2
9677,1,1
18492859,3,3
11942639,3,3
18187013,1,1
1428043,1,1
15710999,3,3
6280118,2,2
24887441,3,3
153019,3,3
729876,3,3
18602406,1,1
25695527,1,1
3143472,1,1
10865075,1,1
27415371,1,1
119561,3,3
1292667,2,2
611859,1,1
52016138,1,1
11352798,1,1
2031518,3,3
15157488,3,3
658351,3,3
7790906,2,2
40379,2,2
76234,1,1
606926,1,1
215678,1,1
7235208,2,2
10087900,1,1
953401,1,1
293617,3,3
10122126,2,2
116020,3,3
10852202,3,3
17780,3,3
55477907,3,2
33954256,3,2
400016,3,3
671856,3,3
208723,1,1
2081569,2,2
300738,3,3
2773722,3,3
14565,2,2
455411,1,1
174722,1,1
9862761,2,2
177194,2,2
93839,2,2
424340,2,2
13605496,1,1
674220,2,2
1129911,3,3
18225810,1,1
180930,2,2
704609,2,2
1137151,1,1
6098855,1,1
11746102,3,3
6058042,2,2
62309,2,2
13997,3,3
35448,2,2
3453791,3,3
859806,1,1
5547182,3,3
173693,1,1
111402,3,3
17402872,1,1
3789901,1,1
6595962,3,3
18505815,3,3
14289261,3,3
6515206,3,3
15981709,1,1
953560,2,2
33020060,3,3
161806,3,3
82814,3,3
78457,3,3
328091,2,2
37486,2,2
8628126,3,3
9817692,2,2
9632856,2,2
12138494,3,3
1347837,3,3
50008,3,3
6240758,2,2
7026,1,1
13511036,3,3
19398,3,3
321982,2,2
8050160,3,3
377870,3,3
2009100,3,3
19189005,2,2
15744141,2,2
29799923,1,1
18222556,3,3
473846,1,1
22285,3,3
12618154,2,2
38486,1,1
218461,1,1
13458830,1,1
261923,1,1
66428,2,2
3099787,3,3
19448,1,1
77449,3,3
60929,1,1
573317,3,3
2120316,2,2
503156,2,2
331695,1,1
25189315,2,2
1420762,2,2
11808919,3,3
94702,3,3
156463,1,1
3070680,1,1
13667361,3,3
457841,1,1
10640275,3,3
7231086,2,2
1157924,2,2
16762211,1,1
8524429,2,2
5559,2,2
19578,3,3
60299,3,3
17788557,2,2
26098978,1,1
72199,1,1
68838,3,3
13664,2,2
39300133,2,2
17558829,2,2
272315,3,2
206856,3,3
1399452,3,3
13627199,1,1
313263,1,1
685579,1,1
24648636,2,2
16089105,2,2
272716,3,3
1249377,2,2
12147379,2,2
33883976,1,1
1444912,3,3
1462230,1,1
293951,2,2
159709,1,1
6375561,3,3
1044955,2,2
1259971,3,3
2974811,2,2
6702002,2,2
18114460,2,2
466371,3,3
10158656,1,1
328907,3,3
24883294,2,2
472543,3,3
21457243,3,3
257498,3,3
17268689,2,2
142023,3,3
101094,3,3
1981046,1,1
1651302,1,1
39705501,3,3
47697,3,3
574955,2,2
750130,2,2
6327989,1,1
29747,1,1
94062,2,2
6482981,1,1
26046,2,2
24885710,2,2
26196150,3,3
31625636,3,3
1383036,1,1
102030,3,3
209222,3,3
9630431,2,2
459386,1,1
39903598,3,3
6283478,1,1
286792,2,2
5576654,3,3
11842962,2,2
6617928,3,3
4893543,1,1
51029,2,2
297486,2,2
141560,1,1
422732,2,2
1562065,1,1
113946,2,2
17177675,2,2
15776687,2,2
28052452,1,1
92755,3,3
74271,2,2
12557776,1,1
6167746,1,1
12527,2,2
3260634,1,1
186924,1,1
24044,1,1
17375024,2,2
2414716,3,3
7580,1,1
391660,2,2
12389865,3,3
19101576,1,1
17226501,1,1
12858678,2,2
11455111,2,2
1557373,3,3
13487103,3,3
22609434,2,2
871284,2,2
82896,1,1
11850834,1,1
6792458,3,3
159444,3,3
23093359,1,1
9701,1,1
7199961,3,3
42592725,1,1
18029,2,2
36350024,2,2
593039,3,3
2047603,3,3
106128,1,1
1153951,1,1
10105459,2,2
34523154,1,1
13556964,3,3
569430,3,3
9790396,1,1
664372,2,2
830784,2,2
32852209,1,1
23524782,1,1
24390080,3,3
1771089,3,3
25295,3,3
119512,2,2
130352,1,1
210190,3,3
42927536,2,2
13628172,3,3
13504368,1,1
5598690,2,2
1998880,1,1
13589123,1,1
1114382,2,2
168561,2,2
274163,3,3
2788874,2,2
10768183,2,2
2956997,3,3
86658,1,1
183652,2,2
363632,1,1
10290243,1,1
13225387,2,2
41840754,1,1
3289281,1,1
3024863,3,3
1706113,3,3
1270311,3,3
99714,1,1
10931598,1,1
15704515,3,3
1528410,2,2
6791610,3,3
13072125,2,2
28547,2,2
78945,1,1
22469,3,3
8164,2,2
1129916,3,3
231869,1,1
49609750,1,1
2761171,1,1
199636,2,2
26934,3,3
6766226,2,2
343,3,3
6399288,2,2
430968,1,1
71047,1,1
181427,1,1
10786926,2,2
73188,3,3
253272,1,1
300678,1,1
185171,2,2
22465597,1,1
20638245,1,1
4701550,2,2
755301,2,2
435448,1,1
6340149,3,3
20736640,3,3
18004320,3,3
3339543,3,3
608907,3,3
15595,3,3
24874326,2,2
25358860,3,3
73687,2,2
17565517,2,2
10989,2,2
159056,1,1
391603,3,3
71405,3,3
5354,3,3
23533039,1,1
36676938,2,2
45386,3,3
2874429,1,1
13639050,1,1
29401094,3,3
557212,2,2
13025430,1,1
478628,2,2
119216,2,2
77844,3,3
73089,3,3
13226246,3,3
92780,2,2
2224451,2,2
26819691,1,1
7510,1,1
472580,1,1
473935,3,3
372160,2,2
23128304,2,2
6643581,2,2
5509920,1,1
25861860,3,3
662597,3,3
6137154,2,2
23257059,2,2
6570502,2,2
107021,2,2
23256424,1,1
53130,1,1
52722079,2,2
363405,1,1
150251,2,2
849915,2,2
264587,2,2
1708120,1,1
758784,2,2
9263,2,2
10901247,3,3
80447,3,3
20443235,1,1
20931089,3,3
78976,1,1
214614,2,2
481524,3,3
6625002,1,1
2340253,2,2
2502336,3,3
1829655,3,3
1620977,1,1
22798877,2,2
100786,3,3
86663,2,2
1250232,2,2
1298780,3,3
13644055,2,2
373606,1,1
25733990,3,3
16305,1,1
21536209,3,3
1017730,1,1
16425,2,2
16150830,2,2
1123827,1,1
15821325,2,2
10478391,1,1
4374400,3,3
19265116,3,3
13236938,2,2
3181986,2,2
15752308,3,3
205262,2,2
18143768,3,3
317697,3,3
7736327,1,1
2410506,1,1
1070527,3,3
7803,3,3
292868,1,1
16070018,3,3
9641078,3,3
35356380,3,3
13577579,2,2
10204213,1,1
2099596,3,3
13043180,3,3
8889142,2,2
17606014,2,2
421736,3,3
321353,1,1
6753,2,2
93448,1,1
2900133,2,2
10946420,2,2
564694,1,1
3865299,3,3
1576916,1,1
25901548,3,3
33295690,3,3
41818,2,2
118754,2,2
13542242,2,2
127586,3,3
20344952,3,3
5267365,1,1
363851,1,1
31324,1,1
239546,1,1
10119711,3,3
1212830,3,3
14744360,1,1
716097,1,1
10884,3,3
168400,1,1
325785,2,2
10168286,3,3
420415,2,2
12027429,2,2
128243,3,3
113015,3,3
7552700,2,2
37825410,1,1
669780,1,1
15742853,3,3
246,2,2
22609257,2,2
6329547,3,3
116982,3,3
7869,2,2
4834391,2,2
321552,3,3
18074107,2,2
58345,1,1
19488665,3,2
13729,1,1
595974,3,3
1158706,3,2
207694,2,2
47841,1,1
20714091,2,2
13562007,1,1
78250,2,2
103031,3,3
9486602,1,1
92570,1,1
229490,3,3
3973532,3,3
16176440,2,2
124929,1,1
47701,2,2
34813838,1,1
13056609,1,1
16163982,2,2
527744,3,3
127335,3,3
18619149,2,2
24640244,3,3
1055617,2,2
135892,3,3
19282222,2,2
5715231,2,2
43814,2,2
5739373,2,2
13650334,3,3
225669,1,1
10913,3,3
9462364,1,1
106373,2,2
8578533,1,1
127655,1,1
48019,3,3
41041602,2,2
10418404,2,2
352270,2,2
2135550,1,1
402014,2,2
15980677,3,3
9595650,1,1
823583,1,1
6406146,1,1
17491,1,1
1621217,3,3
6397351,1,1
2838820,1,1
22798836,3,3
7779059,2,2
23492589,3,3
18681071,2,2
999733,1,1
10033,1,1
36204876,1,1
40590294,3,3
169001,2,2
2999282,2,2
70490,3,3
9961622,3,3
455034,2,2
7971,3,3
17257993,1,1
14395,2,2
16041063,3,3
29456,2,2
13356649,3,3
2090400,2,2
420430,2,2
284524,2,2
119333,1,1
3507,1,1
213379,2,2
60211,3,3
17206085,1,1
248290,3,3
54814,2,2
291551,3,3
10202633,1,1
35961,3,3
4031386,3,3
245715,2,2
128277,2,2
7011879,3,3
19902529,3,3
35988,2,2
11178225,1,1
10066125,1,1
6478602,3,3
18090077,2,2
557389,3,3
1962363,2,2
16718,1,1
13624014,3,3
440777,2,2
17553217,3,3
40985,1,1
18692432,1,1
825419,3,3
10169662,3,3
156724,3,3
6606469,2,2
225804,2,2
17250,3,3
22522808,1,1
56405,3,3
511567,3,3
140088,1,1
248533,1,1
880388,2,2
32999129,3,3
28948581,3,3
15747245,3,3
7994,3,3
16136599,1,1
15773173,3,3
10907,3,3
28814842,3,3
43616139,3,3
195672,2,2
15050,3,3
25912206,1,1
169751,2,2
2501638,3,3
62482,1,1
6851258,2,2
15810848,2,2
6946225,3,3
35557661,2,2
18525,3,3
17054826,3,3
930701,2,2
6404621,2,2
962035,2,2
1480846,2,2
2274750,2,2
14142,1,1
22898,1,1
6862931,3,3
15713700,3,3
696991,3,3
8968323,2,2
765654,3,3
6659801,3,3
8739430,2,2
311308,1,1
24807186,3,3
171731,2,2
73385,3,3
547280,1,1
256754,3,3
11367731,1,1
99110,3,3
377889,2,2
530487,3,3
8175807,3,3
113310,1,1
6953778,2,2
79649,2,2
22593010,1,1
12609,1,1
763362,3,3
15774969,1,1
132336,2,2
16061295,2,2
34548,1,1
821355,3,3
38503,2,2
16054376,2,2
80176,2,2
41098,1,1
55453,3,3
415634,1,1
858152,3,3
8677448,1,1
203287,3,3
125523,3,3
199530,1,1
13497,3,3
1442574,2,2
1867344,2,2
8755785,1,1
18754110,2,2
181257,3,3
915341,1,1
121813,2,2
651901,1,1
750134,3,3
5248524,1,1
7863604,2,2
2299675,1,1
18008074,1,1
5697,3,3
7983832,1,1
13572601,2,2
5127683,2,2
34272476,2,2
34128285,1,1
313424,3,3
93739,2,2
9065265,3,3
17265216,3,3
11919653,1,1
8960470,1,1
32722510,3,3
696512,3,3
17340017,2,2
6920820,1,1
13577861,3,3
692763,2,2
173526,1,1
267122,1,1
6427,1,1
428854,2,2
31448061,2,2
21126975,2,2
5527,2,2
64948,2,2
45133792,3,3
10577,3,3
35164507,1,1
18223667,2,2
2376083,3,3
37477,3,3
12391660,2,2
6931439,2,2
1121526,2,2
125157,1,1
6497805,3,3
121807,2,2
6047213,1,1
8135793,2,2
18950867,2,2
2418888,2,2
44096,3,2
131304,2,2
847681,3,3
22314178,3,3
3637,1,1
2336299,1,1
80672,3,3
3368983,3,3
16081836,2,2
395464,2,2
28789711,3,3
6437544,3,3
109726,2,2
131191,2,1
16200303,2,2
1247213,2,2
1554,1,1
12474,2,2
7117958,3,3
100464,3,3
11700593,2,2
28954137,2,2
598815,3,3
6486273,3,3
11380935,1,1
295030,3,3
18039,3,3
6460649,3,3
34201164,1,1
18154,3,3
22202,2,2
38892853,3,3
10990,3,3
28686840,1,1
773606,2,2
53435293,3,3
444347,1,1
18081809,3,3
13221769,1,1
24611735,1,1
43074,1,1
176850,2,2
13265092,1,1
9780676,3,3
220068,1,1
567667,3,3
16143103,2,2
16078155,2,2
1203668,1,1
9596460,3,3
565595,2,2
4328865,2,2
3993839,1,1
3556696,1,1
458313,1,1
131358,3,3
5396496,1,1
1231511,1,1
4601396,3,3
17262735,3,3
18430594,1,1
741966,3,3
24306637,3,3
933562,1,1
30781490,3,3
21788,1,1
8272246,1,1
49824,3,3
980426,1,1
140260,2,2
8683812,3,3
12958037,3,3
854757,3,3
119382,1,1
2475768,1,0
4728380,3,3
357298,1,1
283489,2,2
3785843,2,2
9379496,2,2
288918,3,3
1188313,1,1
30341585,3,3
14910823,2,2
18725742,2,2
712820,2,2
24892572,3,3
883195,3,3
20082,2,2
42900,2,2
118690,1,1
491735,1,1
8086216,2,2
62837,1,1
29358514,2,2
4173112,2,2
159788,2,2
21822422,1,1
164783,2,2
951749,2,2
5148,1,1
1689657,2,2
9349915,1,1
11356211,2,2
39937,1,1
16218778,3,3
520723,2,2
186344,1,1
251838,3,2
482889,2,2
23215464,1,1
47559,1,1
177869,3,3
17679520,2,2
9533378,1,1
31818,3,3
9635439,3,3
49596,1,1
16091522,2,2
14940,3,3
166997,2,2
76982,1,1
10692829,1,1
32620304,1,1
179264,1,1
12993530,3,3
3430763,3,3
439980,2,2
312344,2,1
3351599,1,1
536707,2,2
6288362,1,1
13358,3,3
542606,3,3
109514,1,1
194852,1,1
372862,3,3
17662400,2,2
3034292,2,2
59963,1,1
5355,3,3
75003,2,2
52386,2,2
17261194,3,3
38102225,1,1
1367809,3,3
1112404,3,3
688972,2,2
916652,2,2
50039,2,2
6680441,2,2
11988046,3,3
1030717,1,1
251762,3,3
8822,1,1
7965123,1,1
18667437,2,2
3290542,3,3
3109,2,2
7706518,1,1
1150181,3,3
377347,3,3
25451264,2,2
868,2,2
115164,3,3
3637223,2,2
20313252,2,2
295107,1,1
18684615,3,3
186776,3,3
27829116,1,1
845099,2,2
29213520,3,3
1499988,2,2
8736477,1,1
11306942,2,2
1806174,2,2
17306969,3,3
57256,1,1
6933,1,1
16115612,3,3
980397,1,1
177360,2,2
436806,3,3
133268,1,1
115030,2,2
133237,3,3
4473,2,2
1507452,1,1
3164044,3,3
458995,3,3
29758019,2,2
8619814,2,2
735365,1,1
9370797,3,3
1198929,2,2
20311827,3,3
668637,1,0
12009,1,1
9347470,1,1
7148705,1,1
1948904,1,1
379160,3,3
14935061,3,3
57504,1,1
17774495,2,2
24931454,2,2
10075553,1,1
158420,3,3
18692431,3,3
237114,2,2
15552,2,2
76412,3,3
54340,2,2
5452,1,1
10793020,1,1
6608313,2,2
30153500,1,1
398479,2,2
341242,3,3
11468048,1,1
568310,2,2
887980,1,1
741238,1,1
17691262,3,3
30,3,3
17701717,3,3
16071748,2,2
34509,3,3
24218164,3,3
198259,1,1
46906,3,3
18114322,3,3
9329354,1,1
6908579,1,1
7111552,1,1
331429,3,3
24484737,1,1
17349273,2,2
49750,3,3
138069,1,1
4789658,2,2
8428115,3,3
780687,1,1
111050,1,1
15790868,3,3
823515,3,3
589979,1,1
74033,1,1
43835503,1,1
11501608,3,3
260776,1,1
12890,2,2
25251757,1,1
229033,2,2
22875082,3,3
366889,1,1
3032257,3,3
433027,1,1
9456,1,1
616678,1,1
5648871,2,2
17693362,3,3
1840511,3,3
22082972,1,1
22195,1,1
31194576,1,1
8017032,2,2
1698383,2,2
12924275,3,3
16131048,3,3
1367916,2,2
1017306,2,2
5902379,1,1
9373213,3,3
149348,3,3
3007030,3,3
4652,1,1
18206751,2,2
22635834,1,1
93959,1,1
145646,3,3
3437328,1,1
6315602,2,2
16155612,1,1
208909,1,1
35238,2,2
765609,1,1
13079313,2,2
3754016,1,1
6348864,3,3
9268487,2,2
5453,3,3
25372801,1,1
482977,2,2
7673,1,1
149847,3,3
100849,1,1
225691,1,1
11426,1,1
954674,3,3
4437202,3,3
163815,2,2
2332157,1,1
95377,1,1
10859323,2,2
463355,1,1
26021387,1,1
88335,1,1
68093,1,1
34023590,1,1
880488,3,3
36421066,3,3
6426,3,3
2635498,2,2
143586,2,2
676640,3,3
60411,2,2
34466922,3,3
4191,1,1
355620,1,1
6594367,1,1
29875363,3,3
1091478,2,2
2505836,3,3
6313707,2,2
16713,2,2
320012,1,1
19117,1,1
25855637,3,3
33300065,3,3
13139660,1,1
13644052,3,3
12725,1,1
10435319,3,3
17164179,2,2
28694,3,3
400897,1,1
6417058,3,3
2513007,2,2
22055878,2,2
7693649,2,2
17252954,1,1
31384,3,3
7827387,1,1
42486,1,1
6088255,1,1
10319826,3,3
6780702,1,1
8083820,3,3
8732281,2,2
181656,3,3
1324983,3,3
13614864,1,1
64680,2,2
5135,3,3
8909152,3,3
8551693,1,1
9068791,2,2
109788,1,1
17448960,1,1
30257963,1,1
676555,1,1
102462,3,3
20256612,2,2
483155,2,2
74462,1,1
26154406,1,1
16081717,3,3
57727,1,1
1523931,1,1
1138543,3,3
7761369,2,2
419562,2,2
1566705,1,1
1370363,2,2
11033808,2,2
687677,2,2
16113757,3,3
15818362,2,2
32148091,1,1
7342071,1,1
690926,3,3
29187,1,1
3307144,3,3
359826,1,1
2135201,1,1
428181,1,1
10718705,2,2
1111630,3,3
8721228,1,1
4569952,1,1
7502082,1,1
3526474,3,3
2398197,2,2
1258121,3,3
589995,3,3
2692615,2,2
159604,2,2
1001896,1,1
169354,3,3
2590041,3,3
761126,2,2
30036,1,1
7943089,1,1
1646160,2,2
16204119,1,1
18635040,1,1
168760,1,1
13,3,3
727543,2,2
8431116,1,1
6011949,2,2
116184,1,1
25350,1,1
5892849,2,2
6663818,3,3
236872,2,2
869907,1,1
9876989,2,1
38601540,1,1
2653622,1,1
875111,3,3
15735683,2,2
18946313,1,1
238784,2,2
32969999,2,2
169836,1,1
4195038,2,2
13560868,3,3
452306,1,1
10959251,3,3
455523,2,2
19311653,2,2
11991631,1,1
17347389,2,2
2761626,1,1
78269,1,1
376579,3,3
1254680,3,3
15822571,1,1
32424,2,2
9266776,1,1
2491571,1,1
297898,2,2
111831,2,2
288771,2,2
26875267,1,1
18114581,2,2
18279145,1,1
1873003,2,2
665158,3,3
38587288,1,1
9938498,3,3
7163871,3,3
12328286,1,1
53859,3,3
6071049,3,3
362591,1,1
184356,1,1
10662095,2,2
174764,3,3
667147,2,2
13517535,1,1
2191970,3,3
785947,2,2
12555,2,2
7171453,2,2
17888952,1,1
281572,3,3
37693,2,1
24073,3,3
8487363,1,1
272595,1,1
42117510,2,2
46190,2,2
227941,3,3
26089799,1,1
168350,3,3
16280717,1,1
1327767,3,3
128638,1,1
123706,2,2
227920,1,1
3613997,1,1
34210334,2,2
15750874,3,3
727664,3,3
9683902,1,1
43191440,2,2
4748644,3,3
10593071,2,2
23245312,2,2
837188,3,3
60934,1,1
9717691,2,2
30561,2,2
166580,1,1
18053086,1,1
24485939,3,3
1455501,1,1
16231263,3,3
39624,3,3
125507,2,2
7620565,1,1
258812,1,1
8572704,2,2
356728,2,2
513367,1,1
84004,3,3
15851746,1,1
5709572,1,1
188338,2,2
303460,3,3
1671049,2,2
293602,1,1
52588,3,3
29122,2,2
2255345,3,3
18053148,3,3
18505836,3,3
206472,1,1
35108805,2,2
34449,2,2
866983,1,1
520738,3,3
1020951,2,2
999655,1,1
53144646,2,2
226151,3,3
48796,2,2
982250,3,3
100629,3,3
12802858,1,1
9064899,3,3
557208,1,1
289747,2,2
232631,3,3
24779,2,2
627499,3,3
35458732,1,1
1774836,2,2
12987245,2,2
311151,2,2
899411,3,3
93101,3,3
991849,3,3
7104435,3,3
1091461,1,1
836475,3,3
14744489,1,1
11161887,3,3
114939,2,2
11875734,3,3
18249282,1,1
59415,3,3
194003,3,3
45252,2,2
5279254,1,1
1375,1,1
1425745,2,2
443956,2,2
26827865,2,2
831140,3,3
19642065,1,1
1937397,2,2
35411583,2,2
337623,1,1
4068710,3,3
6318223,3,3
198639,3,3
36269215,1,1
741481,3,3
15756420,3,3
27213121,1,1
12389880,1,1
226954,2,2
32258,1,1
271487,3,3
7727548,1,1
6006313,3,3
8366788,2,2
1057293,3,3
13135819,3,3
28407,3,3
54270,1,1
327742,3,3
182683,1,1
12279776,2,2
12727768,2,2
1014792,2,2
3222976,3,3
18464441,3,3
569050,2,2
420849,2,2
187812,1,1
57092,1,1
12021796,2,2
12605487,2,2
3558003,2,2
23944,2,2
922991,3,3
18789,3,3
19057,1,1
78216,2,2
108981,3,3
215492,3,3
6203295,3,3
7443012,3,3
7129468,2,2
20930843,2,2
1147988,3,3
684420,2,2
7098832,3,3
17288674,3,3
11660590,1,1
16123143,1,1
17928184,2,2
6571027,1,1
113796,1,1
21845122,2,2
7783191,1,1
484637,2,2
563795,1,1
168499,1,1
40665,1,1
68097,2,2
23574690,1,1
20517266,3,3
11684163,1,1
11966216,2,2
6621215,1,1
2014891,1,1
22727454,3,3
672961,3,3
1271501,1,1
860979,2,2
1700436,2,2
189096,3,3
41899,3,3
35575184,1,1
493566,2,2
228071,2,2
242936,2,2
979767,2,2
6356101,3,3
492490,3,3
248584,1,1
13144813,2,2
11306,1,1
1255833,1,1
9858488,1,1
42994020,1,1
28960224,3,3
5986375,3,3
199784,2,2
6056287,2,2
42633866,3,3
357296,2,2
72626,3,3
18332388,3,3
45685,2,2
8578673,2,2
23754,3,3
259020,3,3
12013,3,3
102117,3,3
12000129,3,3
463657,2,2
6970490,2,2
9150087,2,2
12075886,3,3
668026,1,1
9601,2,2
18104749,1,1
277,2,2
21539244,1,1
271199,2,2
3581,2,2
1618,2,2
31089,1,1
16161331,1,1
16044987,2,2
2646383,2,2
414096,2,2
10120780,1,1
205821,3,3
548739,1,1
16047677,3,3
31490,3,3
17924987,2,2
11962191,1,1
396606,1,1
22217702,3,3
40367270,3,3
178788,3,3
6933138,1,1
2167585,1,1
17839844,1,1
538859,1,1
18583825,1,1
15790833,2,2
3682,3,3
41861731,1,1
2198274,2,2
2050211,2,2
4279056,2,2
4735808,1,1
18132276,1,1
278129,3,3
836607,3,3
7876637,1,1
1056627,3,3
17925553,2,2
1870244,2,2
251519,1,1
2531571,2,2
381713,2,2
151755,3,3
18335634,1,1
4806,3,3
33555,2,2
9539,1,1
7048,1,1
13584313,2,2
836606,2,2
28799,1,1
43916,2,2
224787,2,2
127451,1,1
6773432,1,1
15810405,3,3
76865,3,3
578634,3,3
25978892,2,2
341336,3,3
543880,3,3
11568316,2,2
139880,2,2
2754510,2,2
1223288,3,3
36412584,3,3
538379,1,1
1876,3,3
851927,3,3
46559,2,2
2734278,2,2
3407541,3,3
21489641,1,1
624838,3,3
389707,2,2
19283880,1,1
18582309,1,1
4065912,3,3
11156963,3,3
1737993,1,1
7966861,2,2
14740456,1,1
10445208,2,2
14748,3,3
998988,1,1
22674105,2,2
3024831,2,2
11575620,1,1
15721051,2,2
6917482,1,1
28863,3,3
14802438,3,3
672493,1,1
6584140,3,3
15576,3,3
32110,1,1
8244468,2,2
189335,1,1
13142835,1,1
15709104,1,1
438452,3,3
13568,2,2
13614836,3,3
359995,3,2
131525,1,1
534258,3,3
241823,2,2
278099,1,1
2513286,2,2
2440645,2,2
182496,3,3
769212,3,3
496875,3,3
317159,1,1
272859,3,3
1967472,2,2
23431912,2,2
16194369,1,1
37527,3,3
1702058,2,2
1906946,2,1
13075513,2,2
324737,2,2
43350554,1,1
17910124,2,2
1183352,2,2
864432,2,2
38412,2,2
707088,2,2
4307253,3,3
23398925,1,1
70878,1,1
29499458,3,3
225947,2,2
1097911,3,3
22046891,2,2
10218,2,2
9296626,2,2
133380,1,1
5932,3,3
16172,2,2
6234910,3,3
6052079,2,2
35648165,1,1
18142403,3,3
7760895,3,3
1617875,1,1
575830,1,1
7929317,1,1
15750610,2,2
25053272,2,2
10390269,3,3
981674,2,2
1375114,1,1
7818881,3,3
5886881,2,2
25155747,1,1
35721089,1,1
10841337,2,2
18943,3,3
7884898,2,2
39392,2,2
353938,1,1
6340346,3,3
4580,2,2
3295696,3,3
944294,3,3
8357992,1,1
3294483,1,1
852922,1,1
1879966,2,2
7897851,2,2
10109832,3,3
255685,2,2
2051840,1,1
196927,2,2
667234,3,3
194611,2,2
136989,2,2
81078,3,3
85306,3,3
25002110,2,2
10706120,1,1
275237,1,1
7695240,1,1
166795,1,1
14480004,2,2
33477,2,2
21916526,3,3
10883,3,3
6357882,2,2
8966,1,1
462706,3,3
25893693,3,3
63461,2,2
817982,2,2
774726,1,1
3698,2,2
2396827,3,3
156234,3,3
22929578,1,1
16349,1,1
5519759,1,1
181494,2,2
6097180,2,2
13588394,1,1
5531637,3,3
17249189,3,3
2884758,2,2
8835897,3,3
33113864,2,2
375711,3,3
1384415,2,2
592167,2,2
17017077,3,3
18149630,3,3
442347,2,2
16173923,3,3
114944,1,1
50856,2,2
29939148,3,3
55482749,3,3
30224,3,3
16180723,1,1
544595,2,2
95661,1,0
1014879,3,3
5168,1,1
1951720,1,1
539025,2,2
7597816,2,2
32940857,3,3
378000,1,1
10309013,2,2
14456,1,1
226868,1,1
4103283,2,2
187117,2,2
323944,2,2
884204,3,3
9187459,2,2
286491,1,1
2092284,2,2
38389488,2,2
454600,3,3
30659,3,3
334442,1,1
13177880,3,3
1218934,1,1
2967316,3,3
68597,1,1
8542,1,1
9970421,3,3
290648,1,1
215707,3,3
27068734,2,2
436562,2,2
12201,3,3
974724,2,2
31280904,2,2
28374007,3,3
240236,3,3
23310161,3,3
9394010,2,2
12875436,1,1
141495,3,3
146160,3,3
10049966,2,2
142262,1,1
15818083,1,1
267869,1,1
17195164,3,3
7041144,2,2
472025,2,2
15841863,2,2
43808,2,2
369005,2,2
18131119,1,1
3224378,1,1
170136,1,1
106613,1,1
16738,3,3
11498,1,1
1115872,1,1
11573,3,3
111902,3,3
1806178,3,3
1621228,3,3
26891268,3,3
17412749,3,3
9572203,3,3
28755320,3,3
476909,1,1
16045144,2,2
12509791,2,2
316378,1,1
275470,1,1
20705702,1,1
9826870,1,1
272869,2,2
84785,2,2
7734264,2,2
882649,3,3
275600,2,2
54827,1,1
8926934,2,2
163597,3,3
16157097,3,3
20579287,2,2
6726353,1,1
1186155,3,3
32078,2,2
210946,1,1
92303,3,3
177076,1,1
12866296,1,1
8793878,1,1
67825,3,2
15702859,1,1
302625,3,3
808926,1,1
31148884,2,2
12267664,1,1
9928818,1,1
690210,1,1
2318244,1,1
141152,2,2
106584,3,3
80989,1,1
59845,1,1
272799,1,1
2838797,2,2
1285705,2,2
15774706,1,1
6419180,1,1
2334751,1,1
13415323,1,1
1228638,3,3
18754663,3,3
2154433,3,3
15564,1,1
858719,2,2
3047848,1,1
12476820,2,1
13260536,1,1
922119,1,1
78418,2,2
33229330,3,3
133738,1,1
346692,1,1
15832932,1,1
24833801,3,3
85894,1,1
113205,3,3
390305,1,1
303615,1,1
503488,3,3
6266907,2,2
282240,1,1
2757915,1,1
14423057,1,1
64949,3,3
1542681,2,2
37741,3,3
356824,2,2
368468,2,2
30229,1,1
13033042,3,3
6192376,3,3
29904219,3,3
7506363,1,1
109367,3,3
17302571,3,3
6381379,1,1
455925,1,1
327676,3,3
13539142,1,1
10329469,3,3
16703,1,1
7146693,3,3
101893,1,1
37506437,2,1
93575,1,1
13514246,3,3
40495957,1,1
549385,3,3
18889,1,1
10710915,1,1
5098020,3,3
25637,3,3
47305,2,2
6967247,2,2
233712,3,3
149704,3,3
418209,1,1
32838,2,2
26025580,3,3
412650,1,1
470367,1,1
13500206,2,2
8934126,2,2
13167,2,2
117031,1,1
43251,3,3
115033,1,1
9129549,2,2
13316328,1,1
236183,2,2
15638,1,1
9424367,2,2
3156448,1,1
8065164,3,3
2340,1,1
28449207,2,2
16316,2,2
1180618,3,3
12884237,2,2
23454,3,3
3004139,3,3
16156006,1,1
971277,1,1
28090850,2,2
7632310,2,2
1343073,1,1
17902,2,2
60525,2,2
632919,2,2
46756,3,3
888492,3,3
190843,2,2
6690979,3,3
18869291,2,2
10184988,1,1
71241,3,3
7469664,2,2
11069481,2,2
60973,2,2
568102,1,1
653242,1,1
653651,2,2
22381622,3,3
372713,2,2
9972090,1,1
7507908,1,1
11923853,3,3
20404905,2,2
455520,3,3
1076760,1,1
21251323,2,2
11531818,2,2
13586985,3,3
10081131,3,3
16057621,3,3
1022883,1,1
21948649,1,1
56305,1,1
22236161,2,2
24914,2,2
82660,3,3
6304133,3,3
7214797,1,1
6436732,3,3
11301765,1,1
142181,1,1
119073,2,2
6563,1,1
218571,2,2
13140,1,1
93726,3,3
78950,2,2
1964409,1,1
287576,1,1
1960696,2,2
451944,3,3
419409,2,2
28222196,2,2
493455,3,3
646951,3,3
394015,3,3
667986,2,2
559744,3,3
383512,2,2
1103630,2,2
210404,2,2
9013758,3,3
210196,3,3
1511910,2,2
54499,2,2
6434488,3,3
6082564,2,2
11690138,1,1
29379532,2,2
6289938,1,1
13411067,1,1
282083,2,2
16059409,2,2
8161632,2,2
13320466,1,1
10238,3,3
22445807,1,1
169875,1,1
2791515,1,1
119804,3,3
11429,1,1
13354420,1,1
15803321,2,2
1386012,3,3
6545740,1,1
389526,1,1
13629,2,2
28881,3,3
5289,3,3
66421,2,2
619889,1,1
30653798,2,2
8542996,3,3
2487176,3,3
11796349,1,1
6790148,1,1
615359,3,3
2992061,3,3
3933726,2,2
6282146,2,2
486210,1,1
888001,2,2
4660,3,3
8573409,2,2
39297840,2,2
969275,3,3
6518031,2,2
19286609,3,3
6973574,2,2
1605399,3,3
1021656,3,3
20543546,1,1
18153436,1,1
22323,2,1
25812847,1,1
366337,2,2
328181,2,2
164987,2,2
28186322,2,2
4904466,2,2
25663892,2,2
28507,1,1
16157099,1,1
183657,1,1
292846,3,3
234184,3,3
871,2,2
12702029,3,3
12799435,1,1
9466865,2,2
8282,2,2
769016,1,1
12135215,2,2
24155,3,3
13148921,2,2
276288,2,2
1207054,1,1
7907,3,3
87265,3,3
13060924,2,2
1012313,3,3
27213168,3,3
4310522,3,3
2838783,3,3
18680645,3,3
946836,2,2
608823,2,2
4945163,3,3
27269538,1,1
41888678,3,3
6715481,1,1
15056,2,2
1096390,2,2
297593,2,2
181426,3,3
61030,2,2
14345,3,3
790171,3,3
17810,2,2
18357651,2,2
28119313,2,2
367802,1,1
52844904,1,1
9639774,3,3
320343,1,1
12995,1,1
11943382,2,2
12792658,2,2
483007,3,3
5126859,3,3
1504572,1,1
7160163,3,3
6649283,2,2
12351649,2,2
486977,1,1
17286683,2,2
18882632,2,2
78427,2,2
2714607,2,2
184655,2,2
12497,1,1
499784,3,2
35879356,1,1
35870,1,1
77394,1,1
23440143,3,3
81197,2,2
18238,3,3
13552223,1,1
16131399,3,3
17210598,1,1
25012645,2,2
807092,1,1
32726011,2,2
767795,1,1
919830,1,1
1678741,3,3
13538873,2,2
16179216,1,1
23286828,2,2
635270,3,3
371106,2,2
6689707,3,3
1157260,3,3
49255,2,2
107777,2,2
12685077,1,1
70956,3,3
641549,2,2
18361393,3,3
11733930,1,1
1373792,2,2
277412,2,2
334286,3,3
27242752,2,2
573179,2,2
555478,3,2
25517205,1,1
556602,2,2
8518644,1,1
18224392,3,3
584876,3,3
16139085,1,1
370152,2,2
443769,2,2
10178549,3,3
28186,3,3
12467,2,2
1930216,1,1
6534,3,3
12042340,2,2
218181,2,2
15709135,2,2
17800,1,1
20484545,2,2
48748054,3,3
48722,1,1
11230081,3,3
15746753,1,1
11437971,2,2
116114,2,2
11495351,1,1
39662,2,2
33880,3,3
249043,2,2
702040,1,1
3781901,3,3
995157,3,3
1763298,1,1
46683,3,3
8444997,3,3
1166131,1,1
51948,3,3
589064,2,2
1735330,2,2
229067,1,1
90591,3,3
109790,3,3
53111,2,2
99328,2,2
25602380,1,1
13993,2,2
882909,1,1
13547258,3,3
6050678,2,2
274619,3,3
184350,2,2
11512718,2,2
17340720,3,3
50545561,3,3
14015,2,2
30329,1,1
970918,2,2
28815474,2,2
42512,2,2
21114,3,3
60197,3,3
12309315,2,2
15721,3,3
118251,3,3
18812437,1,1
29772863,1,1
11413,3,3
5834917,3,3
175828,3,3
33795874,1,1
35114241,3,3
29904287,2,2
13528506,1,1
1846820,3,3
107773,3,3
307033,2,2
28580054,2,2
25025389,3,3
14572,3,3
6201,3,3
46654,2,2
18430056,3,3
18599754,3,3
21936809,3,3
79016,1,1
76978,3,3
521648,1,1
99738,2,2
16246620,2,2
4692,1,1
11437,1,1
142395,1,1
17350491,3,3
355697,3,3
1042174,2,2
28954126,2,2
16117506,2,2
16285850,2,2
1399057,1,1
2250,3,3
61264,1,1
34810320,2,2
18736925,2,2
2881565,2,2
285498,3,3
23275188,1,1
2879,2,2
6642994,3,3
12486526,3,3
6159,1,1
12751521,2,2
14291950,1,1
11234,1,1
10331607,1,1
352325,1,1
25884,1,1
86525,1,1
23919,2,2
1188294,2,2
11156400,2,2
12948,3,3
17143,2,2
24958123,2,2
59851,3,3
1146744,1,1
91494,1,1
12513648,1,1
60407,2,2
23373462,1,1
91203,1,1
17861295,2,2
13260668,2,2
15801120,3,3
36118682,3,3
1912043,1,1
776573,3,3
1758441,1,1
17571569,3,3
226425,2,2
2873264,1,1
9640626,1,1
7530028,1,1
889284,2,2
17312327,3,3
1042568,2,2
40425,1,1
13030276,2,2
136167,2,2
10920,3,3
387339,3,3
30932,1,1
1724928,2,2
36336690,3,3
603992,1,1
570911,1,1
16059652,1,1
13405375,3,3
103867,3,3
2549,3,3
148875,1,1
164154,3,3
120992,3,3
16074758,3,3
11566,3,3
185294,2,2
17646,2,2
634157,1,1
8849290,1,1
99713,3,3
6265676,1,1
9085456,2,2
298019,2,2
81201,3,3
4713862,3,3
33152019,2,1
35535454,3,3
1278811,3,3
17839432,1,1
13270,2,2
142458,1,1
16004018,1,1
11339,1,1
6553352,1,1
132695,1,1
62953,2,2
247819,2,2
36159,2,2
52507955,2,2
53138050,3,3
248623,1,1
19302,2,2
30368400,3,3
7791,2,2
8914351,3,3
228333,1,1
480443,2,2
1480838,3,3
271685,2,2
231990,2,2
84392,3,3
278725,1,1
32145091,2,2
40992,1,1
15451058,2,2
904547,2,2
290252,3,3
317497,2,2
9303612,2,2
10000269,1,1
227571,3,3
925697,3,3
328351,1,1
9374873,3,3
306399,3,3
2195444,1,1
1910949,3,3
53463003,3,3
6481245,1,1
37820,2,2
25191,3,3
20893307,2,2
50015,2,2
18251073,3,3
15985570,3,2
9422270,2,2
418524,3,3
6596,1,1
1033346,3,3
51848,1,1
17828166,2,2
562989,2,2
19478042,1,1
77156,2,2
2986392,2,2
175078,2,2
1704756,1,1
16111,1,1
535494,2,2
1529652,1,1
141193,1,1
40995,2,2
484548,3,3
701780,2,2
129847,3,3
200913,2,2
689486,1,1
9517,2,2
862311,1,1
6953567,2,2
90619,2,2
816201,3,3
6508077,2,2
9798177,2,2
394728,3,3
17231976,2,2
317556,1,1
38232344,1,1
265264,3,3
599,2,2
6071069,3,3
999074,1,1
4756029,2,2
23153154,2,2
11222139,3,3
134442,3,3
9854833,3,3
9569,3,3
870821,2,2
1025685,2,2
58547,3,3
359,1,1
6452811,1,1
18877915,3,3
11918,3,3
921735,1,1
20937784,3,3
20890479,2,2
8515176,3,3
248074,1,1
31620,1,1
9449985,2,2
159177,1,1
17384515,3,3
216408,2,2
575715,2,2
8509402,3,3
288995,1,0
6870698,1,1
539436,1,1
5421978,1,1
547162,3,3
13610518,3,3
33241740,3,3
159751,1,1
3513471,3,3
2260637,3,3
642231,2,2
139820,2,2
29804,2,2
887348,2,2
1403391,3,3
173129,1,1
534480,2,2
11290495,1,1
16160797,3,3
8964735,3,3
1200231,2,2
9593,2,2
140524,1,1
4186945,1,1
17571527,2,2
230543,2,2
633425,1,1
393473,2,2
107007,2,2
343738,3,3
196564,1,1
11253978,1,1
944267,1,1
667,3,3
337116,3,3
15019,3,3
183586,3,3
31100,1,1
224521,1,1
13252406,2,2
2889121,1,1
80689,2,2
5368029,3,3
36430456,1,1
1263679,1,1
7069,2,2
42635382,3,3
7030007,2,2
25722634,3,3
25516432,2,2
878307,1,1
817168,1,1
89588,2,2
256234,1,1
839808,3,3
13481463,1,1
16033649,1,1
12507214,3,3
3757,3,3
327255,2,2
772756,2,2
5918555,3,3
439416,2,2
13529055,1,1
38123080,1,1
10241239,3,3
275790,1,1
17901410,1,1
6678,2,2
1017971,2,2
6580510,3,3
28459,2,2
31298617,2,2
25313208,1,1
22609256,2,2
103035,1,1
13281226,3,3
25810500,1,1
825473,2,2
13550723,3,3
95242,3,3
25132460,1,1
1169443,2,2
2045569,1,1
48834,2,2
2930911,1,1
9820,1,1
5982209,2,2
87599,2,2
3389200,1,1
356712,3,3
20957248,2,2
16033902,1,1
4035,2,2
18296030,3,3
23400620,3,3
1640883,3,3
13091829,2,2
477453,1,1
228261,1,1
539933,2,2
13831,1,1
3275,2,2
14415420,3,3
1570434,2,2
10594356,3,3
321545,1,1
42200926,3,3
17828418,2,2
153781,3,3
13642753,2,2
6343760,3,3
114394,3,3
18774034,2,2
15734528,1,1
13617968,1,1
127337,3,3
51726,1,1
29209,1,1
3280203,2,2
23929251,1,1
8407173,2,2
2138727,2,2
33809,3,3
17571671,3,3
21427834,3,3
3977,3,3
540422,3,3
3110,1,1
60974,1,1
10836471,2,2
18044418,3,3
6570737,3,3
7104451,2,2
12113821,2,2
4303567,2,2
733473,3,3
7685,2,2
22798521,1,1
35297380,3,3
6330,1,1
15796515,3,3
23719270,1,1
603911,2,2
879545,1,1
59811,3,3
91357,2,2
105612,2,2
21801491,2,2
1262418,1,1
558651,1,1
26114463,2,2
18809242,3,3
18491963,3,3
239917,2,2
10762662,1,1
18189375,2,2
93372,1,1
7668,2,2
1636228,1,1
61049,1,1
7355526,2,2
29059,2,2
92302,3,3
62583,2,2
709715,2,2
9578590,2,2
17614824,2,2
7906105,3,3
96081,2,2
17336849,3,3
353731,2,2
28012,2,2
170448,1,1
269795,2,2
22916001,3,2
17338293,2,2
18333898,1,1
1026797,3,3
15710557,3,3
1535285,3,3
1648212,2,2
9531,1,1
17801272,1,1
3997399,1,1
28507386,1,1
11105002,1,1
225384,1,1
12589190,1,1
2828595,2,2
2238093,2,2
18085456,1,1
1832682,3,3
2040225,2,2
155238,2,2
12995284,1,1
18296136,2,2
294861,1,1
13148808,2,2
46263943,2,2
16142151,3,2
23398790,3,3
35603805,2,2
334818,2,2
9473340,2,2
69933,1,1
64632,3,3
9684201,1,1
29118,1,1
1188297,2,2
106346,1,1
2924318,1,1
420553,2,2
30292,1,1
233922,1,1
37514017,3,3
127757,3,3
18188649,2,2
16069030,3,3
6834410,3,3
7940583,3,3
6693775,1,1
271299,3,3
248309,1,1
10506714,3,3
817197,3,3
15780713,1,1
15767586,2,2
32417,1,1
74315,1,1
504420,2,2
7137327,3,3
12844575,1,1
12077553,2,2
145561,1,1
123673,2,2
16073179,3,3
462389,3,3
2580514,1,1
51061,2,2
1079482,2,2
352780,3,3
12967,1,1
44160985,2,2
28529092,1,1
42143,1,1
15744239,1,1
958452,2,2
717811,3,2
7329,3,3
50388,2,2
1346769,2,2
18148889,3,3
906338,2,2
21,3,3
22698568,3,3
6594657,1,1
10706481,2,2
33282947,1,0
19273257,3,3
564853,3,3
16690,2,2
560089,2,2
13536606,3,3
7998,3,3
12121257,3,3
1527187,1,1
8603232,1,1
118316,1,1
283598,3,3
2224813,2,2
160112,2,2
19133,1,1
35297426,3,3
810838,1,1
780071,3,3
321950,3,3
323862,2,2
196714,1,1
91918,2,2
19486421,2,2
32494108,1,1
61834,1,1
2917816,2,2
169959,1,1
6441509,1,1
6365427,1,1
1557943,1,1
6280641,2,2
61551,2,2
22478,2,2
1893174,3,3
291838,3,3
2278470,1,1
54996,1,1
13272928,2,2
4422777,2,2
18666080,2,2
48722406,3,3
100148,2,2
11093191,3,3
1217728,3,3
481550,1,1
40067,2,2
820396,3,3
8907451,1,1
37811512,2,2
9476308,3,3
17369334,1,1
7140583,2,2
786256,2,2
20630331,2,2
23611992,2,2
8196732,2,2
106096,3,3
104677,3,3
12019355,2,2
18053082,1,1
552702,2,2
466150,2,2
9442157,3,3
227443,1,1
753012,2,1
9439936,3,3
17662897,2,2
6262281,1,1
764165,1,1
10803218,3,3
3934321,2,2
224614,2,2
1962494,3,3
25905,1,1
399623,3,3
3302568,3,3
62032,3,3
763031,1,1
14686,2,2
30253580,3,3
68380,3,3
10964,3,3
1087203,3,3
11378689,1,1
88884,2,2
5500,2,2
15818358,2,2
7996,1,1
2338293,2,2
6261522,2,2
9078,1,0
1169619,1,1
19210913,3,3
1018944,2,2
28676463,1,1
217565,3,3
125956,2,2
816445,2,2
39855088,3,3
259265,1,1
7280026,3,2
748164,1,1
167403,1,1
488029,3,3
112760,1,1
15362992,3,3
42121039,2,2
7895168,2,2
13139,1,1
653592,2,2
9452338,3,3
511993,3,3
2112904,3,3
11428,2,2
15817834,2,2
6342491,2,2
1117526,3,3
31474,1,1
3591032,3,3
18705209,1,1
22010102,1,1
1205209,3,3
9514590,3,3
251975,2,2
219376,1,1
7736086,1,1
1938126,2,2
4858915,1,1
2641208,1,1
1369884,2,2
11882171,3,3
17859596,2,2
8967,2,2
131060,3,3
36323794,3,3
3063035,2,2
21853687,3,3
658008,2,2
14595,3,3
2531,2,2
3720975,2,2
23512999,1,1
203979,1,1
10757833,1,1
18296022,1,1
7305155,3,3
30263,3,3
7493,2,2
55160645,3,3
9759300,1,1
23569787,2,2
16092940,3,3
29806,1,1
32062218,1,1
145806,2,2
5975,1,1
47884,1,1
25489444,1,1
50398,3,3
49384,2,2
300045,2,2
293625,3,3
656047,2,2
1178130,3,2
17452526,3,3
84052,3,3
542604,3,3
12959743,2,2
7948945,2,2
53021,3,3
122205,3,3
15793184,2,2
852470,3,3
40273980,3,3
73095,3,3
10189594,3,3
1412302,2,2
268922,2,2
22135,1,1
111300,1,1
11552905,1,1
386372,1,1
22325,1,1
129909,1,1
826542,1,1
526652,3,3
15706108,1,1
13390903,1,1
6620479,1,1
4952870,2,2
296568,3,3
9919,1,1
137996,3,3
20646683,1,1
13416236,2,2
7245795,3,3
6135576,3,3
38586893,1,1
28294,1,1
10337453,2,2
299758,2,2
590342,1,1
246468,2,2
252502,2,2
57752,1,1
13130,1,1
24457496,1,1
25758497,1,1
535785,3,3
102324,3,3
392786,2,2
143123,2,2
169756,2,2
374188,1,1
924073,2,2
574128,3,3
71788,1,1
79552,1,1
9006025,2,2
51985,3,3
18798983,2,2
5715698,1,1
17745703,2,2
51933,1,1
8016836,1,1
81069,3,3
24422492,3,3
44034616,2,2
14183,2,2
306473,2,2
7897179,3,3
882541,3,3
2255282,3,2
14759334,3,3
149336,3,3
17407748,2,2
10281923,1,1
19261083,2,2
741635,2,2
173673,2,2
34947549,3,3
29532225,3,3
7909,3,3
8554593,3,3
114173,3,3
2729221,2,2
99152,1,1
41574593,3,3
12988089,1,1
13452375,3,3
5144752,1,1
1954947,2,2
9763010,3,3
22571758,2,2
6979404,3,3
27574,1,1
282356,2,2
3447,3,3
16006883,2,2
6487473,2,2
904965,1,1
3988552,2,2
428108,3,3
6399294,3,3
16172634,2,2
13643163,2,2
20454376,3,2
6736174,2,2
2152871,1,1
175324,1,1
16087102,2,2
82333,3,3
8978195,1,1
6123500,2,2
5321479,2,2
9635325,2,2
37004370,1,1
2435104,3,3
23395733,1,1
12142089,3,3
16140037,3,3
125965,2,2
7237456,3,3
871917,3,3
275325,3,3
66354,2,2
7155027,1,1
2038010,2,2
29934250,3,3
37034,3,3
147493,2,2
762821,2,2
10454232,3,3
459544,3,3
23575069,3,3
6671653,2,2
13414829,2,2
12893742,1,1
1537221,3,3
16718083,1,1
8087823,2,2
587582,3,3
43782,3,3
334971,1,1
869969,3,3
2467557,2,2
2533958,1,1
3768230,1,1
10319829,1,1
31122,1,1
1103543,3,3
26689,2,2
29898,1,1
5344,2,2
522821,2,2
40159,2,2
9066002,1,1
311190,1,1
1837699,3,3
106151,1,1
431221,1,1
161846,2,2
2842871,2,2
28664911,2,2
245831,3,3
116257,1,1
41104077,1,1
29,3,2
26842622,1,1
34186238,1,1
1300,2,2
276582,2,2
19476963,1,1
152642,3,3
8942063,1,1
13310624,1,1
189111,3,3
18061,1,1
24601,2,2
270807,2,2
1414,2,2
140094,2,2
8253491,1,1
31449227,3,3
176867,2,2
12031532,1,1
389704,3,3
17332551,3,3
1226629,3,3
13594588,3,3
3174768,1,1
269362,3,3
47731,1,1
15727152,2,2
107312,2,2
14706,1,1
125870,1,1
119014,3,3
18864,3,3
26,1,1
4715963,3,3
216175,1,1
10465776,3,3
608906,1,1
689010,1,1
11071466,3,3
6314763,1,1
627688,1,1
116512,2,2
12924379,1,1
27266,3,3
24800,2,2
42180039,3,3
793289,2,2
8960483,3,3
36244423,2,2
293027,3,3
250729,1,1
281493,1,1
7863423,3,3
124272,2,2
631106,2,2
18395,1,1
133830,1,1
9002750,1,1
204123,2,2
6957624,2,2
1268313,1,1
175249,1,1
997897,2,2
15796908,2,2
35135343,2,2
17334484,3,3
11512688,1,1
8617107,1,1
11898968,2,2
18668476,2,2
35074096,3,3
17838388,2,2
17262577,2,2
17797635,3,3
4679473,3,3
91076,1,1
42100521,1,1
1746329,3,3
19370974,2,2
2586771,1,1
24874510,1,1
25324132,2,2
17213054,2,2
6547187,2,2
947020,2,2
915936,3,3
36157,3,3
403722,2,2
7824848,1,1
58480,2,2
467316,1,1
1611656,1,1
1727464,3,3
7635629,3,3
15802452,1,1
570534,1,1
33299,2,2
11275,2,2
153134,2,2
19547873,1,1
217605,2,2
208531,1,1
1778691,2,2
185229,1,1
15694,3,3
210201,3,3
26114523,1,1
620755,3,3
161656,1,1
18764195,3,3
10773376,3,3
337113,3,3
1586261,3,3
2930735,2,2
12558686,2,2
31487,2,2
12988004,3,3
72957,3,3
3451949,3,3
1884686,2,2
883075,3,3
3534214,3,3
16248246,2,2
134958,2,2
281818,1,1
1030044,2,2
5498077,3,3
26474,3,3
43545,1,1
98807,3,3
114597,2,2
17332243,2,2
11277218,3,3
590324,1,1
10066982,3,3
43615530,3,3
110391,3,3
2432061,3,3
7881207,2,2
83491,3,3
25935,2,2
946448,3,3
45358951,2,2
13642,1,1
3997742,2,2
17256087,1,1
23264671,1,1
12426878,3,3
42909,2,2
490867,2,2
1148745,3,3
4893390,3,3
12770,3,3
65910,1,1
1981,3,3
9681425,3,3
750129,2,2
4800119,1,1
25898106,1,1
13613471,3,3
1651313,3,3
762504,2,2
639076,3,3
1721146,2,2
6536999,3,3
13998,1,1
2699898,1,1
45730161,1,1
15096204,3,3
31683094,3,3
6285955,2,2
246245,1,1
11785,2,2
6057847,3,3
36555,2,2
102114,3,3
9612470,1,1
39402,3,3
1063078,1,1
467457,2,2
27272506,2,2
1097633,3,3
227570,3,3
31423684,2,2
9532,1,1
224615,1,1
842655,3,2
9298,1,1
20444816,2,2
822200,2,2
13547528,3,3
54330,3,3
16189172,1,1
17202452,2,2
18232495,2,2
201641,1,1
158685,3,3
72441,3,3
131338,3,3
217436,3,3
370897,3,3
7938275,3,3
15832002,3,3
1283070,3,3
7744252,1,1
1102782,2,2
25362017,2,2
1835647,2,2
714394,3,3
33655366,3,3
6088374,3,3
6225106,3,3
631146,1,1
210834,3,3
37564,2,2
30633,3,3
2973943,3,3
18187149,1,1
6667,1,1
27161964,2,2
1364151,3,3
9407534,3,3
23564499,1,1
553243,2,2
18798,2,2
30364791,1,1
43581127,1,1
13602986,3,3
23348685,2,2
7858034,2,2
9160695,1,1
157409,1,1
112693,1,1
904538,2,2
142464,1,1
8728667,2,2
781182,1,1
18584855,2,2
40516960,1,1
5826231,2,2
347245,3,3
721704,3,3
17020,2,2
9780117,3,3
924497,3,3
500660,3,3
6236733,2,2
144793,2,2
640245,3,3
1715779,2,2
828387,3,3
15798757,2,2
13182638,2,2
201219,3,3
91767,2,2
12426366,3,3
127630,2,2
24849422,1,1
2389938,1,1
71189,3,3
3522419,1,1
15825153,2,2
12875258,3,3
98573,2,2
25893709,1,1
18505784,3,3
272102,3,3
93654,3,3
18402,1,1
35720690,3,3
9490,1,1
246035,2,2
181116,2,2
9412869,1,1
565701,3,3
3636,1,1
31680,3,3
120049,2,2
4026382,1,1
15801485,3,3
148874,2,2
34913575,1,1
12924075,1,1
22024901,2,2
382076,3,3
7077877,2,2
45435054,1,1
486913,3,3
6572270,1,1
1768603,1,1
918853,2,2
68930,2,2
110896,2,2
41824023,2,2
10372526,2,2
18363728,2,2
46285,1,1
36374390,1,1
60177,1,1
1343104,3,3
278958,2,2
1286268,1,1
11371,2,2
93731,2,2
7801229,1,1
1662160,1,1
69416,3,3
13525945,2,2
6503154,1,1
4876759,1,1
22609341,3,3
9475932,2,2
1931915,1,1
998,1,1
642244,2,2
29102869,2,2
6416903,3,3
27230789,2,2
12730666,3,3
91479,2,2
30273,2,2
24612118,2,2
17333230,2,2
8488763,3,3
3386492,3,3
836182,1,1
20759481,1,1
302727,3,3
30386,3,3
25205337,2,2
74273,2,2
207798,3,3
31676,2,2
281578,1,1
43993,3,3
181428,2,2
108386,1,1
12371862,3,3
78971,3,3
10689754,3,3
4570768,2,2
165582,2,2
57605,1,1
12020927,2,2
393145,2,2
13573412,3,3
32319486,1,1
156956,3,3
355261,2,2
65211,3,3
944211,2,2
17162900,3,3
979765,1,1
281235,1,1
406911,3,3
539387,1,0
14096,3,3
10428981,3,3
10996342,3,3
60403,2,2
5400,3,3
213652,3,3
36524503,1,1
11835768,3,3
413618,3,3
129387,1,1
376984,1,1
580452,3,3
9402429,3,3
1530100,3,3
184195,1,1
402744,3,3
146106,3,3
9550301,1,1
16251,2,2
243991,3,3
1909194,1,1
11502,1,1
16058646,3,3
6271195,3,3
17375011,1,1
169017,1,1
1419665,2,2
9454543,1,1
110397,1,1
8273915,3,3
41742807,3,3
1892318,2,2
27163019,1,1
266689,3,3
10644930,3,3
6447415,2,2
2104,2,2
40776644,3,3
568093,1,1
1048514,2,2
1894269,1,1
86160,2,2
15780328,2,2
46439,1,1
24388326,2,2
76423,1,1
1004335,3,3
15760523,2,2
161099,2,2
850202,2,2
15348,1,1
10344732,1,1
7749505,1,1
400412,3,3
2055901,1,1
474634,2,2
8428985,1,1
7171637,1,1
3378,2,2
7831744,1,1
1058611,1,1
35924698,2,2
137972,2,2
2385463,3,3
20648137,1,1
550821,1,1
16700474,3,3
22564139,2,2
28637637,1,1
6350486,1,1
8087,3,3
582876,1,1
178031,2,2
327063,2,2
22798869,1,1
45160724,2,2
17992789,1,1
4682252,2,2
2197188,2,2
386480,2,2
42794237,2,1
873414,1,1
25296,1,1
2498668,1,1
9998825,1,1
37304,3,3
2584942,3,3
244478,1,1
296298,2,2
160,3,3
773507,3,3
17334051,2,2
6837,1,1
13574,2,2
606409,1,1
36222611,2,2
12573907,2,2
61909,3,3
12384681,2,2
10329434,1,1
4700482,2,2
359273,1,1
18659623,2,2
6305171,3,3
3494684,1,1
39963,1,1
13634335,2,2
104737,3,3
10868182,3,3
3300083,3,3
21856367,1,1
29394,1,1
7780,3,3
50684,3,3
21720,1,1
79626,2,2
563820,3,3
32071,2,2
1236193,2,2
37124,1,1
127392,3,3
24856817,3,3
4687,1,1
44439415,1,1
5924914,2,2
243746,3,3
42146,1,1
365089,1,1
724666,3,3
30988496,2,2
63580,3,3
5949,2,2
1192193,1,1
7936425,1,1
8105613,2,2
1098720,3,3
31452932,2,2
52362,3,3
33149088,1,1
13154142,1,1
6425,1,1
43565225,2,2
7148780,2,2
15980300,3,3
19051804,2,2
21045814,3,3
891922,2,2
34473015,2,2
7427791,3,3
60030,1,1
60813,3,3
46544,3,3
579228,2,2
10816297,1,1
218859,1,1
20821371,3,3
64794,3,3
846941,3,3
110985,1,1
3070131,2,2
18280662,1,1
54589,2,2
397277,3,3
17727,1,1
35795918,1,1
2223353,3,3
13707594,3,3
126507,2,2
1688292,2,2
16284959,1,1
417501,3,3
25437747,3,3
144006,2,2
122556,3,3
3276012,2,2
9662110,3,3
785453,2,2
13424848,3,3
24875394,2,2
16695,2,2
19547856,1,1
13611440,3,3
28251250,2,2
7129588,2,2
629429,1,1
29146570,2,2
617445,3,3
17061,2,2
59960,1,1
345163,3,3
5041503,1,1
730376,3,3
838429,1,1
7726143,3,3
72230,2,2
95381,1,1
418373,1,1
16049402,3,3
164718,1,1
23310763,2,2
14000,3,3
243685,3,3
135278,3,3
6957682,2,2
22615778,2,2
2493973,3,3
793398,1,1
196865,3,3
596687,3,3
2418066,1,1
4956883,3,3
17802356,1,1
40364332,3,3
11290671,2,2
6726989,3,3
298463,1,1
10975195,2,2
744244,2,2
6619072,3,3
491230,2,2
305606,2,2
95531,1,1
1810493,3,3
25743,1,1
53007,1,1
58098,2,2
44590965,2,2
9580315,1,1
1165023,2,2
18593863,1,1
129223,1,1
13010942,3,3
23309553,1,1
23824206,2,2
210747,3,3
20995607,3,3
318431,2,2
25207,1,1
2467716,1,1
19324351,3,3
1801073,3,3
58894,2,2
499150,3,3
93263,1,1
644538,1,1
93938,2,2
11602,2,2
1378477,1,1
201111,2,2
359677,2,2
25063750,3,3
27558677,3,3
45205,3,3
76611,1,1
10890319,1,1
1081290,1,1
1449817,3,3
12194,2,2
37387,1,1
6150453,2,2
181300,3,3
151809,3,3
301058,2,2
836224,1,1
103408,3,3
346211,1,1
482988,3,3
10106,3,3
3379,3,3
271074,3,3
3466020,3,3
6171732,3,3
12146528,3,3
274830,1,1
156785,1,1
20256797,3,3
1837710,1,1
20345548,3,3
12000020,1,1
359829,1,1
29800,2,2
413617,3,3
107789,1,1
451521,3,3
17274667,3,3
345919,2,2
18659174,1,1
16131489,3,3
165861,1,1
655782,3,3
7530,3,3
10599805,3,3
5071514,3,3
6280379,2,2
33258604,3,3
15899156,3,3
11258571,2,2
6453307,1,1
727406,2,2
30525736,3,3
311034,3,3
176068,3,3
93732,1,1
61539,2,2
7346106,2,2
5196,2,2
3103,2,2
28503853,1,1
26192557,3,3
593059,3,3
87665,2,2
69005,2,2
258950,2,2
41961994,3,3
188089,1,1
597040,3,3
11512712,1,1
25816803,1,1
15790999,2,2
64653,2,2
30528383,3,3
10134852,2,2
8234195,2,2
17671956,1,1
18392905,2,2
194941,1,1
24618,2,2
57858,1,1
75506,3,3
21848119,1,1
290376,3,3
1837402,1,1
219164,3,3
12087888,2,2
16667645,1,1
2298256,1,1
99955,1,1
10962217,1,1
669647,2,2
168846,2,2
545586,1,1
87578,3,3
8722,3,3
3678651,1,1
12651506,1,1
639197,2,2
1126945,2,2
41538,1,1
251991,3,3
23522,3,3
18646,2,2
126049,2,2
139176,1,1
27431418,1,1
12866426,2,2
2664597,1,1
15710495,2,2
23289,1,1
13615701,2,2
590552,3,3
190556,1,1
10581266,1,1
8737,3,3
181086,3,3
198332,2,2
6801652,1,1
15714133,3,3
51740,2,2
9091486,3,3
17899089,1,1
329175,1,1
8618182,1,1
27531,1,1
6537,2,2
532509,2,2
77733,3,3
152883,1,1
12679402,1,1
31741,1,1
8709528,2,2
140503,1,1
33163388,2,2
215238,3,3
6353001,3,3
13483701,2,2
1030297,1,1
15798797,1,1
332853,3,3
17032328,1,1
6941225,3,3
24910,1,1
161402,2,2
168487,2,2
16242171,2,2
16093278,1,1
6440814,3,3
54807,2,2
27220736,1,1
11901,3,3
1417493,3,3
7831145,3,3
5983170,1,1
18932047,2,2
90475,2,2
6290240,2,2
28110143,2,2
8659601,3,3
26073089,3,3
12971616,1,1
15793161,2,2
5937,3,3
6871095,3,2
17793815,1,1
7434740,2,2
16114088,3,3
30075802,2,2
83763,3,3
7150756,1,1
357528,1,1
826582,1,1
15760702,1,1
345504,3,3
91440,3,3
13561164,1,1
179191,3,3
2918809,1,1
16137069,3,3
795722,1,1
394228,3,3
201146,3,3
1288523,2,2
128477,2,2
51628713,2,2
33509076,2,2
712731,3,3
30145666,3,3
15159,2,2
701564,1,1
7137826,1,1
12397415,1,1
89055,1,1
51286,1,1
70561,1,1
52085785,2,2
7968013,3,3
6304335,2,2
12670834,3,3
23572347,3,3
7124095,2,2
3657138,2,2
42402313,3,3
59219,3,3
25722620,1,1
17375,1,1
18626540,2,2
8786358,2,2
17190226,3,3
15039207,2,2
432288,2,2
11748550,2,2
2435804,1,1
163,3,3
86888,3,3
17934690,3,3
7148787,3,3
32828538,1,1
104106,1,1
13613441,1,1
41817481,3,3
2274683,3,3
6671,1,1
727281,2,2
940017,2,2
71182,1,1
16055,1,1
23220,3,3
7794600,1,1
257582,1,1
17383763,2,2
2454357,1,1
9937948,3,3
289663,2,2
114936,3,3
6501849,3,3
7242100,2,2
545421,3,3
7140220,3,3
10876733,2,2
36595101,3,3
28862,3,3
175510,2,2
2003094,3,3
8562078,2,2
13073519,2,2
16070143,2,2
18641060,1,1
16282616,1,1
435,2,2
18667769,1,1
5309,2,2
130363,1,1
2642142,1,1
469778,3,3
13039,1,1
278262,3,3
9297264,1,1
23844390,2,2
23110300,3,3
5854,1,1
8144969,1,1
14889,2,2
48211,3,3
2040229,2,2
13010310,3,3
24997390,2,2
103979,1,1
11326,2,2
39091679,1,1
913689,1,1
6872,2,2
13632359,1,1
2311975,1,1
18799,2,2
918866,1,1
91989,3,3
212935,1,1
18373198,1,1
11559200,2,2
135060,2,2
366330,1,1
5520004,3,3
12553276,3,3
7108725,2,2
94564,1,1
12432220,1,1
72003,1,1
7283983,1,1
1703126,2,2
339227,1,1
111044,1,1
567687,2,2
402,3,3
2732513,1,1
709054,2,2
232567,3,3
252460,1,1
2799279,1,1
68096,1,1
21325,1,1
359756,1,1
1591114,2,2
13609403,1,1
48134,1,1
15761187,3,3
26936,1,1
13326677,2,2
9562093,3,3
18664167,1,1
18224451,2,2
7080340,1,1
13797103,2,2
43326,2,2
350678,1,1
967511,2,2
1832010,2,2
617510,3,3
20646690,1,1
83501,3,3
463376,3,3
18331335,2,2
6398634,3,3
181503,1,1
60063,1,1
2508164,1,1
13538833,1,1
921785,1,1
72657,1,1
15840340,3,3
291933,2,2
247850,3,3
43924,2,2
16050736,2,2
15734418,3,3
222146,2,2
17889460,3,3
21085095,1,1
16100368,1,1
133017,3,3
18107413,3,3
100720,1,1
6871737,3,3
3591262,2,2
253447,1,1
2252204,2,2
64485,1,1
280005,1,1
17232261,3,3
884536,2,2
233330,1,1
648010,3,3
34871,3,3
667618,2,2
117,1,1
10034,3,3
27000,1,1
13012638,2,2
24519,3,3
226706,3,3
4191136,1,1
182605,1,1
23223594,3,3
12113,2,2
2226274,3,3
243854,3,3
22233312,2,2
1111978,2,2
38462,3,3
28162817,2,2
32516,1,1
16094450,2,2
784803,3,3
12754069,2,2
126587,3,3
920218,3,3
11312,2,2
4599,3,3
17801961,2,2
6596547,2,2
2809742,2,2
10367431,3,3
29102903,2,2
66683,3,3
27246123,3,3
3039305,3,3
12374,1,1
172764,1,1
10314376,1,1
408478,1,1
23281891,2,2
710115,1,1
7208822,2,2
22371324,1,1
333329,2,2
20894023,2,2
16052055,2,2
9484114,3,3
792159,1,1
15764,2,2
2861844,2,2
1013063,3,3
50798,1,1
34282,1,1
256280,1,1
181255,2,2
823810,2,2
50788,3,3
1924847,2,2
99966,1,1
16096514,3,3
35289,1,1
17454163,2,2
7737900,3,3
30977572,3,3
7530990,2,2
191212,2,2
9838977,2,2
456902,2,2
13498999,2,2
37847,2,2
944652,2,2
19863164,2,2
7365528,2,2
15096,2,2
24675,2,2
287737,1,1
203064,1,1
906340,2,2
82192,1,1
16161536,2,2
7059135,3,3
1275105,1,1
18138917,2,2
6473553,1,1
30319086,2,2
108982,3,3
2360662,3,3
6155363,3,3
1930278,3,3
838668,1,1
13145654,2,2
7351,1,1
17572973,1,1
1086324,1,1
50717,1,1
7933437,2,2
311165,1,1
187287,3,2
10321650,1,1
98566,2,2
837501,1,1
451180,3,3
16440,2,2
25648199,2,2
123805,2,2
12157407,3,3
6249550,3,3
17085296,2,2
3065124,1,1
826344,3,3
367689,3,3
32316602,1,1
1097,3,3
186369,3,3
24909347,3,3
1724619,2,2
106808,1,1
6452796,2,2
378518,2,2
7907192,2,2
13501651,2,2
19358975,2,2
1007334,3,3
22207,3,3
38230346,1,1
1586116,2,2
11071275,3,3
8074845,3,2
221626,1,1
177927,2,2
6944454,1,1
32075671,1,1
8475505,3,3
89796,3,3
12049592,1,1
17384524,2,2
1411543,1,1
626363,3,3
16130549,3,3
147537,3,3
500719,2,2
47572,3,3
2454830,2,2
608368,2,2
6287072,1,1
441495,2,2
830367,1,1
35743,2,2
4441294,3,3
179391,2,2
9816578,1,1
824078,2,2
2030441,2,2
136763,3,3
31111142,1,1
12262732,2,2
487666,1,1
22614273,3,3
11713,1,1
7571359,2,2
11086624,3,3
385580,1,1
685391,2,2
1121159,3,3
16110412,2,2
75703,2,2
13436384,1,1
7674189,2,2
10441,2,2
271293,3,3
12814540,2,2
26244548,3,3
313375,3,3
473623,2,1
365016,2,2
11864195,3,3
346087,1,1
974193,3,3
7857656,1,1
20549288,1,1
15739817,1,1
663836,2,2
12998104,3,3
19334497,3,3
1007870,3,3
214528,3,3
122126,3,3
16243,2,2
32982,2,2
879659,1,1
39087705,2,2
43364,1,1
18931,3,3
15320,2,2
133765,1,1
6609848,2,2
9809,1,1
14578407,2,2
17973145,3,3
312050,2,2
18172471,3,3
67326,2,2
4747472,1,0
10822174,1,1
5280062,1,1
870485,3,3
199688,3,3
170505,1,1
136666,1,1
23633300,3,3
124920,3,3
1114380,2,2
233637,1,1
20347863,1,1
7706970,1,1
180426,1,1
13486488,2,2
18298683,2,2
15760,1,1
825901,1,1
253077,2,2
10390182,3,3
3595953,3,3
36636,1,1
9669552,2,2
501960,1,1
257070,2,2
593056,3,3
448135,1,1
52198,1,1
849080,2,2
5082599,2,2
18185,2,2
128461,1,1
24453338,1,1
13056868,1,1
953713,3,3
1703097,2,2
41081978,2,2
216657,3,3
18169712,1,1
3416,2,2
359809,1,1
1960591,1,1
35430,1,1
171112,2,2
47061,2,2
176494,3,3
6373717,3,3
29638254,2,2
47905,1,1
28948,3,3
97008,3,3
6922622,2,2
13642950,3,3
24892774,1,1
44323,3,3
21805653,3,3
26235279,3,3
17900858,2,2
209305,2,2
134244,1,1
8545134,1,1
2071575,1,1
24277991,2,2
420427,1,1
821611,2,2
735116,3,3
2990454,1,1
33163378,3,3
81026,2,2
452718,3,3
14362,2,2
24579891,2,2
10637748,2,2
18910,3,3
28449150,1,1
8662494,3,3
126583,1,1
923935,2,2
9283551,3,3
173794,2,2
434535,2,2
32889533,3,3
8125737,3,3
10405649,2,2
357486,2,2
526797,3,3
6806633,1,1
9943,2,2
467573,1,1
28051013,1,1
17324,3,3
25394434,3,3
108570,2,2
9376345,2,1
125190,2,2
6609552,3,3
16006199,1,1
2443516,3,3
25002020,3,3
1458813,1,1
5989573,2,2
10397403,3,3
64028,1,1
226791,1,1
582171,1,1
24396857,2,2
6495777,3,3
51601327,3,3
12078495,2,2
11978910,3,3
18517625,1,1
10134425,3,3
82795,3,3
25219341,3,3
18124599,1,1
23437291,2,2
145117,2,2
43211870,3,3
17978481,1,1
359816,2,2
15707526,1,1
21438744,1,1
550416,3,3
6531606,2,2
383301,2,2
2761829,2,2
57950,1,1
21469068,2,2
121809,1,1
846746,3,3
402009,1,1
237231,2,2
706668,1,1
7444304,1,1
3063563,3,3
11737311,3,3
6135044,3,3
26324,3,3
18053087,2,2
22490206,2,2
6435965,2,2
23261012,3,3
1203294,2,2
18901,1,1
55002,2,2
13099738,1,1
8540357,1,1
18386010,2,2
13138028,1,1
426000,3,3
61880,1,1
66695,2,2
361459,3,3
39884333,3,3
7146335,2,2
25903320,2,2
378356,2,2
827561,1,1
8074967,1,1
67087,3,3
71728,3,3
11721314,1,1
12143200,3,3
6282915,2,2
11284898,1,1
17174,2,2
59990,2,2
168402,1,1
348823,1,1
2230284,1,1
12929918,3,3
1718916,1,1
1658702,1,1
18521,2,2
811192,1,1
13436380,3,3
761381,3,3
18178772,2,2
439092,1,1
66084,1,1
82022,3,3
124919,1,1
142214,3,3
26067192,2,2
397150,1,1
474788,2,2
334804,2,2
29587324,1,1
19089,1,1
12190308,3,3
823580,1,1
142885,3,3
1307109,3,3
6321845,1,1
38913,2,2
2881823,3,3
61915,1,1
6981,3,3
30220282,3,2
105551,3,3
44535,3,3
2329246,3,3
968330,3,3
6574915,1,1
11263180,2,2
16101072,3,3
110871,2,2
7748,2,2
151374,1,1
7778981,3,3
8077664,1,1
3081438,1,1
80616,2,2
1217102,1,1
13451182,1,1
64551,2,2
13549137,1,1
38726615,1,1
2066019,1,1
109387,1,1
7306310,2,2
2830877,1,1
19181419,1,1
157088,2,2
31177,1,1
462658,3,3
2078505,3,3
7278752,1,1
9248826,1,1
11725779,1,1
413,3,3
500657,1,1
12504705,3,3
28373853,1,1
939293,1,1
198331,2,2
87371,3,3
4672074,1,1
638603,2,2
16065734,2,2
26329,3,3
7863547,3,3
13019704,1,1
13129925,3,3
5596923,1,1
18595546,3,3
60154,2,2
92644,2,2
8492,1,1
35158717,1,1
419280,1,1
114159,1,1
1624,2,2
6673172,2,2
38451700,1,1
6615179,1,1
15035746,2,2
1825519,3,3
12079,2,2
17705118,1,1
16074582,2,2
563310,1,1
18501652,2,2
18396,1,1
35604796,1,1
3763,3,3
13502970,2,2
3120195,3,3
78988,3,3
319138,2,2
9698340,1,1
71456,1,1
12408152,1,1
12988400,2,2
218587,2,2
7933002,3,3
15989553,2,2
200572,1,1
3477698,3,3
2029927,3,3
10414941,3,3
762476,1,1
17666088,2,2
8478990,1,1
176943,3,3
153590,2,2
117842,3,3
2122741,3,3
41702,2,2
14305037,3,3
6935178,3,2
25731953,1,1
7640126,2,2
9245360,1,1
1064655,3,3
51182650,3,3
22038488,2,2
59973,3,3
203220,2,2
1008335,1,1
18136549,2,2
123969,1,1
3130076,3,3
8434922,3,3
38736,2,2
841077,2,2
770614,3,3
990565,3,3
11759990,3,3
790967,1,1
588369,3,3
4450522,3,3
18209305,3,3
10291971,1,1
20894026,1,1
6405971,1,1
16186085,3,3
7078265,1,1
1405175,2,2
258340,1,1
692969,3,3
311127,2,2
739589,1,1
20495415,3,3
372561,1,1
9483735,1,1
11640897,1,1
2525348,2,2
7128767,2,2
6978605,2,2
19510,1,1
9846385,1,1
7640543,2,2
10155,1,1
7606431,3,3
298568,1,1
48464,1,1
12160824,3,3
13982,3,3
36194389,2,2
568645,3,3
30243,2,2
31309,1,1
3866418,2,2
348187,2,2
146559,3,3
944555,1,1
1016871,3,3
22025754,2,2
26068847,3,3
748350,2,2
24952350,1,1
949410,1,1
303513,3,3
394841,2,2
24970,2,2
757818,1,1
17334063,1,1
182826,3,3
204042,1,1
22477,3,3
129618,1,1
110051,3,3
23367270,3,3
846613,3,3
1175893,1,1
1871550,3,3
28243032,2,2
75812,3,3
2091812,2,2
189114,1,1
32180812,2,2
8705693,3,3
300225,1,1
23305614,1,1
146064,2,2
7107515,1,1
498082,1,1
9776116,1,1
2054,3,3
32321,1,1
844051,1,1
11758560,1,1
1259288,1,1
125404,1,1
152380,3,3
118389,3,3
51089,1,1
20579053,1,1
18665033,3,3
845868,1,1
362386,2,2
318395,3,3
30125,2,2
18966806,2,2
668851,1,1
4608571,3,3
5350,1,1
257669,1,1
3864036,2,2
1397889,1,1
404857,3,3
17185511,1,1
248483,2,2
284352,2,2
809653,3,3
39246,2,2
61898,3,3
1337933,1,1
1284050,2,2
41219986,2,2
1241365,1,1
282270,2,2
9712,2,2
11428799,2,2
2237784,1,1
136240,2,2
835459,2,2
43063328,2,2
32737127,3,3
43691,3,3
77254,3,3
4628647,2,2
9315163,1,1
30267929,2,2
358129,1,1
156723,2,2
9487114,2,2
43835321,1,1
8652648,2,2
571239,3,3
171008,3,3
620642,1,1
52090,3,3
53168,3,3
11710373,1,1
126061,2,2
7842739,2,2
672965,2,2
7980104,2,2
14007,2,2
18890,2,2
15744952,2,2
2300590,3,3
7249522,3,3
9644151,2,2
19063,1,1
2649154,2,2
10740844,1,1
13036048,3,3
18213083,2,2
104091,1,1
10032672,1,1
337048,1,1
19246471,1,1
34992959,1,1
160149,3,3
492923,3,3
159336,3,3
13308775,2,2
3375878,2,2
13640928,2,2
88061,2,2
6261477,2,2
13061500,3,3
338877,2,2
77281,2,2
13050840,2,2
6070992,2,2
14624355,3,3
4455573,3,3
12924261,1,1
6388007,2,2
678891,1,1
2019793,1,1
3428818,2,2
107669,3,3
121013,1,1
17310548,1,1
144789,2,2
156926,2,2
6251482,3,3
841711,2,2
12035966,3,3
6090444,3,3
800379,2,2
13529076,3,3
10481268,3,3
644505,2,2
259319,3,3
515290,1,1
4309446,3,3
15981711,2,2
402013,2,2
7153802,3,3
14249,1,1
24987485,1,1
6915117,2,2
646170,1,1
2728741,2,2
136744,3,3
30302081,3,3
20306792,3,3
3744599,1,1
1120851,3,3
311196,3,3
18770284,3,3
9462775,1,1
13517455,2,2
17679368,3,3
6382952,2,2
18740,3,3
7811067,1,1
703355,2,2
23308084,1,1
306944,3,3
533762,3,3
3233381,3,3
78975,1,1
28248,1,1
207806,1,1
1123586,1,1
41793,3,3
30178223,3,3
2725,2,2
116331,2,2
41431674,3,3
31365,3,3
122212,1,1
30868,3,3
62571,1,1
14331167,2,2
27819475,1,1
955950,2,2
18130,2,2
16982,3,3
114956,2,2
175176,3,3
185251,3,3
282646,3,3
59881,2,2
18122,3,3
114158,2,2
44906685,3,3
11202715,2,2
1110713,3,3
86382,1,1
270435,1,1
65151,3,3
5841508,3,3
2225238,2,2
30220,1,1
11459303,2,2
16967,3,3
71316,1,1
1167144,3,3
12633800,2,2
27750416,3,3
16046,2,2
13143,1,1
185695,1,1
19125054,2,2
254316,1,1
7855,1,1
1378658,1,1
330760,3,3
9996645,2,2
984021,3,3
51684,2,2
612888,3,3
79652,2,2
3568107,3,3
10998596,2,2
310146,1,1
29949,1,1
298426,2,2
2363092,1,1
82899,3,3
125257,1,1
13629892,1,1
5071316,2,2
1178202,1,1
3284192,3,3
993839,1,1
868709,2,2
1111016,3,3
13278242,1,1
31244,1,1
23004152,1,1
42283287,1,1
2337347,3,3
221044,1,1
294475,1,1
5973099,2,2
80631,2,2
106264,2,2
7501962,3,3
570132,3,3
25779243,1,1
19186384,3,3
14460,1,1
896623,1,1
6241577,2,2
18337719,1,1
34506913,2,2
18813006,1,1
3373625,2,2
28899,1,1
20861038,2,2
10108,1,1
799691,3,3
16075193,1,1
637966,2,2
24335,2,2
17841,3,3
548699,1,1
7041525,1,1
2836109,1,1
22005857,2,2
44856,1,1
546965,3,3
115060,3,3
40173,1,1
6238846,1,1
697446,1,1
156443,3,3
899492,1,1
26029281,2,2
130512,3,3
302424,3,3
42270550,2,2
11700333,2,2
1103881,2,2
2182780,2,2
96160,3,3
172740,2,2
9283478,2,2
222458,2,2
59807,3,3
30370,2,2
6897264,2,2
23771534,1,1
8682,2,2
73449,3,3
13586765,2,2
2474116,2,2
34605,3,3
1088859,1,1
793109,2,2
8935689,2,2
5075964,1,1
9764,1,1
17402901,2,2
35506358,3,3
229132,2,2
20567999,3,3
821099,1,1
1492378,1,1
630152,3,3
10812824,1,1
420747,3,3
28954112,2,2
658670,3,3
479507,1,1
35340556,2,2
146219,2,2
15733160,3,3
9550620,3,3
27209477,3,3
23585287,2,2
1663664,3,3
2327449,2,2
38530939,3,3
1227189,1,1
1211251,1,1
9846485,3,3
112080,2,2
54825,1,1
7285385,3,3
226162,2,2
924848,1,1
293136,3,3
1538543,2,2
2435827,3,3
359828,2,2
77491,1,1
77395,3,3
16319,2,2
27539,2,2
52546,3,3
31578642,3,3
341553,1,1
492050,2,2
9897737,2,2
10283324,2,2
826584,3,3
6004667,3,3
7952502,1,1
80226,3,3
78408,2,2
6467772,2,2
724834,3,3
155712,1,1
528965,3,3
17602,1,1
1265382,3,3
10798416,3,3
4330,3,3
51779181,3,3
6567050,1,1
104344,1,1
30653967,2,2
13422656,1,1
10974365,2,2
16090231,3,3
41700,3,3
367333,2,2
13356671,1,1
73297,2,2
1655668,1,1
6324914,2,2
6547,3,3
19366810,3,3
81551,1,1
18698406,1,1
11836562,1,1
25947051,1,1
2544,3,3
234331,3,3
1019330,1,1
1212774,1,1
18873112,2,2
196550,3,3
1605393,1,1
11048703,1,1
29531,2,2
6294,2,2
206899,2,2
2204611,1,1
32560839,3,3
15984412,2,2
1163885,3,3
238514,2,2
400299,3,3
6093018,1,1
156530,3,3
1223736,1,1
965510,3,3
6465707,3,3
17983740,3,3
22886112,2,2
16107050,1,1
35811,3,3
20981513,2,2
39988,1,1
85989,3,3
2451604,3,3
146128,1,1
395006,3,3
58307,2,2
6115911,2,2
235141,3,3
9888794,3,3
722086,3,3
111380,3,3
22859484,2,2
777459,3,3
34789,3,3
951179,3,3
294465,2,2
28001,1,1
573142,1,1
42988,2,2
2645603,1,1
2781816,2,2
265102,1,1
178470,1,1
194746,1,1
572648,2,2
24468673,3,3
339031,3,3
7779,1,1
8077372,3,3
107032,1,1
6218284,3,3
523151,2,2
13403151,1,1
2314849,2,2
749620,2,2
144758,3,3
14288998,3,3
6038030,1,1
23217,2,2
15793660,1,1
44794098,3,3
22928874,3,3
29358,1,1
574950,2,2
678344,2,2
100424,2,2
144896,2,2
26571,3,3
12712998,1,1
1001911,3,3
1968772,3,3
13628605,3,3
2334800,3,3
6004798,1,1
30325011,1,1
534307,2,2
9982591,1,1
505558,3,3
398913,2,2
309773,2,2
1126549,1,1
613866,2,2
6609864,1,1
108980,2,2
28763,3,3
6344097,2,2
767547,1,1
25781157,3,3
1149270,2,2
17872234,1,1
2437698,3,3
86236,3,3
33223742,3,3
764704,1,1
43884993,3,3
112322,2,2
254005,2,2
3802330,3,3
4495776,3,3
473710,1,1
7302998,2,2
15755355,3,3
162374,3,3
13166638,2,2
762053,3,3
31926533,1,1
2194051,2,2
16685430,2,2
3798897,3,3
1855100,2,2
880729,1,1
338234,2,2
12882683,1,1
213916,3,3
129216,1,1
154041,3,3
5841513,1,1
844534,3,3
38470102,3,3
24536832,1,0
21804,1,1
252499,2,2
870334,3,3
34688189,2,2
13258121,2,2
15808474,3,3
6323302,1,1
15295255,1,1
10082027,3,3
22916289,2,2
904597,2,2
12262741,2,2
107781,3,3
3115950,2,2
22747926,2,2
23159724,2,2
15842439,2,2
19903215,1,1
51799,3,3
16401,3,3
831842,2,2
56636,2,2
44780,3,3
88076,1,1
1015310,3,3
191499,3,3
17950466,2,2
948527,1,1
817379,1,1
15988913,2,2
1443121,3,3
664328,1,1
58095,3,3
10719342,2,2
32195234,2,2
17790217,3,3
112200,1,1
998989,3,3
114812,1,1
15702268,2,2
17927559,3,3
18078029,2,2
11735983,2,2
35820633,1,1
82751,1,1
17063691,1,1
78972,3,3
544359,1,1
6352576,3,3
899392,3,3
207227,1,1
69006,2,2
615570,3,3
128518,3,3
8296,1,1
325115,3,3
8380409,1,1
25061,2,2
8035987,2,2
43805016,3,3
5323360,1,1
24453082,1,1
18498565,1,1
39338454,2,2
1263250,2,2
998367,1,1
125502,1,1
227454,1,1
23602562,3,3
31328682,3,3
28421168,2,2
30079697,3,3
18484935,2,2
5539003,1,1
7117109,3,3
28645670,3,3
18507827,2,2
10798418,1,1
102180,1,1
38855,1,1
7962,1,1
6125135,2,2
12872236,2,2
8091798,2,2
11185432,3,3
17912906,3,3
22663352,1,1
35098412,3,3
238968,3,3
10132245,2,2
26198496,3,3
597790,3,3
689328,3,3
14058669,1,0
490368,2,2
114134,3,3
36306771,2,2
1049531,2,2
787194,3,3
50615,3,3
105571,2,2
233389,2,2
11029842,1,1
16059838,1,1
18528548,1,1
9411636,1,1
40532,1,1
916764,2,2
55022,3,3
8225495,3,3
214434,3,3
16037598,1,1
9588023,1,1
97378,3,3
13581999,3,3
951061,3,3
406853,2,2
20567976,2,2
188214,3,3
11433851,3,3
15929372,1,1
33621427,3,3
6450817,1,1
25056208,2,2
16035496,2,2
668282,3,3
17257015,3,3
13833,2,2
7769,2,2
80113,3,3
1021010,1,1
952284,1,1
49008,2,2
7476785,1,1
766020,3,3
450573,3,3
735718,1,1
439594,2,2
201342,3,3
289733,1,1
15581,2,2
16130410,3,3
32940867,3,3
20413,3,3
75634,2,2
103627,1,1
2059339,3,3
25332000,3,3
5968988,3,3
452268,3,3
336095,3,3
562747,1,1
9542439,1,1
45432,3,3
697409,1,1
19380557,1,1
40207004,3,3
16140408,3,2
29658,1,1
1515067,1,1
319033,3,3
14655460,2,2
640594,2,2
13059054,1,1
18041750,1,1
31538635,1,1
7713182,3,3
24856069,1,1
172773,3,3
235718,1,1
7853137,1,1
411830,3,3
33668,2,2
15783130,1,1
808853,1,1
82991,1,1
786729,3,3
210722,2,2
34289,2,2
45253,3,3
5936,1,1
23164983,2,2
6408441,3,3
141526,1,1
273197,1,1
13526214,2,2
17260623,1,1
68497,3,3
11170,2,1
25056528,3,3
2658514,3,3
22724488,2,2
13723504,1,1
1117692,3,3
73727,2,2
2011772,3,3
77727,2,2
37909,3,3
150472,2,2
18889246,3,3
174329,3,3
17270349,3,3
25293695,1,1
52617567,3,3
1373866,1,1
799693,3,3
18722894,1,1
8652190,1,1
3789,1,0
5548850,1,1
78887,1,1
52367,2,2
7735333,1,1
22546584,1,1
114132,3,3
35458,3,3
482842,1,1
21955078,3,3
35068742,2,2
23627080,2,2
12924253,1,1
12193787,3,3
89691,3,3
12980294,2,2
15700338,1,1
36247693,3,3
187315,2,2
8732153,2,2
7940589,2,2
19528,3,3
15814479,1,1
37460118,2,2
17879543,2,2
1534750,1,1
327548,2,2
22729129,3,3
1629727,2,2
180535,3,3
706250,1,1
17855087,3,3
13027796,1,1
17348772,1,1
6573126,3,3
278656,3,3
33544,2,2
369783,3,3
90947,3,3
13872,3,3
1352822,1,1
45246,3,3
1094957,2,2
59821,3,3
6509099,3,3
28198077,3,3
2485978,3,3
97715,3,3
23248185,1,1
70884,2,1
357640,1,1
16241160,2,2
22022320,2,2
17700015,2,2
348632,1,1
7092507,3,3
20486912,1,1
103902,1,1
22062202,2,2
15645,1,1
1159948,3,3
8693243,1,1
13324509,3,3
184661,3,3
18300182,2,2
167216,1,1
13011828,2,2
437010,3,3
330919,1,1
231610,2,2
14996,2,2
38474,2,2
70288,1,1
24035804,1,1
334643,2,2
11281852,1,1
266666,1,1
799072,2,2
6337006,1,1
414103,2,2
15753060,1,1
1747576,1,1
3289090,1,1
458322,3,3
183553,3,3
12759,2,2
24818,3,3
146123,2,2
3836,1,1
16277248,3,3
45170387,2,2
44001,3,3
15881,3,3
3755301,2,2
537148,3,3
9677807,2,2
29562692,3,3
21822308,1,1
784113,1,1
693017,1,1
6609563,2,2
53137906,2,2
42771754,1,1
12471652,2,2
61962,3,3
944073,3,3
744982,3,3
12073,3,3
24044141,3,3
148938,2,2
55354,2,2
168668,3,3
250949,1,1
10138089,2,2
17022,1,1
333867,3,3
52408,3,3
676041,3,3
963147,1,1
20993087,3,3
169002,1,1
678076,1,1
18050143,2,2
203795,3,3
7763,3,3
3950400,2,2
949899,1,1
210250,3,3
2365730,3,3
10324808,2,2
3711150,3,3
2617843,1,1
13096280,3,3
239592,3,3
7123181,2,2
7742,3,3
7807913,2,2
18269958,1,1
193127,2,2
11402002,2,2
262430,2,2
6881578,3,3
27297,2,2
1082318,2,2
491244,2,2
789497,3,3
39280444,3,3
8496901,1,1
2834233,2,2
43886,3,2
47620,1,1
13260545,2,2
9758765,2,2
359825,2,2
15832573,1,1
968997,3,3
352383,1,1
22365,1,1
45709,3,3
22739972,1,1
2467723,1,1
266934,1,1
7675,3,3
1813172,1,1
48829,1,1
60132,3,3
10852325,2,2
1051620,3,3
469208,2,2
109714,1,1
23506377,2,1
555136,3,3
30045683,3,3
17834866,3,3
3300,1,1
9216157,2,2
13037558,2,2
29587,3,3
8924846,3,3
515587,3,3
207984,3,3
6460146,3,3
4948,1,1
84060,2,2
67329,1,1
29904517,3,3
13536860,1,1
276514,3,3
85935,1,1
3710,3,3
34493,2,2
2974581,3,3
122096,3,3
22059778,3,3
17802747,2,2
7005584,1,1
25812851,3,3
13784983,3,3
483137,3,3
29910761,3,3
10549501,3,3
13538702,1,1
1421843,3,3
152382,2,2
102259,1,1
13326831,3,3
10673576,3,3
19164437,1,1
12394246,1,1
93052,1,1
842712,2,2
2709742,1,1
35495848,3,3
9776876,2,2
17304237,1,1
34942,2,2
38885373,2,2
1158380,2,2
18301663,1,1
36321744,2,2
18077836,1,1
1720099,2,2
820816,3,3
2403024,1,1
10403,3,3
219879,1,1
236557,2,2
20023,2,2
33569,2,2
3359595,2,2
15990969,2,2
22668729,1,1
332854,1,1
6609704,3,3
11196970,3,3
16698,3,3
181439,2,2
85862,1,1
18053786,2,2
2145681,3,3
1010397,3,3
1215263,1,1
37825453,2,2
5,3,3
257321,2,2
92307,1,1
1003454,2,2
28091259,1,1
6357708,3,3
7671562,2,2
8713500,2,2
21266,2,2
1412138,2,2
43576,1,1
202224,1,1
38746152,2,2
303837,3,3
514778,1,1
8419447,2,2
459746,2,2
17860848,1,1
4712458,1,1
9711714,2,2
2277378,2,2
24396269,1,1
219417,1,1
9903,3,3
7506252,3,3
18656310,1,1
9933894,2,2
132543,1,1
7737902,2,2
18114543,1,1
36200494,1,1
41020406,3,3
16045037,2,2
91724,1,1
321538,2,2
226486,2,2
235791,2,2
349473,2,2
16255224,2,2
14760825,2,2
81779,1,1
3598195,3,3
185287,2,2
12358,1,1
211953,2,2
228065,3,3
12837183,2,2
5198,1,1
125546,1,1
353325,2,2
497121,3,3
614118,2,2
7056921,1,1
17657649,2,2
24396871,3,3
36463950,1,1
204297,1,1
77429,1,1
19025351,2,2
37301,1,1
1658694,1,1
29567266,2,2
17303541,2,2
219570,3,3
10637697,2,2
2003934,1,1
1414244,1,1
24830,3,3
17383902,1,1
19225358,2,2
40541565,3,3
18811623,2,2
28932518,1,1
1103917,2,2
2272713,2,2
5180,3,3
18773498,2,2
8826607,3,3
15102,3,3
23830659,1,1
18805812,2,2
832225,2,2
123070,3,3
6356887,3,3
7046510,3,3
738540,2,2
1297123,1,1
1134254,1,1
19549803,1,1
11131963,1,1
455488,1,1
2954411,1,1
293457,2,2
1583018,3,3
872840,1,1
15713049,3,3
876138,1,1
784911,1,0
8100015,3,3
7091713,2,2
11203057,2,2
106492,3,3
476494,3,3
120253,1,1
67762,2,2
7679,2,2
10176,2,2
126137,2,2
15622,2,2
838917,1,1
4004,2,2
194808,1,1
32049,3,3
24677549,1,1
25154365,3,3
179734,3,3
11036713,1,1
10848210,1,1
231532,2,2
13580660,1,1
35545,2,2
9806382,3,3
816663,1,1
13594857,3,3
361081,2,2
879215,1,1
6982581,2,2
194330,3,3
142463,1,1
16144868,3,3
611240,3,3
334805,3,3
29437949,3,3
750456,1,1
1410294,1,1
3098912,3,3
3090715,3,3
767680,3,3
11922297,1,1
9508678,1,1
277397,1,1
9134923,1,1
6503160,2,2
15737115,1,1
774964,2,2
417524,1,1
4630,1,1
562757,2,2
96630,1,1
320216,3,2
496123,1,1
35519101,1,1
6383537,1,1
37240,2,2
15814459,2,2
1412973,3,3
489838,2,2
50391716,3,3
6719853,3,3
15808311,1,1
2054504,1,1
29358487,2,2
23299427,2,2
5886131,2,2
21417430,1,1
226075,3,3
2003625,2,2
2609933,3,3
1040897,1,1
16122322,2,2
18300863,1,1
17283481,2,2
60521,2,2
130149,2,2
16111930,2,2
16240988,3,3
69625,2,2
1237542,1,1
6007953,2,2
493712,1,1
12447,1,1
279461,1,1
6383762,1,0
15580,1,1
1967070,3,3
13419139,3,3
20945751,2,2
406987,1,1
26931,2,2
1010400,2,2
7631912,2,2
240537,3,3
9706495,1,1
315340,2,2
18774981,1,1
690816,2,2
16103256,2,2
586451,2,2
801823,2,2
1517731,2,2
11243810,1,1
101509,1,1
10014677,3,3
5895503,1,1
21873331,3,3
41957551,3,3
16248264,1,1
17290655,2,2
76479,2,2
20933641,3,3
1758694,2,2
549756,3,3
311908,3,3
13597728,3,3
73860,3,3
17603,2,2
1212220,1,0
30858,3,3
11711,2,2
2615008,1,1
106129,3,3
886095,2,2
567616,1,1
4333469,1,1
10508714,1,1
9766649,3,3
33358204,3,3
173890,3,3
204180,1,1
457839,1,1
4747469,3,3
8665113,3,3
28501491,1,1
1118348,1,1
490609,3,3
13260217,2,2
12968400,1,1
11479782,1,1
85396,3,3
162497,3,3
31944679,2,2
21454390,2,2
12393909,3,3
17377749,2,2
1427459,1,1
42643696,3,3
92488,3,3
8063945,1,1
17905433,1,1
293982,1,1
1454534,1,1
8068431,2,2
772888,3,3
1664298,3,3
20836218,2,2
1511147,3,3
117833,2,2
56466,2,2
26869849,2,2
3782,3,3
484562,3,3
8503543,1,1
6971900,2,2
12924188,1,1
395851,2,2
69559,2,2
320601,3,3
557228,3,3
6075924,1,1
44847,1,1
325916,3,3
2383159,2,2
21298206,3,3
362136,1,1
10005645,2,2
10391956,1,1
23527476,3,3
41880609,1,1
68631,3,3
8726744,1,1
129972,3,3
214948,2,2
21902610,2,2
35068562,3,3
8070487,3,3
16120597,3,3
777260,1,1
346266,1,1
18242339,2,2
9443405,3,3
81648,2,2
7094745,3,3
9538660,2,2
26032912,2,2
53009,3,3
9460091,2,2
76718,1,1
13396557,1,1
6448470,1,1
33732,1,1
119491,3,3
20930771,1,1
27,3,3
7124475,3,3
234489,1,1
78108,3,3
9024268,2,2
243953,3,3
496670,3,3
33300,3,3
17855756,3,3
35368,2,2
227481,2,2
10315529,1,1
62351,2,2
21799356,3,3
2865557,2,2
1140942,3,3
955496,1,1
5338,1,1
112472,1,1
8101162,1,1
2087224,3,3
803449,1,1
17195831,2,2
540187,1,1
31952703,3,3
1292343,1,1
267738,2,2
25405,1,1
63504,2,2
40557608,1,1
17565738,3,3
10917118,1,1
162920,1,1
817791,3,3
205621,1,1
11359137,1,1
7821831,3,3
1763529,2,2
12640578,3,3
15983331,3,3
30257,2,2
402217,2,2
11141699,1,1
2389632,3,3
5015,3,3
296901,2,2
9326,3,3
815890,1,1
7823800,2,2
32057113,3,3
26309242,2,2
3444292,2,2
42088819,1,1
11955586,3,3
580658,1,1
352921,2,2
23602722,1,1
2336,3,3
922038,2,2
17901769,1,1
24059,2,2
991197,1,1
12901649,3,3
537124,3,3
493553,3,3
9615767,1,0
406341,3,3
170007,3,3
12031726,3,3
8155,2,2
92610,3,3
25663912,2,2
125662,3,3
44246,3,3
99826,3,3
2915026,3,3
823182,1,1
23546815,2,2
15942635,1,1
30676,2,2
46456,2,2
21411978,1,1
850389,3,3
50881,3,3
40593473,2,2
38302,1,1
1087176,2,2
409991,1,1
25792596,3,3
50358519,3,3
42607,2,2
166814,2,2
6781555,1,1
6344832,2,2
174704,1,1
317293,2,2
32416,1,1
231768,2,2
72695,1,1
12987192,1,1
191881,1,1
6295913,3,3
88873,2,2
18865908,3,3
31503,1,1
667488,3,3
12375518,2,2
1967231,1,1
18145096,2,2
17253180,1,1
2371124,1,1
1035645,2,2
25814583,3,3
170641,3,3
15803170,1,1
13152510,1,1
13484326,1,1
7721611,1,1
12032357,2,2
2021816,1,1
5960325,2,2
1549209,3,3
1062752,2,2
336409,1,1
42201395,3,3
3015764,3,3
23452896,1,1
20821299,3,3
22319080,1,1
9450406,3,3
10314229,1,1
762390,2,2
531197,2,2
10399862,1,1
8811139,1,1
7811727,1,1
23236648,3,3
4130217,1,1
261601,1,1
18915863,1,1
99757,1,1
3630983,2,2
94807,1,1
9814682,3,3
9867149,3,3
18187833,1,1
7794043,1,1
639648,1,1
5512,3,3
956478,3,3
4711854,2,2
1165925,3,3
11986000,1,1
44456,1,1
23209924,1,1
615686,2,2
820638,3,3
3009998,2,2
9256545,1,1
6599344,2,2
13508021,2,2
27388497,2,2
10428848,1,1
123471,1,1
285212,1,1
2402971,3,3
122914,3,3
4957350,2,2
7571543,3,3
354259,3,3
229491,1,1
815527,1,1
8174589,1,1
15835685,1,1
2270120,3,3
13648,2,2
906560,1,1
23517137,3,3
32324555,2,2
2233479,1,1
76765,1,1
682920,1,1
555507,1,1
184850,1,1
23860372,2,2
1504506,2,2
6135237,1,1
6696420,2,2
757038,3,3
18190201,2,2
2468596,1,1
77368,3,3
9132056,2,2
9519912,3,3
12969423,3,3
30312891,1,1
28962996,2,2
1672727,1,1
297815,1,1
44184,1,1
59569,1,1
25585034,2,2
124312,2,2
18222557,1,1
21945638,3,3
320326,2,2
10430822,1,1
454367,2,2
9207753,1,1
50805,1,1
37069,3,3
130520,1,1
13529557,1,1
2358870,2,2
68396,3,3
443078,2,2
29895106,3,3
150723,1,1
131374,3,3
1121157,2,2
7959424,1,1
10433091,3,3
24846,3,3
849203,2,1
20910157,3,3
13554131,2,2
1197083,2,2
22463,1,1
1877776,2,2
18179259,2,2
35606560,3,3
20589303,2,2
817380,2,2
3265484,3,3
12139936,1,1
18270938,1,1
8927883,1,1
8573632,3,3
75162,1,1
30364774,2,2
1385692,1,1
1145438,2,2
127823,2,2
87976,3,3
35890044,2,2
9670094,1,1
13706792,1,1
11242609,3,3
498214,2,2
18927810,3,3
162900,2,2
259052,1,1
174879,1,1
330264,2,2
59659,1,1
220063,1,1
17832472,2,2
9918277,2,2
31341,2,2
6931202,2,2
852721,2,2
8963238,2,2
3509485,3,3
4129035,2,2
11133791,3,3
20525981,3,3
22472103,2,2
172734,1,1
56454,3,3
762040,1,1
9917925,2,2
77789,2,2
35252306,3,3
21117,2,2
10482783,3,3
826472,3,3
23367261,2,2
34321642,3,3
678245,3,3
112079,1,1
243205,2,2
28677650,1,1
14978,3,3
7832334,3,3
14461892,2,2
5604848,3,3
22895725,3,3
839356,3,3
18226784,3,3
599957,1,1
28093,3,3
342514,1,1
34218224,1,1
139418,2,2
7832159,1,1
120794,1,1
34499,1,1
12287,2,2
10876570,3,3
25330489,2,2
174621,1,1
289114,1,1
796429,1,1
901282,2,2
51335759,2,2
19321,1,1
15823461,2,2
22364474,2,2
198289,1,1
32419,3,3
41951,2,2
22504696,1,1
43483262,1,1
17744,1,1
82104,1,1
8281069,3,3
1549791,1,1
27213253,1,1
363492,3,3
19516814,3,3
18710190,1,1
2432074,2,2
22286,3,3
71984,1,1
15924,3,3
4588,2,2
13501633,2,2
10587120,1,1
18065780,3,3
11556960,1,1
145391,3,3
18134565,3,3
13360383,1,1
7871086,2,2
26114135,3,3
95626,1,1
1240548,1,1
43887,1,1
327322,2,2
245344,1,1
23129410,1,1
34519,1,1
8753176,1,1
249024,1,1
30653839,3,3
12043771,2,2
29547361,1,1
7991935,1,1
1269704,2,2
69864,3,3
11659,1,1
31579906,3,3
1274366,3,3
481455,3,3
23461945,2,2
23266378,2,2
8487974,2,2
1022209,3,3
920395,2,2
43746510,2,2
225038,3,3
273843,3,3
49350,1,1
164542,2,2
61204,1,1
2159007,1,1
6319,1,1
3231008,3,3
8139321,1,1
1625,3,3
23659068,1,1
769885,3,3
8514712,1,1
152004,1,1
22070851,2,2
5943970,2,2
5224732,3,3
36989216,2,2
38723,3,3
25099,3,3
858313,2,2
601877,3,3
3873328,3,3
582324,2,2
13538906,3,3
6869,1,1
6514907,2,2
22977097,1,1
48323,2,2
875109,1,1
2753843,3,3
17133266,2,2
17994,1,1
244105,3,3
47520,1,1
7128341,2,2
22909238,3,3
12052534,1,1
12813058,1,1
781226,2,2
10072160,1,1
7291338,3,3
960495,3,3
13474884,3,3
11168547,1,1
880386,3,3
146776,2,2
147312,2,2
45241,2,2
1747896,3,3
89213,3,3
285224,2,2
83400,2,2
1246273,1,1
248596,1,1
159764,2,2
1930898,3,3
16218406,2,2
172366,1,1
291488,2,2
30613790,1,1
13331182,1,1
10886703,1,1
1658691,2,2
1902241,3,3
23650217,2,2
1239698,1,1
783127,1,1
25175898,2,2
8038695,1,1
10237334,3,3
81064,1,1
842309,1,1
60281,1,1
16048485,3,3
156703,1,1
818096,2,2
925283,1,1
13422775,3,2
129620,1,1
1071257,3,3
33292759,1,1
21141003,1,1
12240399,2,2
1557372,1,1
77426,3,3
202292,3,3
32370,1,1
10118917,3,3
1556485,2,2
857502,1,1
10599328,1,1
3139,2,2
11550,1,1
162334,2,2
10211746,1,1
13539158,2,2
72912,2,2
776283,2,2
7957603,3,3
102534,1,1
34680719,2,2
25992990,2,2
71787,3,3
10866,2,2
920330,1,1
98405,3,3
687314,3,3
6277640,1,1
179033,2,2
14487872,2,2
98969,3,3
1043314,3,3
963274,1,1
6433752,3,3
972188,1,1
757196,1,1
3059244,3,3
1095697,2,2
103104,2,2
18490657,3,3
1822182,1,1
17331322,2,2
43196344,1,1
7597710,1,1
1369831,3,3
18166232,2,2
393640,1,1
7008041,3,3
23019294,1,1
1004183,3,3
43798,1,1
18513828,1,1
15700446,3,3
11466,3,3
43371,1,1
6542645,3,3
168861,1,1
13576,3,3
17738800,3,3
3083678,3,3
825576,3,3
32922841,3,3
27864391,3,3
253635,2,2
11803545,2,2
3854232,1,1
225379,2,2
10757749,2,2
133018,2,2
240485,3,3
9681214,2,2
23012,1,1
8508126,3,3
351064,3,3
231113,2,2
18809475,1,1
11254250,1,1
20448515,3,3
15808436,3,3
12925063,1,1
7686654,1,1
163498,3,3
15307498,3,3
2369498,2,2
150131,1,1
76970,1,1
10372,1,1
990165,2,2
10609400,3,3
116471,1,1
7663384,2,2
706525,1,1
769902,2,2
7107180,2,2
17557070,1,1
19387,2,2
166966,1,1
827358,1,1
12827152,2,2
78874,3,3
7517343,2,2
140080,2,2
6691862,1,1
1182813,1,1
513260,1,1
1070480,3,3
13356190,2,2
867099,2,2
70401,2,2
18709117,2,2
4836308,2,2
10808013,3,3
17620956,1,1
19286674,1,1
114006,3,3
863761,2,2
28220739,1,1
46114,2,2
13978,2,2
7248435,2,2
9631271,2,2
623822,3,3
13586749,3,3
1555398,1,1
7722277,2,2
32072577,2,2
9169331,3,3
1001312,3,3
17262366,2,2
1971990,2,2
24972205,1,1
470587,3,3
121715,2,2
647685,3,3
20649133,2,2
5178537,2,2
762064,3,3
264892,1,1
4834279,3,3
23839,3,3
52496385,1,1
2677842,3,3
2206390,1,1
6259,3,3
18956,3,3
14800895,1,1
112874,1,1
235185,1,1
16050835,2,2
38815,2,2
317499,1,1
12983739,3,3
52521517,2,2
209497,1,1
3617904,1,1
311054,2,2
35136,2,2
137670,3,3
1633,1,1
22875451,2,2
160892,2,2
3326541,2,2
862002,3,3
8214792,3,3
6939939,2,2
8262306,1,1
28581362,1,1
39296114,1,1
97380,3,3
27245997,1,1
199712,2,2
3069345,2,2
291112,1,1
368772,2,2
51803274,2,2
889615,1,1
12936,2,2
590198,2,2
29481552,3,3
10196362,2,2
8862,1,1
33847863,3,3
13182968,3,3
752900,2,2
118141,1,1
49051,2,2
309434,2,2
393199,1,1
9505561,3,3
10695150,1,1
249747,2,2
46002829,1,1
11290,3,3
6693332,1,1
18922,2,2
1279956,3,3
29411748,1,1
221682,3,3
460548,2,2
673657,1,1
32506,2,2
23842,2,2
7049266,2,2
259920,1,1
51315,1,1
13589153,1,1
20549003,1,1
305438,3,3
7178978,2,2
21832,2,1
2475251,2,2
12873027,3,3
42088801,1,1
7781,1,1
169878,1,1
46180,1,1
77565,2,2
285810,2,2
17333265,1,1
6366085,2,2
1242745,3,3
10194514,2,2
61146,2,2
31677035,3,3
17914340,1,1
6900,3,3
18716296,2,2
610719,1,1
983546,1,1
2858266,1,1
137491,2,2
603204,2,2
31931722,2,2
104486,1,1
35152052,1,1
32102,2,2
84557,2,2
26103311,2,2
25380845,2,2
498835,3,3
6621214,3,3
144936,1,1
5246,3,3
11143177,2,2
459984,2,2
13227852,3,3
2020665,3,3
9284655,2,2
26948,1,1
25499718,3,3
1797044,3,3
50653,1,1
1148721,1,1
3223761,3,3
84981,3,3
2249711,3,3
420282,3,3
6555412,1,1
1460626,2,2
286507,3,3
2706635,3,3
7023,3,3
28190254,3,3
187065,3,3
222007,2,2
374518,1,1
6924804,1,1
23271231,2,2
4641540,1,1
9464733,2,2
2073686,2,2
7347,1,1
521129,3,3
224220,2,2
25846984,2,2
10505,3,3
135486,3,3
4719340,1,1
90994,2,2
2211221,1,1
36820089,3,3
1118206,2,2
226759,3,3
18667779,3,3
17856000,1,1
15566,1,1
937890,1,1
5289303,3,3
527823,1,1
8525598,2,2
13623947,3,3
399898,3,3
52879,1,1
1180497,3,3
145168,2,2
1240723,1,1
33536,2,2
153496,1,1
4591,1,1
1321148,3,3
10683062,3,3
737473,1,1
287632,2,2
6569211,2,2
20809067,1,1
828878,2,2
18144124,2,2
927244,3,3
15779366,1,1
10846336,3,3
10297152,2,2
38116996,3,3
6372499,2,2
26869838,2,2
22745986,2,2
28229,2,2
895479,2,2
520286,3,3
794779,2,2
67699,3,3
7788,2,2
197084,1,1
13624316,1,1
1107296,2,2
613268,2,2
6976,2,2
20872079,1,1
7600679,3,3
22917641,3,3
2288424,1,1
24899,3,3
129635,2,2
10757346,2,2
47959,2,2
239186,3,3
119729,3,3
195761,3,3
25664510,2,2
184196,3,3
80536,2,2
223556,3,3
144233,3,3
64216,1,0
196549,1,1
15613,1,1
29430049,1,1
97788,3,3
107300,1,1
18802838,3,3
256003,2,2
24817626,1,1
436582,2,2
758153,3,3
2984286,3,3
6835,3,3
17469361,1,1
10648050,3,3
218695,2,2
280277,3,3
12551077,3,3
16197019,1,1
89731,3,3
668,2,2
79876,2,2
15743078,1,1
24097,1,1
40312,2,2
18404427,3,3
334176,2,2
39217633,1,1
914800,1,1
535570,2,2
2595,1,1
300818,2,2
1440075,2,2
405980,2,2
12967752,3,3
966972,3,3
213395,3,3
123667,2,2
2760362,1,1
16034964,2,2
17672538,1,1
836560,3,3
1320170,2,2
11318315,2,2
114148,3,3
44767248,2,2
16174631,2,2
33413919,2,2
20170296,3,3
896595,1,1
183623,1,1
396734,2,2
89195,1,1
359798,1,1
54552798,1,1
7430121,1,1
2880,2,2
297627,3,3
20564,3,3
18720887,3,3
747637,2,2
773038,2,2
3553991,1,1
27422533,3,3
21853637,2,2
8069535,1,1
267205,3,3
29635592,2,2
25817493,1,1
15775189,3,2
250824,3,3
268917,2,2
25197374,1,1
1385643,3,3
3319544,2,2
43603,1,1
5946601,3,3
30680,2,2
8707334,3,3
36030,1,1
2330711,2,2
110457,2,2
11999933,3,3
12348550,1,1
30134847,2,2
25160737,1,1
28940,1,1
35849473,3,3
80660,1,1
6705824,3,3
33813,1,1
16158596,3,3
11250317,3,3
1425672,2,2
11529030,3,3
12396702,2,2
504118,3,3
5841908,1,1
7983432,2,2
7488244,1,1
15374,1,1
7839,1,1
567678,1,1
1760630,2,2
6611677,1,1
15283043,3,3
995155,3,3
6149388,1,1
12021559,1,1
45786,3,3
17159011,3,3
16131056,3,3
5894600,1,1
43780,3,3
2164457,2,2
765768,1,1
20797806,3,3
34507,3,3
3457715,1,1
1510241,2,2
304123,3,3
86455,3,3
2197408,2,2
411167,1,1
9678752,1,1
24129803,3,3
1559894,1,1
228991,2,2
603398,1,1
23040,3,3
683096,1,1
18691025,3,3
6261189,2,2
17701,2,2
71865,3,3
2601674,1,1
57936,2,2
285205,1,1
35704397,1,1
419085,3,3
30058589,1,0
359790,3,3
43866656,3,3
52228,1,1
18932,1,1
22698031,2,2
453526,3,3
27310091,1,1
5357,1,1
161653,1,1
10201216,2,2
113304,2,2
43307358,1,1
820579,1,1
11792612,1,1
8529230,2,2
18630187,2,2
343448,1,1
13084,2,2
6783427,1,1
14896,2,2
31194232,1,1
4071565,2,2
806947,1,1
280716,2,2
12889647,3,3
37569318,1,1
72536,1,1
130219,3,3
312275,2,2
16065725,2,2
6643714,2,2
12675648,3,3
6467853,2,2
10429033,1,1
8765229,1,1
27163154,2,2
4570908,1,1
6665889,1,1
823062,3,3
86737,3,3
253984,3,3
23341863,3,3
295651,1,1
1440203,1,1
10903906,2,2
715791,2,2
17413118,2,2
9865,3,3
12025117,3,3
21843,3,3
6277410,1,1
11627660,1,1
31315146,3,3
227444,3,3
33835,2,2
198898,1,1
692227,1,1
77013,3,3
13338887,1,1
42389,3,3
28689504,1,1
13391406,3,3
128759,3,3
156188,1,1
11085158,1,1
15747422,2,2
1092158,1,1
23884,1,1
295654,1,1
408210,2,2
6511,1,1
1960034,1,1
50784,1,1
22611561,3,3
4954833,3,3
6728738,1,1
2242564,2,2
1265681,2,2
124524,2,2
7744611,1,1
522726,1,1
34384161,2,2
35165835,3,3
106540,3,3
78674,3,3
300889,2,2
23437156,2,2
20696430,3,3
186446,2,2
99085,2,2
77721,3,3
285692,2,2
297842,1,1
12900235,2,2
8495686,1,1
113138,1,1
39988431,3,3
3750,3,3
18141785,2,2
2403889,2,2
11100431,1,1
195548,3,3
17245,3,3
10194637,2,2
10950924,1,1
7076706,1,1
10156954,3,3
23213940,2,2
12617286,2,2
7661,2,2
28078,2,2
132391,3,2
4216729,3,3
1377861,2,2
36647568,2,2
13262783,3,3
10140661,1,1
6342483,3,3
11797374,2,2
31327371,2,2
20821306,1,1
226858,3,3
10588,2,2
91760,2,2
21445001,3,3
6250518,1,1
88340,2,2
17262102,1,1
163977,1,1
8553757,3,3
93796,2,2
582067,3,3
99300,2,2
139826,2,2
202681,3,3
32824,3,3
20649134,3,3
905758,2,2
261331,2,2
131011,1,1
3919080,1,1
6388743,1,1
1930002,2,2
10756788,2,2
839077,1,1
29090898,2,2
666447,1,1
40782286,1,1
6380494,1,1
9936690,3,3
2195437,2,2
2888160,2,2
12092005,1,1
82199,2,2
20501051,1,1
89755,1,1
1130964,2,2
7862725,3,3
111012,1,1
854456,3,3
17465645,2,2
61957,1,1
1530099,2,2
16306,3,3
209330,2,2
7507946,1,1
15994156,3,3
32489971,1,1
18604079,2,2
6636138,2,2
5342,3,3
24732,1,1
11612989,3,3
18143772,1,1
783505,1,1
408862,3,3
13544917,2,2
10285,3,3
22960481,3,3
22521951,3,3
9403947,1,1
2174486,3,3
207292,3,3
427795,2,2
7356477,3,3
19598707,2,2
780581,2,2
28025,2,2
905474,1,1
541924,1,1
338380,1,1
773693,2,2
1658265,2,2
577283,1,1
496303,2,2
217637,2,2
7314827,1,1
25953369,1,1
47780,2,2
127454,1,1
65927,3,3
37623,2,2
7171880,3,3
25108299,2,2
125424,1,1
11298,3,3
13446555,1,1
410296,2,2
26159279,1,1
962671,3,3
44645,3,3
299795,1,1
11217236,2,2
6723491,2,2
212615,1,1
18104862,2,2
1205580,1,1
1561175,3,3
15818278,3,3
34080,1,1
9379365,2,2
4912,3,3
7048818,1,1
2943733,1,1
56077,2,2
8564644,1,1
11595072,2,2
15721624,3,3
14866,2,2
12187,2,2
54479,2,2
7967592,2,2
6562560,2,2
396825,1,1
1047507,3,3
16120643,2,2
7130788,2,2
98475,3,3
8567584,1,1
267071,2,2
16086351,2,2
12408735,3,3
363245,2,2
7844667,2,1
74389,3,3
261122,1,1
18114205,2,2
4642752,3,3
7904158,1,1
11060837,1,1
18691078,1,1
257915,1,1
22756871,1,1
71776,1,1
25105,1,1
23168406,2,2
17412099,3,3
476103,3,3
746007,2,2
12841814,1,1
10394508,1,1
10607,1,1
20821619,1,1
1487383,3,3
18808376,2,2
12521887,3,3
779511,1,1
773858,3,3
13330370,1,1
10092824,2,2
25370574,1,1
18751851,1,1
7569223,1,1
8588776,2,2
982464,1,1
13552865,2,2
10866624,2,2
659577,3,3
3654372,3,3
13035050,2,2
130440,2,2
102748,3,3
44361,1,1
363046,1,1
13127599,3,3
6858,2,2
131094,1,1
7283975,1,1
19498,2,2
64382,1,1
7268250,3,3
46033842,2,2
13983,3,3
71648,2,2
10762697,3,3
17566623,1,1
8362878,3,3
5988850,3,3
21119,1,1
1542403,3,3
7116365,2,2
28260524,3,3
25551332,2,2
95429,2,2
7005479,2,2
1374250,3,3
16290044,2,2
463877,1,1
23707663,1,1
94673,2,2
6598461,2,2
13459791,3,2
189015,1,1
880684,2,2
816858,3,3
2493288,1,1
633050,3,3
136096,3,3
11690,3,3
18746598,1,1
161620,3,3
15468,1,1
10301321,1,1
715192,2,2
10864102,1,1
67976,1,1
2363912,1,1
764003,3,3
27406704,1,1
309335,2,2
766319,2,2
11184,1,1
6177287,2,2
25911238,1,1
52872,2,2
3587999,1,1
295406,3,3
3937997,3,3
878675,3,3
163465,2,2
78989,2,2
9444,3,3
1151805,2,2
28020938,3,3
110393,1,1
13570,3,3
222340,1,1
23867347,1,1
978098,1,1
3609763,2,2
36373564,2,2
28645638,2,1
1038853,3,3
200544,3,3
14461,1,1
2211675,2,2
17669036,1,1
199785,1,1
301819,2,2
728118,2,2
15803758,1,1
43799,3,3
256008,2,2
151370,3,3
30555488,3,3
14387287,1,1
149267,1,1
30969755,2,2
22074622,1,1
40088076,3,3
60284,1,1
493456,1,1
112081,1,1
8466286,2,2
1238099,1,1
13994,2,2
9551700,1,1
95694,2,2
613218,3,3
1030087,3,3
4948826,2,2
300017,2,2
561291,2,2
891972,1,1
271266,3,3
968902,1,1
17895869,2,2
92417,2,2
386047,1,1
2392626,1,1
22871,2,2
26200563,3,2
6944172,2,2
14483180,3,3
160206,2,2
8563789,1,1
5941114,2,2
836610,2,2
5356476,2,2
62033,1,1
515475,1,1
311129,3,3
10331050,2,2
18902975,3,3
12180204,2,2
159297,1,1
570172,2,2
169881,1,1
13484974,2,2
18693742,1,1
7035671,3,3
9548739,2,2
17802727,3,3
19084101,3,3
277260,2,2
1902160,3,3
1812454,2,2
341879,1,1
154929,3,3
37976541,1,1
576512,3,3
3475161,1,1
240188,1,1
3570231,1,1
20575446,1,1
727551,1,1
33917881,1,1
151313,3,3
23614726,2,2
2983646,1,1
359915,1,1
22416,3,3
294044,1,1
6882,2,2
9555234,1,1
3374819,3,3
6407514,3,3
464685,3,3
18405537,2,2
456,2,2
60614,2,2
106123,1,1
6080889,1,1
8585653,3,3
485812,3,3
752875,2,2
73968,2,2
762211,1,1
374494,1,1
11099729,1,1
586472,2,2
43919,3,3
771287,2,2
136959,3,3
30289,3,3
302431,2,2
96278,3,3
18775359,1,1
4935682,1,1
878460,1,1
20446802,3,3
140077,3,3
278198,3,3
11717826,2,2
21750448,3,3
26085,2,2
770051,3,2
7775755,1,1
4883204,1,1
280455,2,2
28635,3,3
13497818,1,1
526643,1,1
1291491,1,1
2101984,2,2
17608096,2,2
447996,1,1
116475,1,1
75856,3,3
17404078,2,2
18129488,2,2
1964325,2,2
224962,1,1
14059024,1,1
501740,2,2
91519,1,1
1419796,1,1
9179777,3,3
11666,1,1
278620,3,3
12926767,2,2
2637138,2,2
1324972,3,3
334970,1,1
420474,2,2
272607,1,1
839499,2,2
8694522,1,1
11276935,1,1
13581990,1,1
34310,3,3
20769538,3,3
2464291,2,2
360265,1,1
108359,3,3
2371357,3,3
13488738,1,1
7323094,1,1
6455191,1,1
317375,1,1
29501,2,2
25829774,3,3
30226,2,2
1212152,2,2
181270,2,2
21955937,3,3
34305,2,2
627738,3,3
6139012,2,2
10423245,3,3
32721507,2,2
995139,2,2
116473,2,2
18465591,2,2
8411750,1,1
588333,2,2
1850920,2,2
17160625,3,3
7453975,2,2
451304,3,3
18110734,3,3
64097,3,3
51080,2,2
175827,1,1
13093632,2,2
8729996,3,3
32812,3,3
20360301,3,3
22055280,3,3
11037016,1,1
18755773,1,1
4339326,2,2
57498,1,1
142978,3,3
25721449,1,1
4732517,2,2
1272835,2,2
6194,1,1
7619292,1,1
3157876,3,3
32027656,3,3
124694,3,3
355656,2,2
722737,2,2
12930410,1,1
21722,3,3
17934770,1,1
574901,1,1
38531884,2,2
132122,3,3
642460,1,1
752936,2,2
3375897,3,3
6618,3,3
376561,3,3
78784,2,2
14891,3,3
84730,1,1
16789,2,2
44186,3,3
786267,2,2
10098912,2,2
545935,2,2
31117059,3,3
6537073,2,2
24500150,2,2
14817,2,2
2425699,1,1
36203362,1,1
28149981,3,3
28370,3,3
6766638,3,3
6576711,2,2
10497786,3,3
601598,1,1
96472,2,2
195688,2,2
5833677,3,3
13629064,2,2
714585,2,2
34392663,1,1
38485496,1,1
2474047,2,2
10965,3,3
1284103,1,1
836290,2,2
1134122,3,3
6631480,1,1
499437,3,3
20912424,2,2
329326,3,3
17906995,3,3
251789,3,3
127566,1,1
93797,2,2
22396591,2,2
11325353,2,2
17564064,1,1
136251,2,2
7882217,1,1
12142,2,2
6500478,1,1
34317524,1,1
1703186,2,2
2183,3,3
1031803,1,1
21814415,1,1
29291,2,2
7857727,2,2
12715691,1,1
63445,2,2
187020,2,2
300226,3,3
115998,1,1
1279686,1,1
242104,2,2
111220,1,1
263175,2,2
39832183,2,2
648194,3,3
47521,3,3
10814753,3,3
33606119,1,1
17874069,1,1
201388,3,3
14965,2,2
13114564,1,1
15856770,3,3
13449000,1,1
355267,2,2
2754526,3,3
13282838,1,1
139253,2,2
278316,1,1
858381,1,1
22008448,2,2
926161,2,2
17118326,1,1
1162836,3,3
11492014,3,3
45043589,2,2
25387393,2,2
26197032,2,2
141433,1,1
13607345,2,2
8573642,2,2
709835,3,3
386,2,2
1113155,1,1
2166291,3,3
17412895,2,2
557406,3,3
6223474,2,2
89395,3,3
8437667,1,1
399137,3,3
650584,1,1
26599,2,2
10992270,1,1
7266857,2,2
72855,3,3
30095464,1,1
21340,2,2
80749,2,2
7191422,1,1
18395230,2,2
110694,3,3
109901,3,3
333103,2,2
94672,3,3
29383696,1,1
28789256,2,1
19068,2,2
289763,1,1
710136,1,0
64533,3,3
64701,2,2
661283,3,3
34515,2,2
395058,3,3
277152,3,3
39486441,3,3
240162,2,2
26722146,2,2
28698,2,2
1023214,2,2
601740,2,2
164006,2,2
6501392,2,2
17237713,2,2
3216767,1,1
147848,3,3
2714797,1,1
1020102,2,2
6162567,1,1
15755201,1,1
232937,3,3
8999892,2,2
30319094,1,1
2897258,3,3
38204691,3,3
10762643,2,2
45101,1,1
107670,3,3
30626,3,3
736392,3,3
327321,2,2
34596,1,1
51496,2,2
129786,1,1
2470643,2,2
16164095,3,3
2116927,1,1
14404,2,2
394027,3,3
15721864,2,2
50725,1,1
38345685,1,1
1349302,1,1
946899,2,2
75831,3,3
1809275,1,1
30346601,2,2
9539767,3,3
4289768,1,1
238140,2,2
16299,3,3
149928,2,2
13605858,3,3
25224799,2,2
5291841,1,1
17972688,1,1
26156773,3,3
310740,3,3
35434,3,2
176378,3,3
1197129,3,3
317056,3,3
16670,1,1
47619,3,2
70487,1,1
93380,3,3
392431,1,1
3290525,3,3
6476988,3,3
15721120,2,2
14372602,1,1
976905,1,1
722292,3,3
50799,3,3
47924,1,1
6393631,2,2
349929,3,3
1202,2,2
328802,3,3
44017627,1,1
2104355,2,2
927979,3,3
53423,3,3
2251262,1,1
945882,1,1
862020,1,1
36056515,1,1
10551253,1,1
43980,3,3
7671353,1,1
4923952,3,3
11235783,1,1
1653655,1,1
177518,1,1
8396337,1,1
2305862,2,2
17571266,1,1
23566909,3,3
6381205,2,2
18080387,2,2
18397370,1,1
20911450,1,1
13069215,2,2
18730951,2,2
12971664,2,2
29802,1,1
17287009,1,1
19504964,3,3
8256472,2,2
911645,3,3
847145,3,3
1048645,2,2
108347,3,3
30370031,3,3
338046,1,1
1547375,2,2
1208966,1,1
156979,3,3
16145204,1,1
13628812,1,1
784633,1,1
17409835,3,3
74720,3,3
162719,1,1
22514020,1,1
611582,3,3
121732,3,3
8074838,3,3
233907,3,3
22026,1,1
12414235,2,2
7930335,2,2
50084254,2,2
8662827,2,2
139986,3,3
25402,1,1
413110,3,3
6359293,2,2
27577,2,2
30065,3,3
6595233,2,2
1363427,2,2
312260,2,2
197459,3,3
307641,1,1
235892,2,2
1524173,2,2
32502,2,2
6291,1,1
13122965,1,1
41880396,2,2
122136,2,2
21051977,1,1
8722916,3,3
30362,2,2
2227371,1,1
42773851,3,3
845501,2,2
16520900,1,1
10592,3,3
766786,3,3
11013328,3,3
24766,3,3
25030592,2,2
28002,1,1
8960,2,2
79,1,1
16163229,2,2
17278226,3,3
2066292,2,2
13592328,2,2
7588,1,1
423927,1,1
8582356,2,2
322274,3,3
21526843,3,3
733007,1,1
4291946,2,2
8258519,3,3
8532187,3,3
764347,2,2
31476,3,3
24465724,1,1
28650,1,1
179436,3,3
5417,1,1
206309,2,2
412935,3,3
199686,3,2
77787,3,3
17938354,2,2
23013978,2,2
17742014,3,3
1235705,1,1
6307432,2,2
9918083,3,3
12325994,2,2
8662135,2,2
155206,1,1
6543755,3,3
16052816,2,2
1541884,2,2
1460064,2,2
363336,3,3
26063380,3,3
8579016,1,1
907668,3,3
53287484,3,3
7159016,3,3
18656827,3,3
46368,3,3
10329470,2,2
226709,1,1
14864,3,3
20631345,2,2
35031085,3,3
539116,3,3
354364,2,2
304,3,3
24081265,3,3
1738684,2,2
843162,1,1
27689,1,1
161415,1,1
29421058,3,3
557804,1,1
409377,1,1
26206,1,1
336734,3,3
41450662,1,1
29365635,2,2
29015,3,3
18054465,2,2
508274,2,2
16131032,1,1
1932042,3,3
3074734,1,1
6418,1,1
686651,1,1
10836813,3,3
983567,2,2
6382879,2,2
223403,1,1
804742,1,1
1871105,3,3
602914,2,2
337210,1,1
20898019,1,0
1062516,3,3
16088671,1,1
7402393,2,2
137235,2,2
70535,3,3
25460,3,3
42434,1,1
3400813,1,1
730652,2,2
69981,1,1
2226570,3,3
10562163,2,2
13547099,2,2
37297,1,1
49190,3,3
42631,3,3
903,3,3
22553536,1,1
28441,1,1
125432,2,2
958805,2,2
699678,2,2
649361,3,3
33876808,2,2
817020,1,1
95610,1,1
2008039,3,3
10021764,1,1
16140838,2,2
7664041,3,3
907676,1,1
33917,1,1
6484260,3,3
6527841,1,1
1973951,3,3
606939,3,3
25895524,1,1
7881001,1,1
46128546,1,1
218576,1,1
1441579,1,1
206236,2,2
10778,2,2
295,3,3
14995,3,3
13498996,1,1
13642663,2,2
27695,1,1
37338,3,3
18667948,3,3
13166599,3,3
18760176,3,3
12046,3,3
1257797,2,2
1433935,1,1
7493011,1,1
224439,3,3
3677902,2,2
179073,3,3
6854184,2,2
128711,2,2
15765698,3,3
597895,3,3
1632398,1,1
6566295,1,1
18631867,2,2
10376223,2,2
13623012,3,3
176247,2,2
98401,1,1
7486255,3,3
61930,1,1
6750,1,1
118469,3,3
22642472,2,2
1114559,1,1
9822,1,1
1741794,2,2
5167,1,1
671164,1,1
15757694,3,3
10776,3,3
8428050,2,2
17914,1,1
11283685,1,1
7285498,2,2
5171894,2,2
11904233,2,2
13488113,3,3
404516,2,2
14412458,1,1
386286,1,1
7977973,2,2
896458,1,1
275247,3,3
25688980,3,3
11724858,1,1
245700,3,3
24611866,3,3
45020,3,3
1249931,2,2
493790,2,2
1376068,3,3
472101,1,1
7116709,3,3
425173,3,3
3972,1,1
6035374,3,3
552106,2,2
23231,2,2
8928004,3,3
297551,1,1
17288645,1,1
22327,2,2
2254519,2,2
11309055,2,2
7965039,1,1
80015,2,2
18853467,1,1
539904,1,1
6413473,1,1
23009402,3,3
43070,3,3
17230880,2,2
7756473,3,3
866498,1,1
41977,1,1
23009011,2,2
604606,1,1
3573476,3,3
380364,3,3
706011,3,3
10131648,1,1
321572,2,2
18171248,1,1
7013431,2,2
11065348,3,3
6641799,3,3
7096123,3,3
474111,1,1
15131305,3,3
28481,2,2
64634,1,1
407234,2,2
18869972,3,3
2081377,1,1
618938,1,1
28588345,1,1
739973,2,2
1056362,3,3
28282,1,1
377991,3,3
3291747,2,2
1729818,2,2
295198,2,2
17853024,2,2
12793708,1,1
9618041,1,1
53611,1,1
293450,1,1
7516243,1,1
59924,3,3
10128608,3,3
16102004,2,2
7255730,3,3
19543,3,3
16529,3,3
28668534,1,1
31343781,3,3
10383217,2,2
219205,1,1
10596724,2,2
6336589,2,2
23553419,3,3
6556855,1,1
3029879,2,2
15790894,3,3
8441713,2,2
102460,3,3
317337,1,1
314114,1,1
1931351,2,2
7293597,1,1
12732267,3,3
680170,2,2
1035361,2,2
11422,1,1
17734262,2,2
10444,2,2
30151298,1,1
67864,1,1
15773979,1,1
3246957,1,1
93481,3,3
229149,1,1
2088519,1,1
392274,2,2
4010412,3,3
2610426,3,3
600349,3,3
7364390,1,1
130511,1,1
17230847,3,3
289150,1,1
276877,1,1
11699323,1,1
10627210,1,1
30630813,1,1
107029,2,2
1634386,1,1
12022079,2,2
1408029,1,1
17397913,2,2
10222362,2,2
87294,3,3
6515073,3,3
48037,1,1
438923,2,2
15904801,1,1
289032,3,3
14643361,2,2
22666184,2,2
568568,3,3
13132620,1,1
1027982,3,3
21028751,1,1
15796412,1,1
9634,2,2
2299887,3,3
691014,1,1
544508,2,2
930428,3,3
43892137,3,3
2817765,2,2
31862,1,1
11378402,2,2
3843654,3,3
13480291,2,2
13552229,2,2
12646818,3,3
17212231,2,2
11389398,3,3
3553722,1,1
572084,3,3
1755776,2,2
104287,2,2
13221027,3,3
111011,3,3
11982625,3,3
1501622,1,1
432342,1,1
825828,2,2
13013029,2,2
476558,3,3
15863145,3,3
522597,2,2
114475,2,2
10723236,1,1
54995,1,1
6870,1,1
113255,3,3
13643831,1,1
17659691,2,2
110863,3,3
72910,3,3
946986,1,1
40984365,1,1
962955,2,2
17204,3,3
792162,1,1
15770131,1,1
9054588,1,1
4769247,3,3
390966,2,2
15810878,3,3
1205982,2,2
164947,1,1
10148600,1,1
52926,2,2
26123021,1,1
625891,2,2
304889,2,2
35612376,3,3
688700,2,2
293395,2,2
232577,1,1
475339,1,1
371269,2,2
3730554,3,3
760848,2,2
139417,2,2
6422668,1,1
21412400,2,2
16921,2,2
1261859,2,2
590348,1,1
12680993,1,1
535739,1,1
40536236,2,2
8665876,1,1
9917879,3,3
344189,2,2
17667009,3,3
17741761,1,1
25527157,3,3
721227,2,2
23977334,1,1
450667,3,3
6346975,2,2
16451,1,1
21827600,3,3
45861869,2,2
824986,2,2
17974854,3,3
6665847,1,1
815263,1,1
565956,2,2
662280,3,3
173961,3,3
149197,2,2
30262,2,2
71364,3,3
3040004,3,2
18752959,1,1
765763,1,1
6534932,3,3
34262106,2,2
3309428,3,3
18749,3,3
2549937,2,2
7366,3,3
6631700,2,1
1938237,2,2
16275085,3,3
144794,3,3
1225655,3,3
43915,3,3
172735,2,2
560031,1,1
13455485,2,2
43448,2,2
7936123,3,3
6383944,1,1
862025,1,1
7786474,1,1
862109,2,2
5795018,3,3
536478,2,2
15805442,1,1
29475332,1,1
505639,3,3
258079,2,2
8679704,2,2
31799,3,3
78982,2,2
20561916,1,1
625135,3,3
32439,2,2
22618173,2,2
16213225,2,2
9361589,3,3
396422,2,2
98218,3,3
17202672,3,3
147210,1,1
6328,1,1
93521,2,2
394344,3,3
18982011,3,3
23944776,2,2
14563,2,2
3945400,1,1
30688435,2,2
2871839,2,2
18209454,1,1
81075,2,2
4457755,1,1
2696,2,2
10909804,1,1
1034151,2,2
359821,2,2
17660979,3,3
374233,3,3
15790842,1,1
7192913,2,2
20176578,1,1
2067,3,3
430996,1,1
12588363,2,2
16059,3,3
24493717,3,3
6389704,2,2
7840331,1,1
26805129,2,2
7195554,1,1
13167035,2,2
939467,2,2
260740,2,2
2516238,2,2
563563,1,1
13269,1,1
11035999,3,3
1430213,1,1
6468812,1,1
293974,3,3
4346365,3,3
216399,1,1
25530340,1,1
527314,1,1
31944708,3,3
60737,1,1
22358,1,1
23196,3,3
11424194,3,3
100237,2,2
89313,3,3
5704478,2,2
24019,1,0
9327053,3,3
2798094,3,3
2636749,1,1
6282010,1,1
864051,3,3
39092,2,2
51704136,2,2
11547875,1,1
217493,3,3
13590988,2,2
52878,3,3
831646,3,3
131129,1,1
2986865,3,3
7362781,1,1
3136288,2,2
18596873,1,1
3047850,1,1
94944,3,3
401876,2,2
15826934,1,1
43747,3,2
8529,1,1
7877758,1,1
25898265,1,1
22429484,2,2
97827,3,3
175626,2,2
9690276,3,3
212687,2,2
29519514,1,1
6546,3,3
916842,2,2
173454,2,2
20348781,1,1
31225,1,1
6614960,2,2
10464963,3,3
27396942,2,2
13436366,2,2
11544421,2,2
206120,3,3
303113,2,2
77161,2,2
49673,2,2
17213837,3,3
27619091,1,1
33516776,1,1
13108085,2,2
13597723,1,1
156378,2,2
25712564,1,1
1085771,3,3
23093367,1,1
28220826,1,1
989584,3,3
46722,1,1
9626553,2,2
102266,3,3
3991549,3,3
406185,3,3
2220938,3,3
11836518,3,3
16058650,3,3
12356086,2,2
225382,1,1
1815,2,2
216304,3,3
1783289,1,1
99690,3,3
12394068,3,3
1886722,1,1
11727777,2,2
6609654,3,3
30016,1,1
67956,1,1
4228360,1,1
8315872,3,3
18353714,3,3
185404,3,3
18150272,3,3
4163378,3,3
727578,3,3
2764258,2,2
59962,3,3
183658,3,3
557214,1,1
7198813,3,3
33297,1,1
17342750,3,3
197134,2,2
123168,3,3
13515095,3,3
7879247,3,3
18898739,2,2
18528454,2,2
3788,2,2
2998756,1,1
124923,3,2
449940,2,2
7093421,1,1
961537,2,2
89839,1,1
277928,2,2
636454,1,1
92266,2,2
16619,2,2
2411390,3,3
10842675,1,1
33453,3,3
15717876,1,1
10485751,2,2
6287286,3,3
203922,2,2
23770,2,2
7875327,1,1
73384,2,2
6098570,3,3
10626594,3,3
382680,1,1
11859244,2,2
16122034,3,2
96337,2,2
7331622,3,3
2909414,1,1
11494950,2,2
1989743,2,2
2933993,1,1
138428,3,3
13629443,1,1
3430269,3,3
432020,1,1
87218,2,2
26838113,3,3
301053,3,3
5151434,3,3
272436,1,1
17832415,3,3
77425,2,2
1020956,2,2
108942,2,2
1167033,2,2
16143648,1,1
576087,1,1
19311,2,2
11291595,2,2
1000589,3,3
9591398,1,1
271244,3,3
36373825,2,2
1584974,3,3
29567621,1,1
41688,1,0
51537,2,2
465697,1,1
5603651,1,1
14082,1,1
295086,2,2
132604,2,2
9377440,3,3
570075,3,3
233436,2,2
1002520,3,3
132267,1,1
9300768,1,1
8114015,1,1
1163574,2,2
965720,1,1
28867,3,3
6296169,1,1
1456450,1,1
18651945,1,1
963416,3,3
21525988,3,3
1140698,2,2
17567,2,2
587291,2,2
18135,1,1
23769683,2,2
6615723,3,3
8635145,3,3
981693,1,1
18246262,3,3
779509,2,2
14419025,1,1
1133120,2,2
65474,2,2
17884886,3,3
11946245,3,3
30357,3,3
18957,1,1
3635,3,3
22716194,1,1
741826,1,1
331256,3,3
6775682,2,2
12037108,2,2
2455549,2,2
1285706,3,3
1289436,2,2
133937,3,2
861326,2,2
130837,2,2
36413580,2,2
886232,3,3
47990,1,1
7962312,3,3
1012312,1,1
25164304,3,3
10394348,3,3
15748083,3,3
6668467,1,1
641910,1,1
536622,1,1
11682486,3,3
1017303,3,3
3882844,2,2
153782,3,3
48841,3,3
134361,2,2
21535271,2,2
8589321,2,2
22318363,2,2
6376772,1,1
21969786,3,3
14896617,3,3
290973,3,3
47241,2,2
778611,1,1
11051889,1,1
6693402,2,2
14978982,2,2
93723,2,2
23281946,1,1
359822,3,3
13411699,3,3
397483,3,3
416318,3,3
29475447,3,3
1113131,2,2
963502,2,1
158277,2,2
1285704,2,2
764061,2,2
952429,1,1
13505130,1,1
37966527,1,1
7384801,3,3
8470445,3,3
1851166,1,1
25444612,2,2
15979672,3,3
29745,2,2
49256,3,3
15733851,3,3
38495829,2,2
25900032,1,1
21457935,2,1
15825775,2,2
270367,1,1
60972,1,1
30933,2,2
444330,2,2
2823,2,2
8485254,2,2
18948771,1,1
129237,1,1
286136,2,2
85312,2,2
2813124,3,3
9661294,1,1
18008425,1,1
217319,3,3
17983690,2,2
11437571,1,1
20613624,1,1
781844,1,1
180584,3,3
61992,3,3
11656,1,1
3741342,1,1
92517,3,3
150473,1,1
853825,3,3
14288454,3,3
50930,1,1
6320247,1,0
85861,2,2
6270483,1,1
3407354,2,1
511241,1,1
376613,2,2
44509971,3,3
6686342,2,2
9676707,3,3
327764,2,2
6453239,3,3
9960624,1,1
710582,2,2
568104,2,2
15811073,1,1
291440,3,3
11156028,3,3
177366,1,1
1708541,2,2
2200913,2,2
1016935,2,2
89362,2,2
18217,1,1
18683,1,1
1538,2,2
25159239,3,3
18634859,3,3
27863883,1,1
1117732,2,2
35899,1,1
21607,3,3
267243,1,1
149667,3,3
45250,1,1
16234269,2,2
12160933,1,1
6474550,3,3
34423751,2,2
1547361,2,2
5191,2,2
89526,3,3
17251103,3,3
1929182,3,3
769896,3,3
184419,1,1
24665189,3,3
557307,3,3
98049,2,2
18338465,1,1
2319322,2,2
463688,1,1
25250548,3,3
4497978,3,3
4101648,2,2
16054811,1,1
17675,3,3
18485973,3,3
182474,3,3
85574,1,1
27276365,3,3
2330383,3,3
501909,1,1
27876293,1,1
1151519,1,1
7832158,3,3
23399267,2,2
5451,1,1
20367560,3,3
2971,1,1
11865209,2,2
71680,2,1
36320,1,1
3410425,2,2
314972,1,1
6064622,3,3
13747,2,2
21859363,2,2
444381,1,1
38709,1,1
944213,3,3
6740252,1,1
18759345,3,3
133772,3,3
4897386,3,3
9283790,1,1
1249643,1,1
762727,2,2
23175906,1,1
6816968,2,2
36959639,3,3
7137160,3,3
13182986,1,1
93801,3,3
782519,1,1
5181,1,1
629949,2,2
395090,3,3
8325092,2,2
24835,3,3
17186034,2,2
18246803,3,3
7091296,3,3
3690,1,1
114127,3,3
142900,2,1
413678,2,2
193755,3,2
883235,3,3
21415815,1,1
415463,2,2
32315853,1,1
241388,2,2
200754,3,3
54519,2,2
232674,2,2
1036302,3,3
20444853,2,2
13380664,3,3
2120652,2,2
39063,3,3
79121,2,2
1132976,2,2
217625,1,1
11553,1,1
57787,1,1
1328944,2,2
106083,2,2
18007326,2,2
6321718,2,2
672484,1,1
11137459,3,3
37426,2,2
891983,1,1
6006518,1,1
10874177,2,2
626119,2,2
1542405,3,3
6056671,1,1
2281052,2,2
22584974,3,3
14256,2,2
464992,3,3
61449,1,1
13153400,2,2
10787512,2,2
236814,3,3
178143,2,2
28695,3,3
129264,1,1
10193062,1,1
36885304,2,2
7100200,2,2
72707,3,3
4207179,1,1
40589790,2,2
15814895,1,1
1930851,3,3
13577,2,2
7839887,2,2
744320,3,3
18693623,2,2
122986,2,2
16071656,2,2
92104,2,2
21058784,2,2
3465,2,2
85207,2,2
21455492,1,1
34381254,2,2
22700430,2,2
19256975,3,3
17164129,1,1
325661,2,2
8356487,3,3
50127,1,1
17567265,2,2
940202,2,2
614575,2,2
786221,1,1
8637521,3,3
58893,1,1
34684622,3,3
17332247,1,1
15617,3,3
691209,1,1
207313,3,3
15732712,3,3
746673,2,2
11346278,1,1
12994082,3,3
18102827,3,3
123843,1,1
23701,3,3
1123516,1,1
50468,2,2
11680962,1,1
24671,3,3
535892,2,2
58094,2,2
6871617,3,3
420180,1,1
6954133,3,3
123845,1,1
799073,3,3
10290752,1,1
11479938,2,2
9917957,3,3
1769758,1,1
91950,1,1
71867,3,3
9375,2,2
6671733,3,3
933188,1,1
8694331,2,2
3954298,1,1
18259637,2,2
36192,2,2
45961,2,2
112752,1,1
128048,3,3
16200,3,3
1089325,1,1
83539,1,1
35995489,1,1
358856,1,1
2302650,3,3
8349343,1,1
439275,3,3
126005,2,2
7121598,2,2
912218,1,1
121120,1,1
140089,2,2
836511,2,2
25587,1,1
42462428,1,1
2252947,3,2
6365569,3,3
2721469,1,1
381355,1,1
1575104,2,2
2021815,3,3
13425393,1,1
139421,2,2
5322135,3,3
6556261,2,2
3331789,1,1
10356760,3,3
7935687,2,2
1264695,1,1
68428,1,1
31336,1,1
25478754,3,3
13037,3,3
3367956,3,3
971438,3,3
34219880,2,2
70491,1,1
862013,1,1
513617,3,3
1278752,3,3
18140047,3,3
477107,1,1
164721,1,1
107971,3,3
1481854,3,3
17033173,2,1
312029,1,1
3326828,3,3
7058268,2,2
6609769,2,2
18813108,2,2
8558020,3,3
106861,3,3
9942081,1,1
152402,2,2
427248,2,2
2387220,2,2
42080142,1,1
12462627,1,1
517188,2,2
9691498,3,3
4506722,3,3
19675,2,2
10710505,2,2
22886113,2,2
51029834,2,2
285011,1,1
304209,1,1
16128338,2,2
7073,3,3
7042,2,2
221639,2,2
380558,2,2
303639,3,3
1908456,3,3
6580970,3,3
8705637,1,1
88495,2,2
13255616,1,1
16045140,2,2
28510777,3,3
6314793,2,1
56616,2,2
9538,3,3
613283,3,3
28217831,1,1
85907,2,2
3820389,1,1
248881,3,3
272211,1,0
15789177,2,2
264446,1,1
395922,2,2
6801755,2,2
6324382,2,2
6858346,3,3
153057,1,1
9417,3,3
26154389,2,2
13328554,2,2
41697,1,1
16043758,3,3
14419107,1,1
627204,1,1
11026,3,3
12924333,1,1
19199460,1,1
1025039,2,2
34076952,3,3
4067103,1,1
53138025,1,1
307212,1,1
47853,2,2
114599,3,3
212349,2,2
16291969,3,3
43327,3,3
1702448,3,3
17403101,1,1
1590423,1,1
644197,2,2
16277251,2,2
707225,2,2
9275067,2,2
43049,3,3
27523,2,2
17668125,1,1
7105,1,1
12407466,2,2
7687223,3,3
833970,3,3
7099920,3,3
417656,2,2
339443,1,1
6388255,2,2
11928859,3,3
95607,1,1
17289943,3,3
6795139,2,2
32505753,3,3
45244,2,2
33914012,2,2
28251377,3,3
2325497,1,1
215631,2,2
14739812,2,2
17586834,3,2
378208,2,2
461627,3,3
1032019,3,3
29917,3,3
43933,3,3
30754980,1,1
23367265,1,1
30254923,2,2
11166889,3,3
140225,1,1
2273246,2,2
9640591,1,1
11703597,1,1
1295102,1,1
736391,3,3
3248297,3,3
356063,1,1
40395,1,1
208916,1,1
15654,2,2
5161066,1,1
37587,1,1
17032324,2,2
6202861,2,2
18471117,1,1
189802,3,3
2339,3,3
9859438,2,2
6348045,1,1
7938057,3,3
311178,3,3
9578336,2,2
6263533,2,2
214841,1,1
291179,2,2
424604,1,1
22609307,2,2
108218,2,2
26722,3,3
6313970,3,3
9306975,2,2
7135858,3,2
2791536,2,2
1423,3,3
7645492,2,2
404874,3,3
280410,3,3
761218,1,1
13540725,1,1
232738,2,2
450534,3,3
5040449,3,3
402994,1,1
5092,3,3
4952,3,3
47561,2,2
10757806,3,3
7624,3,3
13061255,2,2
34517,2,2
568092,2,2
62812,1,1
13060608,2,2
29415,3,3
918095,3,3
11599,1,1
31451186,1,1
2310220,3,3
52190991,3,3
4934,2,2
13136,1,1
117161,2,2
6261078,2,2
2169313,1,1
23159652,1,1
31925314,2,2
107771,1,1
154655,1,1
7193774,2,2
938105,3,3
15811505,1,1
80534,1,1
1724365,3,3
487238,1,1
545766,3,3
114144,2,2
186445,2,2
46199,1,1
1764154,1,0
9868,3,3
19000898,2,2
11929445,3,3
1129283,1,1
250165,1,1
20814993,2,2
343529,3,3
7334201,3,3
30375755,1,1
20556438,2,2
45885644,3,3
552669,1,1
216378,1,1
17137581,2,2
52528,2,2
52782,2,2
28675567,3,3
3275890,3,3
3064985,2,2
1819632,2,2
22022457,3,3
112507,2,2
2165,2,2
14375554,3,3
4887,3,3
197458,3,3
3666363,3,3
3851330,1,1
24334,1,1
6297286,3,3
71121,1,1
247000,1,1
299596,3,3
1804120,1,1
3798707,2,2
509387,1,1
1192530,2,2
211780,3,3
406575,1,1
1240662,1,1
333938,3,3
720833,3,3
7779757,3,3
26116505,2,2
7104709,2,2
7735325,3,3
506908,3,3
12413953,3,3
1070529,2,2
18189606,3,3
222525,3,3
45978,3,3
51591,2,2
44796,1,1
1325629,1,1
22749788,1,1
444315,1,1
17165924,1,1
3100092,1,1
13366259,3,3
29396943,1,1
223635,1,1
12107925,1,1
6115321,2,2
24039422,1,1
19419602,2,2
6219294,1,1
1092878,1,0
7955881,1,1
891081,3,2
9578482,2,2
11400008,2,2
28369891,3,3
319205,2,2
30593,2,2
132709,2,2
30340276,3,3
3189901,1,1
18683518,1,1
5958783,3,3
10833203,2,2
38378,2,2
8070049,2,2
10798398,3,3
19377118,2,2
7199829,2,2
12072969,2,2
6091497,3,3
18469079,2,2
381440,3,3
16045306,1,1
34219873,3,3
20739,1,1
52855,1,1
46911,3,3
1169051,2,2
2855642,3,3
17254035,1,1
821026,2,2
505636,3,3
26084079,2,2
6564,2,2
16543,3,3
219909,2,2
8047342,3,3
2111634,1,1
42692,3,3
2149388,2,2
332756,3,3
2049763,2,2
3759847,1,1
144127,1,1
14034,2,2
27161156,2,2
35041669,3,3
2142887,2,2
6930002,3,3
6977769,2,2
34660,1,1
2429534,3,3
10322007,3,3
3943,1,1
10326890,2,2
180455,2,2
160109,1,1
76659,3,3
72286,1,1
77125,1,0
11324,2,2
10355662,2,2
13069261,3,3
1087601,1,1
7146050,1,1
1522679,3,3
263091,2,2
40620607,2,2
234072,1,1
9924,2,2
28134,2,2
11019938,3,3
16101023,1,1
3002310,3,3
289169,2,2
564758,1,1
81021,3,3
3373198,2,2
871600,3,3
11872688,2,2
8229399,2,2
69947,1,1
351384,3,3
15811102,3,3
2873105,2,2
845250,2,2
23626771,3,3
2873,1,1
28101540,3,3
77040,1,1
7881882,3,3
89724,2,2
8712290,3,3
103159,3,3
836661,2,2
6467115,2,2
561909,1,1
711901,2,2
61938,3,3
128116,3,3
26109394,3,3
91247,1,1
67721,1,1
9242834,2,2
127804,1,1
206731,3,3
6496815,3,3
6567017,1,1
114160,3,3
83408,3,3
128756,1,1
154629,1,1
28449231,1,1
29467232,2,2
24397040,1,1
52867387,1,1
68519,2,2
238959,3,3
159320,3,3
16182601,1,1
7851203,2,2
21491,1,1
593031,3,3
1199553,2,2
1619504,1,1
1326782,3,3
400,3,3
294817,3,2
23281902,1,1
52862903,2,2
80369,3,3
62258,2,2
6531,3,3
377898,1,1
617097,3,3
906684,3,3
360918,2,2
2306910,3,3
16431,1,1
216213,3,3
2268909,2,2
30621224,2,2
28420,3,3
109326,3,3
11474123,1,1
690955,1,1
319614,1,1
21469109,3,3
631147,1,1
9712800,3,3
23966,2,2
7224584,1,1
431791,1,1
199854,2,2
3679,1,1
501124,2,2
184085,3,3
659345,1,1
948212,3,3
175038,3,3
2044238,2,2
233920,1,1
12114440,3,3
6837103,3,3
1024684,1,1
8584912,2,2
8830,2,2
32260,3,3
92958,2,2
658241,1,1
33577,2,2
438131,2,2
215605,3,3
859858,3,3
445654,1,1
6969361,3,3
1035,2,2
72223,1,1
32051912,1,1
36314,1,1
3239511,1,1
70581,3,3
8611530,1,1
80064,1,1
10852,2,2
54606,3,3
2287,3,3
34964905,1,1
29822,1,1
2204464,1,1
53307,1,1
14433012,3,3
6070790,2,2
2324902,2,2
45046784,1,1
549455,3,3
240130,1,1
17152940,2,2
311121,3,3
862540,3,3
23206366,1,1
62268,3,3
428350,3,3
526170,1,1
257506,2,2
24915,1,1
18693922,2,2
14347239,3,3
416108,2,2
28815482,1,1
12407853,2,2
10835994,1,1
363453,3,3
481528,2,2
395873,2,2
42600543,1,1
170844,1,1
15811560,2,2
12386931,1,1
20808520,1,1
362212,2,2
1131133,2,1
358306,3,3
201126,2,2
25156675,2,2
30004,1,1
7893098,2,2
42953,2,2
14567915,3,3
136228,2,2
147993,2,2
24931522,3,3
50852,3,3
12976819,2,2
9477539,3,3
240910,3,3
13165142,1,1
160769,1,1
1557374,3,3
4830,2,2
1714910,1,1
12820360,3,3
706476,3,3
18140842,1,1
13622,3,3
7953079,2,2
36336078,2,2
233093,3,3
12584442,3,3
129792,2,2
13002124,1,1
777211,2,2
19106,3,3
169005,3,3
1824218,3,3
32492969,3,3
29380191,2,2
171102,1,1
34467031,3,3
9879625,1,1
116988,2,2
537116,1,1
34503,2,2
5371,2,2
12078346,1,1
346267,1,1
3474898,3,3
52564410,3,3
11495514,3,3
445155,1,1
25810398,2,2
850413,1,0
882203,2,2
6332,3,3
23492692,2,2
633446,2,2
16004807,3,3
563322,2,2
502101,3,3
23602473,3,3
79275,1,1
289601,2,2
5308,3,3
32673847,1,1
694270,3,3
708549,2,2
110433,1,1
350039,1,1
618196,2,2
247526,2,2
9777,2,2
22201,2,2
9722219,3,3
15757971,1,1
127432,1,1
3004197,2,2
2226289,2,2
301822,1,1
84737,2,2
17695243,3,3
7971382,1,1
101949,1,1
19351,2,2
825377,3,3
2956,2,2
13360957,3,3
4902793,3,3
84967,3,3
17724774,2,2
11346,3,3
26030692,2,2
253071,2,2
28426,1,1
857445,2,2
6178354,3,3
93275,2,2
546170,3,3
190572,2,2
8811134,2,2
7487212,3,3
15790893,2,2
324629,2,2
763426,1,1
34299826,1,1
2848487,3,3
13041100,1,1
2243611,2,2
35295478,2,2
355917,2,2
11746513,3,3
13056809,2,2
318394,3,3
52108,1,1
3250465,1,1
40314,3,3
101269,1,1
4799,2,2
89281,3,3
146107,3,3
5027092,3,3
6609748,1,1
6541,3,3
232123,1,0
25262615,1,1
17571564,3,3
197854,2,2
21418013,1,1
621616,1,1
101299,2,2
13405109,1,1
3294302,2,2
359759,2,2
92500,2,2
76334,1,1
816953,2,2
12528745,1,1
21539471,3,3
251392,1,1
22571272,1,1
2768169,1,1
13221024,2,2
10024937,2,2
639833,1,1
135444,1,1
180089,1,1
7685237,1,1
96979,2,2
313640,1,1
2059842,3,3
13154150,1,1
1139452,1,1
33574273,3,3
355789,3,3
6527740,2,2
5843145,1,1
6503155,2,2
12742913,1,1
24374,2,2
43386663,1,1
18260385,2,2
1089323,3,3
25794796,3,3
17448137,2,2
295621,3,3
805478,1,1
2331954,2,2
91289,3,3
2516188,2,2
59952,2,2
3113386,3,3
17840057,1,1
10799881,1,1
156770,2,2
1562,1,1
6076413,2,2
270521,1,1
7182626,2,2
6322122,2,2
7507750,2,2
2056877,3,3
96082,3,3
6791785,2,2
1503431,3,3
25893582,2,2
6916518,3,3
12444,1,1
25636235,2,2
1503274,2,2
3277222,3,3
58314,3,3
15789361,3,3
240004,1,1
8,1,1
1650093,3,3
17883157,1,1
10788140,1,1
21535713,2,2
897750,2,2
782898,2,2
17909,3,3
1105093,1,1
289729,3,3
1044518,3,3
6318283,2,2
52593,1,1
682,3,3
1141660,1,1
45343240,1,1
411496,2,2
60653,1,1
156873,1,1
33283109,1,1
232467,2,2
10605,2,2
316876,1,1
53033618,2,2
2799233,2,2
264390,3,3
747399,1,1
33139533,2,2
9755855,1,0
15853094,2,2
104216,2,2
24149,2,2
33482,3,3
18588799,2,2
13895,1,1
1802827,2,2
6006715,2,2
402762,1,1
679877,1,1
4953,2,2
7016195,3,3
21912276,3,3
184657,1,1
133793,2,2
1844204,1,1
220604,2,2
146742,3,3
3009435,3,3
6267237,1,1
1005680,3,3
6594099,2,2
2662604,1,1
215543,1,1
4428699,2,2
578428,1,1
63720,3,3
77738,3,3
1311496,2,2
6976104,3,3
48462,2,2
11544452,1,1
732482,2,2
6765788,3,3
39218054,3,3
11164626,2,2
6839020,2,2
9480333,1,1
662697,2,2
511655,2,2
383206,2,2
105657,3,3
33913910,3,3
11395597,1,1
7704943,3,3
20877902,2,2
191940,3,3
476875,2,2
81903,2,2
9761771,3,3
8842,2,2
37451,3,3
15760720,2,2
44581535,1,1
13227866,1,1
806122,2,2
31128746,3,3
38359036,2,2
40290,3,3
280819,1,1
2314315,1,1
6064635,1,1
25111874,2,2
8427264,3,3
11013,3,3
28209123,2,2
2281392,1,1
49978956,3,3
1898916,3,3
497648,3,3
58092,2,2
17401028,2,2
655569,1,1
1953489,2,2
13518793,2,2
31367,1,1
1067145,1,1
378579,2,2
12180248,2,2
1197929,2,2
3419808,1,1
7093952,3,3
51974571,3,3
13090234,2,2
22924864,2,2
477078,2,2
14617526,2,2
226073,3,3
73928,2,2
14463,1,1
8997745,3,3
3629971,2,2
6725785,1,1
16065672,2,2
10746419,2,2
6338778,2,2
17987508,1,1
32626,2,2
565836,2,2
13455417,2,2
387849,3,3
455519,1,1
156563,3,3
30332,1,1
9799,2,2
10329439,3,3
95144,1,1
761260,3,3
2235597,3,3
17902860,2,2
29617,1,1
16718143,1,1
12764,1,1
36629470,3,3
957282,1,1
1218465,1,1
6629340,3,3
345167,1,1
3060485,3,3
25064648,2,2
388307,2,2
277190,2,2
915554,2,2
57460,2,2
11260526,3,3
301141,3,3
4682558,1,1
726374,3,3
11214214,3,3
10165727,3,3
850406,2,2
6969367,1,1
22717666,1,1
460327,2,2
7095422,2,2
34091380,1,1
13406959,1,1
9752191,3,3
7922146,3,3
12963457,3,3
77430,1,1
7963208,2,2
25116648,3,3
1658696,3,3
47021,1,1
15828370,2,2
7456726,3,3
13248799,3,3
514855,2,2
97385,2,2
862007,2,2
9648068,1,1
22021611,1,1
35350,3,3
11233988,2,2
420496,3,3
24382227,3,3
10796353,3,3
807044,1,1
1627267,2,2
3066,1,1
5067665,1,1
13040265,3,3
1264916,2,2
15801335,2,2
13563669,3,3
35003282,3,3
17612202,3,3
27169925,1,1
25526296,3,3
2344801,1,1
894881,2,2
10603056,3,3
28322296,2,2
744322,1,1
421398,2,2
34189556,2,2
49038,3,3
2153238,3,3
20628154,1,1
25015043,2,2
490138,3,3
5802140,3,3
23546739,1,1
15682,3,3
779889,2,2
26127512,1,1
5139,3,3
7469133,2,2
18229453,2,2
341932,1,1
35540804,2,2
501215,1,1
55776,1,1
11313,2,2
674495,3,3
8748031,1,1
1078950,2,2
511627,2,2
517693,2,2
156763,3,3
792161,3,3
6598687,2,2
6286946,1,1
13376363,1,1
2326098,1,1
279119,1,1
1460154,3,3
1543786,2,2
16527,1,1
32513,1,1
448711,3,3
34609406,2,2
6586512,3,3
106244,3,3
8131576,3,3
6621143,2,2
1012794,3,3
13455534,2,2
11450360,3,3
309480,3,3
11363759,2,2
21120350,3,3
599090,2,2
46194224,2,2
13477883,3,3
7022,1,1
33547,2,2
53345360,2,2
15758438,2,2
259978,2,2
99702,2,2
6476709,1,1
13540524,2,2
18383325,3,3
10734210,2,2
2799330,1,1
115037,3,3
172134,3,3
89208,1,1
352781,3,3
166177,2,2
47881,2,2
21500,2,2
989030,1,1
7264975,3,3
7850899,3,3
18630547,1,1
481446,3,3
549938,2,2
1842565,3,3
440122,2,2
294951,1,1
128757,1,1
17981453,3,3
20509356,3,3
17797253,2,2
2161966,2,2
4390036,2,2
16047,2,2
247369,2,2
288159,3,3
8051458,2,2
139724,1,1
74219,1,1
13618440,3,3
100369,3,3
18342290,1,1
32432,3,3
190372,2,2
18138189,3,3
24110823,2,2
3159138,2,2
3202205,1,1
12107192,2,2
826852,3,3
465003,3,3
22325661,2,2
3384017,1,1
393841,2,2
446945,3,3
16035,1,1
7944608,2,2
16361,3,3
42158,1,1
6508952,1,1
3764,2,2
60229,1,1
7911684,1,1
6895179,1,1
6635054,3,3
99177,2,2
33158525,1,1
13621089,1,1
165526,3,3
101014,2,2
12467865,3,3
297219,2,2
43191510,2,2
247204,1,1
16130371,2,2
10450750,3,3
7670616,2,2
379143,2,2
17465455,2,2
651993,3,3
177398,1,1
11038479,3,3
7276319,3,3
140138,3,3
522534,3,3
331029,2,2
18513589,3,3
8373527,3,3
22855494,3,3
92965,2,2
294321,1,1
10046509,2,2
774289,2,2
133729,2,2
373755,2,2
24178,2,2
20170404,1,1
24889889,1,1
86451,2,2
16131073,2,2
22138443,1,1
6156,3,3
84049,2,2
492109,2,2
140345,3,3
925361,1,1
126780,3,3
9741685,1,1
12934115,2,2
151691,3,3
34570,3,3
8314214,2,2
42990,2,2
683006,2,2
17981276,1,1
2172538,3,3
24813,1,1
18584440,3,3
29907838,1,1
76314,1,1
25573718,3,3
10697608,3,3
1348468,3,3
7062,1,1
16199855,3,3
129783,3,3
13478341,3,3
9188338,2,2
2199631,1,1
16718816,2,2
1554307,3,3
377916,1,1
7389,1,1
30069169,3,3
782026,3,3
28083311,2,2
11455168,3,3
124750,1,1
18002761,2,2
614558,1,1
911760,3,3
228221,3,3
34850243,3,3
6075576,2,2
11421122,3,3
28471914,3,3
2598854,1,1
442615,1,1
15817667,2,2
35332,2,2
8112340,3,3
2174010,1,1
1144084,1,1
3046463,2,2
776175,3,3
3094156,1,1
227331,2,2
37914571,1,1
847786,2,2
26920,1,1
227789,1,1
384962,1,1
20578515,3,3
96505,2,2
2866413,2,2
89788,1,1
156775,3,3
824765,3,3
8550813,2,2
2360997,1,1
17572846,1,1
232576,2,2
386580,3,3
1663,3,3
11826008,1,1
10572,3,3
902743,2,2
125959,1,1
337132,1,1
44399,2,2
629619,3,3
105599,1,1
18193684,1,1
242669,3,3
430388,1,1
18239142,3,3
16150831,3,3
42046112,2,2
1644692,3,3
47944,2,2
1557358,2,2
1273995,1,1
6641796,2,2
73186,2,2
4066312,3,3
53450218,3,3
8727466,1,1
912774,3,3
90988,3,3
16040242,3,3
209936,3,3
510029,3,3
36439333,1,1
184786,2,2
407154,2,2
710603,3,3
142845,1,1
3361023,2,2
12823329,2,2
7456034,3,3
6633798,1,1
23937,2,2
9520360,2,2
22328546,3,3
1158260,3,3
507069,3,3
6919484,3,3
831231,2,2
12022765,2,2
7184066,1,1
18302455,1,1
23497890,1,1
7023534,2,2
9470371,3,3
1263041,1,1
239823,3,3
102736,1,1
30694168,2,2
130519,2,2
7656231,3,3
8017244,2,2
20564828,1,1
1017264,1,1
300043,2,2
10084,1,1
3224911,2,2
12076991,1,1
16315,2,2
2052978,3,3
168283,3,3
1189454,1,1
39307,2,2
223394,3,3
5941385,2,2
1832858,1,1
10414930,2,2
133664,2,2
16036975,2,1
14411137,3,3
1394099,2,2
179133,2,2
20536379,2,2
21401526,3,3
29523636,2,2
127582,3,3
2248164,2,2
149608,3,3
12144652,1,1
435307,1,1
7824997,1,1
151740,3,3
221817,2,2
78415,1,1
223462,1,1
39799,2,2
17991040,3,3
15944406,2,2
82780,3,3
9733619,2,2
7052617,2,2
495305,3,3
1481578,1,1
4900,3,3
149543,3,3
18967087,2,2
8826,2,2
6336078,3,3
478071,2,2
3120995,3,3
311156,2,2
17910459,1,1
2463887,3,3
1772941,3,3
36588,1,1
1429768,1,1
112110,3,3
17320133,2,2
9468234,2,2
20575477,2,2
78986,3,3
39897058,1,1
27219837,1,1
4554304,1,1
86238,3,3
12882349,2,2
36546635,1,1
24782,3,2
41720140,1,1
7187395,2,2
663387,2,2
6249762,3,3
1234704,3,3
2416991,3,3
59833,3,3
4345290,2,2
17949078,2,2
481743,3,3
32276,1,1
52783,2,2
29344817,3,3
18170583,1,0
20924711,3,3
23280166,3,3
86424,2,2
824762,3,3
266346,2,2
45895148,2,2
11933,2,2
25968411,3,3
152381,1,1
52786359,3,3
13547971,2,2
34908,1,1
7039218,2,2
62666,2,2
36360655,1,1
154710,3,3
18778808,1,1
18802396,2,2
389627,1,1
113326,2,2
141354,1,1
28627373,1,1
2739979,1,1
16101026,2,2
1333030,3,3
140963,3,3
25035244,1,1
7135797,3,3
18870159,1,1
13069681,2,2
1340185,2,2
149056,2,2
1087184,3,3
389904,3,3
13617,1,1
17334074,3,3
11092328,3,3
9939629,1,1
153792,3,3
122885,1,1
1162022,2,2
3005076,3,3
7784,1,1
136963,2,2
154423,3,3
51428,1,1
34020169,2,2
238344,3,3
629,1,1
78131,2,2
77103,3,3
682931,3,3
5097515,3,3
243340,3,3
377993,1,1
41337,1,1
667104,2,2
7721198,3,3
176327,3,3
2032327,1,1
41424,1,1
2325390,2,2
12246894,3,3
22725532,1,1
7108001,3,3
468664,3,3
6582496,1,1
288987,1,1
17978160,3,3
22875,3,3
25463009,2,2
16073050,1,1
226378,1,1
32326398,3,3
329082,2,2
406849,3,3
169503,2,2
435804,1,1
280111,3,3
18388426,1,0
20653878,3,3
5170850,1,1
1797221,1,1
25558608,3,3
34670747,2,2
666349,1,1
2186848,1,1
41706,1,1
15798672,1,1
13728,3,3
39933,3,3
586416,2,2
25548442,2,2
95819,1,1
22504496,3,3
9751511,1,1
30071,2,2
32306550,3,3
3381690,1,1
126066,1,1
6023992,2,2
13543179,1,1
1724618,2,2
9745711,1,1
17564643,2,2
56030,1,1
858859,1,1
102241,3,3
114523,3,3
6538757,1,1
24093,3,3
627686,2,2
12513614,2,2
2744,3,3
2168860,1,1
12285174,3,3
274043,2,2
14553840,1,1
262033,3,2
226113,2,2
20739792,3,3
2430,1,1
263875,3,3
31421,3,3
13034086,3,3
12444297,2,2
11633,1,1
55304,2,2
394024,2,2
82821,3,3
13108754,2,2
110248,2,2
67700,3,3
7602367,1,1
17871711,2,2
383022,3,3
5792404,2,2
1890017,3,3
16248220,2,2
16068797,3,3
291583,2,2
47624,2,2
271457,3,3
160882,1,1
95105,2,2
17785991,2,2
16366,3,3
1268536,3,3
833332,3,3
444056,2,2
6149,3,3
8642235,2,2
1020674,1,1
13547956,1,1
14625570,2,2
23183,1,1
71935,2,2
2814633,3,3
107664,2,2
806140,2,2
20613470,1,1
145659,1,1
495908,1,1
36482829,2,2
69092,3,3
17608949,2,2
43835491,1,1
7332664,2,2
830364,2,2
74406,3,3
5296227,3,3
1611127,3,3
183645,1,1
46485,1,1
472778,1,1
2247142,1,1
128429,1,1
797635,2,2
12232938,3,3
18160436,2,2
7193298,2,2
953320,3,3
552417,2,2
18365529,1,1
17369219,3,3
15746101,2,2
312051,3,2
101027,1,1
13241659,3,3
92250,3,3
9633221,1,1
421869,2,2
2065568,1,1
1169429,1,1
7552716,2,2
33395889,1,1
8076919,1,1
1427349,3,3
14885892,3,2
93742,1,1
359827,2,2
17157641,3,3
167040,2,2
1239129,3,3
6594869,3,3
35137915,2,2
8008928,3,3
80313,2,2
317970,1,1
95747,2,2
7993902,2,2
13015054,2,2
179565,2,2
633274,1,1
105711,2,2
23419,2,1
142080,3,3
6424,2,2
5278010,3,3
838768,2,2
7194943,2,2
16041169,2,2
2440137,2,2
2804962,3,3
11382304,2,2
35604686,2,2
437797,1,1
27420590,2,2
17905761,1,1
18594761,2,2
893195,2,2
814487,3,3
7664334,1,1
2992647,2,2
28965554,2,2
40387,1,1
319300,3,3
30288,1,1
837316,1,1
835277,3,3
5547840,3,3
7815478,2,2
537404,2,2
132867,2,2
17285330,1,1
200883,2,2
24767,2,2
825509,2,2
644949,2,2
475245,3,3
900750,3,3
15782111,3,3
7387900,1,1
18166849,1,1
37688046,3,3
272614,3,3
126496,2,2
28650500,2,2
1743821,1,1
18046495,1,1
128280,1,1
37775321,1,1
21126980,2,2
18773349,3,3
2321054,2,2
352262,3,3
78981,3,3
23724,2,2
776877,1,1
1108130,3,3
164955,2,2
2721947,3,3
24974015,3,3
7254244,2,2
84726,1,1
147360,2,2
48328,3,3
23012543,3,3
301114,2,2
826706,1,1
32905343,1,1
313267,1,1
22694050,3,3
13510297,2,2
630656,2,2
907432,3,3
32499,2,2
6359195,2,2
38333,2,2
37732,1,1
493715,2,2
293983,1,1
8036652,3,3
2218102,1,1
30617,2,2
18143974,3,3
6516613,2,2
7828781,1,1
856923,1,1
6490174,3,3
493311,2,2
11434,3,3
1627127,1,1
729404,3,3
484531,1,1
35921,2,2
12753882,1,1
160317,2,2
1544060,3,3
302457,3,3
129312,3,3
117047,2,2
1778692,3,3
652558,3,3
20821294,2,2
6950451,3,3
53003,1,1
1294874,1,1
186427,1,1
13489518,3,3
1672391,3,3
25785993,3,3
25262045,2,2
20691201,2,2
3105541,2,2
17333338,3,3
418567,1,1
1262472,1,1
18050104,2,2
8429687,2,2
6539,1,1
179735,2,2
818407,2,2
2216225,2,2
17461,1,1
6282753,3,3
1469982,3,3
6354594,2,2
176844,2,2
5778773,3,3
21948349,3,3
3478,1,1
13330603,1,1
2205663,1,1
951113,3,3
25698394,2,2
135448,2,2
1996124,2,2
17333171,2,2
1903696,1,1
11699349,3,3
13828409,1,1
7776678,3,3
826564,2,2
29923707,1,1
526672,3,3
6065215,2,2
370899,1,1
35841774,3,3
18752963,2,2
12033131,3,3
580213,2,2
13450407,2,2
17259417,3,3
910120,2,2
1429901,3,3
1481810,1,1
439984,3,3
426215,1,1
1070551,3,3
13505635,1,1
22345,3,3
290864,1,1
379095,3,3
8366402,1,1
124854,3,3
66675,1,1
383018,3,3
483369,2,2
1373618,3,3
18804857,3,3
95602,1,1
29012,1,1
738208,3,3
581365,2,2
8843789,2,2
3979,2,2
15799221,2,2
13421358,3,3
10127019,1,1
1282266,3,3
38244389,2,2
129582,1,1
7090193,1,1
48757,3,3
11305364,3,3
279672,2,2
8607349,2,2
40996663,3,3
1020421,3,3
2420340,3,3
242446,2,2
1274483,1,1
573394,2,2
17379354,3,3
721012,2,2
7885220,1,1
17488,3,2
51210,2,2
2248060,1,1
11441,1,1
34002,1,1
25532845,2,2
7959038,2,2
23497854,1,1
539770,2,2
840096,1,1
13448881,3,3
69802,3,3
9912400,2,2
14865,3,3
4254108,2,2
93157,3,3
8618410,3,3
981161,1,1
41668,3,3
6608160,2,2
32485744,3,3
5752,3,3
6197,1,1
17194490,1,1
15808302,1,1
608216,1,1
11650,2,2
664553,1,1
23502345,1,1
5368,1,1
13316241,3,3
1897448,3,3
43286371,1,1
1450407,1,1
734636,3,3
10803121,2,2
6649318,1,1
13615541,2,2
157685,2,2
3257736,1,1
209809,3,3
1178136,1,1
6596080,1,1
22539,2,2
586139,1,1
99610,2,2
27832513,2,2
32327701,1,1
828992,1,1
27972343,2,2
26109391,1,1
15424,1,1
207864,2,2
14281,1,1
18452,2,2
13549445,1,1
541127,2,2
47907,3,3
79550,3,3
6696296,1,1
1698268,2,2
33230173,1,1
33724,2,2
18249280,2,2
156427,2,2
7352053,1,1
24885622,1,1
1906987,2,2
17857684,3,3
1210874,1,1
18594335,1,1
744321,1,1
14714484,3,3
423941,3,2
20561849,3,3
231183,3,3
3955077,1,1
1935045,1,1
12998057,1,1
199263,1,1
71299,2,2
6505109,3,3
801178,3,3
666601,2,2
170548,3,3
184854,2,2
294937,2,2
9579634,1,1
17802957,1,1
48180,1,1
15803571,3,3
17316489,2,2
141371,2,2
89716,2,2
20774307,3,3
882577,1,1
273737,2,2
885387,1,1
2273,1,1
186190,2,2
26074156,2,2
17192373,2,2
106835,1,0
260337,2,2
33412780,2,2
150129,2,2
1856004,1,1
27912522,2,2
31915603,3,3
11201519,2,2
59285,1,1
23206604,3,3
13420948,1,1
24396967,3,3
258345,3,3
6324492,2,2
870910,2,2
503342,1,1
6304332,2,2
27530,3,3
51790,3,3
1839943,2,2
41069,1,1
16073993,1,1
1557357,1,1
343347,1,1
137599,3,3
22046835,1,1
9895917,1,1
342834,3,3
987507,1,1
27245604,1,1
21087859,3,3
319976,2,2
315894,1,1
443103,1,1
25852870,3,3
16000044,1,1
6308347,3,3
8364977,3,3
570758,2,2
1009140,2,2
33600,3,3
30226723,2,2
491858,1,1
17735,2,2
7989890,1,1
7783636,1,1
13825165,3,3
831446,1,1
10009,3,3
3119173,3,3
10803806,1,1
2214574,2,2
7716140,1,1
212985,1,1
112274,1,1
238355,2,2
543888,1,1
683406,2,2
232459,2,2
4086725,3,3
13573875,2,2
11346550,2,2
3421761,3,3
539391,2,2
2808554,1,1
761023,1,1
1466363,2,2
657382,1,1
27822,2,2
1125413,1,1
5084,3,3
592657,1,1
44521,2,2
19275709,1,1
12312770,3,3
423124,2,2
490425,3,3
40028529,3,3
80834,3,3
31175,1,1
6593585,1,1
510247,1,1
455930,1,1
5083549,2,2
4769651,1,1
24727081,1,1
270804,2,2
32941327,1,1
12777554,1,1
22859573,2,2
26622595,2,2
862873,2,2
13366929,3,3
12240419,2,2
1334556,1,1
13083,3,3
36124936,3,3
228286,1,1
6344424,2,2
17675042,2,2
445747,2,2
21459383,2,2
9584310,1,1
6256534,2,2
21928,3,3
316287,3,3
42714,2,2
3347728,3,3
81060,3,3
226369,3,3
556629,1,1
41816865,2,2
18142329,2,2
7971302,3,3
8303108,3,3
30119,1,1
29938032,1,1
13023,1,1
50033,3,3
1746470,1,1
6578822,1,1
15558,1,1
6405363,3,3
1251838,1,1
41009603,3,3
4703427,1,1
6063110,3,3
2155,2,2
1231900,2,2
10843036,3,3
8675,1,1
308251,1,1
6033257,1,1
18624809,2,2
131633,1,1
850410,3,3
109520,3,3
1066051,2,2
13537830,2,2
1097802,3,3
4465766,2,2
2262320,3,3
2824517,3,3
18168527,3,3
237900,3,3
6851,3,3
9778945,2,2
7145258,1,1
50181,2,2
38529,2,2
6618272,2,1
1309025,3,3
224387,1,1
17671483,3,3
131366,3,3
22717987,1,1
23644595,3,3
18713134,2,1
61115,3,3
778285,1,1
119013,1,1
33198183,1,1
15746781,1,1
644583,1,1
8430908,3,3
10271616,1,1
352724,1,1
50718,1,1
16030663,2,2
480570,2,1
218677,1,1
1124288,3,3
2044979,2,2
32980,2,2
10853,2,2
1111741,1,1
29405093,3,3
33811,3,3
3430166,2,2
744980,2,2
1383168,1,1
38338,2,2
7804200,3,3
11030967,2,2
1381691,3,3
13556706,2,2
25856,1,1
104085,3,3
33161035,2,2
15836516,3,3
7159515,3,3
92373,2,2
12703250,2,2
28449257,1,1
3678413,2,2
17455456,2,2
2296769,2,2
24724,3,3
198330,2,2
102386,3,3
28817400,1,1
96471,3,3
48481,2,2
4727770,3,3
6640337,2,2
5366784,1,1
2187722,2,2
8558857,2,2
16160314,3,3
30780006,1,1
881466,3,3
219106,1,1
6520659,1,1
9914,1,1
1271502,2,2
517344,1,1
8609296,1,1
16075836,3,3
6372,3,3
511684,2,2
75479,1,1
1445805,2,2
5933841,2,2
177333,2,2
280240,2,2
13419125,3,3
74696,1,1
107943,3,3
17332435,1,1
8542611,2,2
49537696,3,3
1953,1,1
6681333,1,1
6871077,3,3
641760,1,1
7742850,1,1
16152943,1,1
24248,3,3
202216,3,3
43497241,2,2
534753,3,3
159418,3,3
27607,1,1
208124,3,3
13503581,3,3
92956,3,3
34065268,1,1
220741,3,3
18722754,2,2
23846000,3,3
6365568,1,1
11653,3,3
102267,3,3
73051,1,1
17182126,2,2
23924229,1,1
3739051,1,1
1260916,3,3
13067,1,1
6572,3,3
42063845,3,3
119116,3,3
32854499,1,1
630879,3,3
10194224,1,1
68890,3,3
60080,3,3
22892122,2,2
11094530,1,1
160198,2,2
12612,1,1
279033,2,2
16106444,2,2
870808,2,2
1027539,3,3
8038053,2,2
1244278,2,2
480204,2,2
22007080,2,2
224517,1,1
44086,3,3
63339,2,2
359675,1,1
17877452,1,1
22571540,2,2
8073,3,3
10244260,3,3
89160,3,3
36347733,2,2
10841866,1,1
43758,3,3
673498,3,3
2804,3,3
73930,1,1
12143472,1,1
176796,2,2
49231,1,1
972533,1,0
682742,2,2
28512486,1,1
6409125,1,1
732140,2,2
101942,1,1
17912893,3,3
575836,2,2
2435801,2,2
42527866,3,3
24953409,1,1
6421588,1,1
8603765,2,2
15824986,1,1
12805244,1,1
53535,2,2
21115925,1,1
1404756,2,2
13547152,1,1
15803037,3,3
16275057,3,3
17930773,3,3
398152,3,3
13175692,1,1
774449,1,1
13496575,2,2
68400,1,1
614767,3,3
10987,2,2
7903236,2,2
1140653,1,1
573008,3,3
13526010,1,1
9661513,3,3
5978522,2,2
18865,3,3
2072511,1,1
369778,3,3
12985143,3,3
89364,2,2
265987,1,1
139373,3,3
26212,2,2
790426,2,2
195155,1,1
2794,3,3
2454986,3,3
35655179,3,3
165185,2,2
30075662,1,1
98836,1,1
268604,3,3
10117103,2,2
13580928,2,2
32498052,1,1
21343446,2,2
775976,2,2
1013383,1,1
67843,3,3
3003089,2,2
402128,2,2
13507498,3,3
653559,1,1
38502123,3,3
11448421,3,3
13506543,2,2
6516222,2,2
10552088,1,1
932902,3,3
963508,1,1
227652,1,1
1845050,3,3
11672159,3,3
2677410,3,3
36349731,2,2
41723475,1,1
29370481,3,3
2688737,2,2
138677,3,3
15797509,2,2
1295033,2,2
71774,1,1
1190156,3,3
34760,1,1
6466909,2,2
13514070,3,3
17607848,3,3
53969,2,2
19842,2,2
7524258,3,3
347151,3,3
13138736,2,2
359994,2,2
417505,3,3
248086,2,2
896629,2,2
212023,1,1
374671,1,1
325765,1,1
15766187,3,3
12791521,2,2
11834349,1,1
7652090,3,3
179004,2,2
3265292,1,1
1871092,3,3
13583266,2,2
685529,3,3
10662420,2,2
24885636,1,1
19508,3,3
17981399,2,2
62779,3,3
10327294,3,3
2485785,3,3
23398961,2,2
21854045,3,3
6286042,3,2
521524,3,3
20809,2,2
6057435,1,1
452235,3,3
423144,1,1
17829939,3,3
127810,3,3
29985976,1,1
2166515,3,3
591497,1,1
791780,1,1
5972040,1,1
17188067,2,2
5981445,3,3
765584,3,3
17226000,3,3
111879,3,3
17309,2,2
7159619,2,2
8239438,3,3
80271,3,3
13006,1,1
3165756,2,2
4335624,3,3
1758929,2,2
826396,2,2
23746004,3,3
21965107,3,3
492461,1,1
34466855,2,2
6916961,3,3
1090941,3,3
19058665,2,2
1142769,3,3
636742,1,1
97412,1,1
476543,3,3
13224790,1,1
18331953,1,1
17493,3,3
18478373,2,2
17458478,1,1
1081976,2,2
61535,2,2
11041277,1,1
18103276,3,3
9155291,2,2
16158542,2,2
178565,2,2
17900241,3,3
76548,2,2
125829,2,2
104101,1,1
13515663,2,2
18089942,2,2
16129174,1,1
817393,2,2
22915617,2,2
6707693,3,3
13519,3,3
16062807,2,2
152344,1,1
11797636,1,1
12608185,3,3
194800,3,3
21899819,3,3
236017,2,2
13628209,3,2
18523711,2,2
619393,2,2
7568425,1,1
6213703,2,2
12381,1,1
24504274,2,2
18693362,2,2
55227,3,3
46349,3,3
1117016,3,3
227286,1,1
289805,2,2
1334146,2,2
167913,1,1
12086913,3,3
6949517,1,1
7821925,3,3
4440396,2,2
613727,2,2
18298132,3,3
9633188,2,2
247136,3,3
147326,1,1
15820373,2,2
29393,1,1
58822,2,2
981868,3,3
14781178,2,2
6794855,2,2
385255,2,2
216849,2,2
302998,2,2
22915011,1,1
775983,1,1
12287628,2,2
15232939,1,1
586513,1,1
121822,1,1
7151447,3,3
546570,2,2
704176,3,3
224244,3,3
253153,3,3
331010,3,3
6797842,2,2
1821571,3,3
10075354,3,3
48858,1,1
72579,2,2
3140,3,3
21192,3,3
105399,1,1
267013,1,1
6101718,1,1
3347892,1,1
439566,3,3
233664,3,3
16297978,3,2
5632446,2,2
29345814,2,2
1442263,1,1
200275,3,3
174014,2,2
359757,3,3
1105474,2,2
8088201,2,2
20564453,1,1
10726285,2,2
173165,1,1
383950,3,3
15873076,2,2
297676,3,3
2479827,3,3
2781819,1,1
13394791,2,2
23507509,1,1
14931151,2,2
8452309,1,1
34541,1,1
20324107,3,3
102119,1,1
12964596,3,3
12409097,2,2
25667918,1,1
42769202,2,2
13451598,1,1
357636,3,3
1552572,1,1
7514925,1,1
13641118,1,1
1476260,2,2
6918909,3,3
171094,1,1
19068303,1,1
6566616,1,1
6646071,2,2
310298,1,1
280313,1,1
15812794,3,3
12974372,2,2
1507992,2,2
7381647,2,2
313998,3,3
10053339,3,3
13042154,3,3
10252302,1,1
12516499,2,2
871046,1,1
7202372,3,3
5787812,3,3
13224793,2,2
242654,3,3
10000191,3,3
177250,2,2
353157,3,3
1576334,2,2
529830,3,3
33544874,2,2
4618801,2,1
15711420,2,2
206857,2,2
25271355,2,2
64023,1,1
2715056,2,2
92163,3,3
2748,2,2
13588138,1,1
86560,3,3
6219656,1,1
57674,2,2
131776,3,3
138097,1,1
25710705,3,3
3942622,3,3
3018539,1,1
112139,1,1
626186,3,3
39099,3,3
44790978,2,2
23463,3,3
401912,2,2
20773953,1,1
95660,3,3
6339664,1,1
367332,3,3
17305783,2,2
1323092,3,3
11319441,3,3
48137,3,3
47618,3,3
20801166,1,1
13356504,2,2
840163,2,2
9941936,3,3
2191637,1,1
44442886,2,2
10277268,3,3
899305,2,2
51741,2,2
6483360,3,2
279660,2,2
6671931,1,1
28978,1,1
11603886,1,1
92254,3,3
6986084,2,2
7163862,3,3
478657,3,3
6435627,1,1
41689,2,2
671934,2,2
451777,3,3
6436659,1,1
533779,1,1
145644,3,3
18693771,2,2
111312,1,1
4345498,3,3
16003322,2,2
741200,3,3
356896,2,2
5557651,3,3
248193,1,1
28000,3,3
800282,3,3
5640796,2,2
10508526,2,2
69448,3,3
24781,1,1
35433958,2,2
762598,1,1
476301,3,3
12723460,2,2
18139966,2,2
225314,3,3
311164,3,3
4685,3,3
24731,2,2
545759,2,2
563787,1,1
897363,3,3
14084,3,3
16166626,2,2
59142,1,1
17307082,3,3
12543045,3,3
10421550,3,3
1846465,2,2
269041,1,1
8483864,3,3
7375,1,1
15942674,3,3
17998741,2,2
6304329,3,3
1193177,1,1
17155995,1,1
75643,3,3
10397956,1,1
29641,3,3
336889,2,2
563830,3,3
71772,1,1
428368,3,3
542639,1,1
2210620,1,1
157076,3,3
19447,1,1
1585431,1,1
147843,1,1
16172256,3,3
3446,2,2
12469702,3,3
132641,1,1
279724,2,2
359830,1,1
760961,1,1
86452,2,2
591498,3,3
710519,3,3
11947829,3,3
87564,2,2
593038,2,2
2965062,2,2
183092,3,3
8146077,2,2
11983951,1,1
817216,2,2
20764879,1,1
8500922,1,1
5212771,2,2
682681,2,2
60296,1,1
60057,3,3
8182179,2,2
78428,2,2
82434,2,2
8393104,1,1
55401,1,1
374371,2,2
17333174,2,2
76760,1,1
7432,1,1
447937,2,2
714902,3,3
3050342,3,3
25615424,1,1
12924312,2,2
4310056,2,2
682173,1,1
128435,3,3
890965,2,2
6552050,1,1
1814637,3,3
8067175,1,1
6665900,3,3
21897817,1,1
33832831,3,3
298567,2,2
6578507,1,1
65112,1,1
258,1,1
17125217,3,3
39926005,1,1
13502189,1,1
3811882,2,2
10852343,2,2
6759454,2,2
11454877,1,1
195788,3,3
2349071,3,3
6185875,2,2
28381,1,1
959304,1,1
18689810,1,1
184815,3,3
12886599,3,3
4506536,2,2
149150,1,1
618520,3,3
298924,1,1
2774912,2,2
12924307,1,1
3092524,3,3
21524934,1,1
9663879,3,3
25246762,2,2
12882368,3,3
345563,1,1
32669,2,2
33590210,3,3
13260670,1,1
1537833,3,3
133394,1,1
156534,2,2
8675320,1,1
23449436,3,3
2871526,1,1
14280,3,3
15600,1,1
23281827,2,2
14447216,2,2
11540514,1,1
348634,2,2
151723,3,3
13062488,1,1
11549,3,3
7742801,3,3
3097601,1,1
6172915,1,1
145664,2,2
17981391,1,1
2948832,3,3
208977,1,1
64380,3,3
6670,2,2
131847,2,2
734747,3,3
9397967,3,3
16008616,2,2
8698485,2,2
14009,1,1
135611,3,3
225741,3,3
286957,1,1
7945049,2,2
2268120,1,1
33725,2,2
603387,1,1
13807518,1,1
41447687,2,2
2068,1,1
34680403,2,2
98783,1,1
2251776,2,2
1143454,1,1
15815364,2,2
123291,3,3
3777732,3,3
9567,3,3
1661390,1,1
22662902,3,3
162923,1,1
4504870,3,3
7116280,3,3
12033455,2,2
13273621,3,3
10957730,3,3
11532049,3,3
24885756,3,3
1643643,3,3
6908412,3,3
1065216,2,2
353342,3,3
37546378,3,3
25103,1,1
93996,2,2
1907154,2,2
1008231,1,1
11198312,2,2
663914,1,1
267533,2,2
15851920,3,3
30091943,2,2
18079523,2,2
391729,2,2
1763612,2,2
3761750,1,1
19545859,2,2
18311425,1,1
61904,2,2
174357,1,1
7405450,2,2
5349,3,3
292365,2,2
18869970,3,3
8585118,2,2
272264,2,2
13117308,2,2
95447,2,2
17837762,3,3
93808,3,3
39355713,1,1
13556081,3,3
22693211,1,1
109243,1,1
51506,1,1
11958033,2,2
15715844,3,3
12395883,3,3
384786,3,3
1385645,3,3
12349215,1,1
1385708,3,3
54042,2,2
11283775,3,3
557184,1,1
45033,3,3
27411345,1,1
9659607,1,1
24397043,2,2
1261704,2,2
8552,1,1
210482,2,2
23282249,3,3
26999,1,1
35807,3,3
419349,2,2
486749,3,3
6644111,3,3
572917,3,3
721003,1,1
1525997,3,3
175040,2,2
154072,3,3
18505832,3,3
285092,1,1
23689417,1,1
18877,1,1
235786,2,2
2254925,1,1
282363,1,1
37415,3,3
21851572,2,2
50851,1,1
13548107,3,3
8354134,1,1
40032339,2,2
2882,1,1
17333223,3,3
180806,3,3
6442769,3,3
2675261,1,1
6623879,1,1
3711,2,2
27550,1,1
846493,3,3
3107,1,1
17227853,2,2
15885782,1,1
6785316,1,1
7130616,3,3
62535,2,2
148821,1,1
590272,2,2
32319718,1,1
14889780,2,2
18166527,2,2
682804,1,1
54666,1,1
25578408,1,1
38703,3,3
148780,1,1
6988014,3,3
6665671,3,3
19228108,2,2
526927,2,2
282092,3,3
359801,3,3
7799004,3,3
224499,3,3
3722183,2,2
3157877,1,1
17799,3,3
10518,3,3
13597755,2,2
35645311,2,2
19523454,3,3
2880674,1,1
90334,2,2
36382516,2,2
22449786,2,2
30891,2,2
102400,1,1
16112942,2,2
161363,2,2
404403,3,3
23129839,1,1
30653889,3,3
936611,3,3
248882,2,2
3141295,1,1
3313418,3,3
152403,2,2
22600962,1,1
454575,3,3
258453,3,3
1100282,1,1
6658659,1,1
944291,3,3
826585,1,1
1622155,1,1
16089217,1,1
4388466,2,2
29088181,1,1
754771,1,1
17968674,3,3
691336,2,2
1725399,1,1
41150380,3,3
271294,2,2
2599523,3,3
245727,3,3
4656655,3,3
113935,2,2
76688,2,2
79705,3,3
18776097,2,2
63818,2,2
9256414,3,3
1024581,2,2
5125728,1,1
8675994,1,1
10066,2,2
1038269,1,1
20759639,1,1
285740,3,3
72112,2,2
381209,1,1
867101,1,1
18052066,3,3
215170,1,1
96475,2,2
6473157,2,2
1354,1,1
184374,1,1
55398,1,1
820924,1,1
3392459,2,2
104979,1,1
9191050,1,1
16047646,3,3
25539647,1,1
8086,1,1
76951,2,2
81844,3,3
34845079,2,2
10141721,2,2
15803746,3,3
1831100,1,1
29393876,2,2
16059057,3,3
1999660,1,1
64397,3,3
2041234,3,3
46614,1,1
6728378,1,1
88363,3,3
238137,2,2
164952,1,1
9554790,3,3
18008075,1,1
18888925,1,1
1103211,2,2
577542,2,2
3513856,1,1
16069471,2,2
7442,2,2
458003,1,1
233292,3,3
5980748,1,1
2662169,2,2
4399967,2,2
3546298,1,0
908971,2,2
5589775,3,3
8560132,1,1
900426,1,1
22392,1,1
13331531,3,3
2820533,1,1
35247769,2,2
1568491,3,3
15745753,3,3
40666881,2,2
1335611,1,1
13497505,2,2
4923959,1,1
989097,1,1
36253,3,3
3246724,3,3
202881,2,2
13532244,3,3
108845,1,1
54215,1,1
18079501,3,3
17404760,2,2
22884757,1,1
3126081,1,1
5157,3,3
3222979,1,1
23960,2,2
2794955,3,3
15832231,3,3
17900221,1,1
498389,3,3
2968555,3,3
1104776,1,1
258721,3,3
17333322,2,2
4994116,2,2
33986447,1,1
2741718,1,1
682150,1,1
5643846,3,3
2801573,1,1
23215471,1,1
715277,2,2
13422435,1,1
69435,3,3
13552219,1,1
1254023,2,2
11499,3,3
16033906,1,1
17828703,1,1
10372490,3,3
9677666,1,1
885498,3,3
1374311,3,3
768950,1,1
13450398,1,1
23202,3,3
1405527,2,2
42983724,3,3
30186,3,3
1210754,2,2
534289,2,2
10823507,3,3
1178730,3,3
15982604,2,2
15860080,2,2
606928,3,3
36549981,1,1
26053,3,3
7944987,2,2
6589111,3,3
194758,2,2
7343071,2,2
13548792,3,3
9376703,2,2
10421530,2,1
186103,1,1
33926,2,2
39664,3,3
23438288,2,2
311006,1,1
833462,1,1
1076753,2,2
1178715,3,3
194161,3,3
64394,1,1
588020,2,2
1797057,2,2
333657,1,1
13553426,2,2
2853530,3,3
27252,1,1
1098336,2,2
1093095,2,2
145009,1,1
1160588,1,1
255928,2,2
94072,2,2
5204219,3,3
13586891,3,3
298137,1,1
11040554,2,2
28919058,1,1
18775356,3,3
23732637,2,2
17853106,1,1
760306,2,2
73809,2,2
518982,2,2
11266086,2,2
71866,3,3
700157,2,2
1705697,2,2
101914,2,2
902792,2,2
11782,2,2
5597902,2,2
10844125,2,2
75641,3,3
7935274,2,2
12505,1,1
15864513,3,3
1120128,3,3
94064,1,1
21876976,1,1
25992,1,1
318117,3,3
15449,1,1
122947,3,3
21121,1,1
780845,3,2
3112450,3,3
126184,3,3
129311,2,2
312081,2,2
1103876,3,3
6588,2,2
96200,2,2
7124925,3,3
581811,2,2
1211405,1,1
32639,2,2
687688,1,1
541733,2,2
37534577,1,1
6432106,3,3
12889416,3,3
318057,2,2
15981894,2,2
6100340,3,3
21348,2,2
23492927,1,1
17494,1,1
1069174,1,1
23657454,2,2
9301,3,3
21529133,1,0
114137,3,3
3431100,2,2
53702020,3,3
819789,2,2
2588447,1,1
183683,2,2
21479290,1,1
16054252,3,3
7878933,1,1
592073,2,2
877752,3,3
7512,3,3
11265560,1,1
16117368,2,2
203968,3,3
6335026,3,3
45880884,3,3
19532388,1,1
471083,3,3
6871,2,2
1215920,3,3
259866,1,1
9401603,1,1
363423,2,2
20650898,2,2
357936,2,2
4071569,1,1
226153,3,3
619891,1,1
23287193,2,2
21532198,2,2
23218,3,3
22822928,3,3
35068705,3,3
590327,3,3
17455817,3,3
7969396,1,1
13302279,3,3
1014568,1,1
321578,1,1
260811,1,1
7826101,1,1
6294553,1,1
842130,1,1
6850757,2,2
202372,1,1
16002136,2,2
551454,2,2
13236987,1,1
126487,3,3
38395454,1,0
535754,1,1
23629814,2,2
17131864,1,1
10535458,2,2
9326998,3,3
3680404,2,2
17140887,3,3
413326,2,2
6182702,2,2
531042,2,2
18599909,3,3
525304,1,1
1036345,2,2
5113,2,2
11857408,1,1
35921536,3,3
1360626,1,1
19337,1,1
209666,1,1
15843041,2,2
18802858,1,1
4886534,3,3
130346,3,3
13258,2,2
2056879,1,1
1102322,3,3
110382,3,3
77433,3,3
30117284,2,2
84370,3,3
119835,2,2
215758,3,3
848780,1,1
7103829,1,1
20735648,3,3
271258,1,1
701488,2,2
1122607,1,1
5161,1,1
48658183,1,1
39703569,2,2
16316508,2,2
589469,2,2
15758076,2,2
17931653,1,1
9742,1,1
244775,3,3
15560,3,3
36686103,2,2
236719,2,2
16171312,3,3
521154,3,3
288301,1,1
491888,2,2
10718,1,1
41945163,2,2
288453,3,3
431349,3,3
16171291,2,2
14494178,2,2
26014651,1,1
97411,2,2
129524,1,1
2581254,1,1
1824219,1,1
33052,3,3
427078,2,2
805087,3,3
298537,2,2
1503057,1,1
482583,1,1
10210,3,3
33722,1,1
453960,3,3
411460,2,2
4413184,2,2
790291,3,3
60364,1,1
16006945,2,2
558059,3,3
408555,2,2
9771,1,1
3255666,3,3
134004,3,3
823609,2,2
65684,1,1
65490,2,2
12958049,2,2
8293938,1,1
634263,3,3
29655941,2,2
14800331,3,3
2419417,1,1
15762116,2,2
68531,2,2
580933,1,1
345560,1,1
25193,3,3
38495676,1,1
8267386,3,3
145564,2,2
3082951,2,2
2052,2,2
11922,2,2
74482,2,2
14031,1,1
55448,2,2
72848,3,3
13618136,3,3
12961307,2,2
29342351,3,3
19794,1,1
11797160,2,2
2248573,3,3
422463,1,1
77353,1,1
7936809,3,3
18757,1,1
13593528,3,3
6515834,3,3
822989,1,1
6467249,2,2
39000,2,2
816752,1,1
6145714,2,2
775972,2,2
3650089,2,2
246277,1,1
1202116,3,3
7907782,3,3
951242,2,2
918619,3,3
412939,2,2
97652,2,2
34484,2,2
13648165,3,3
16092672,2,2
12935,2,2
1307000,3,3
18686699,2,2
31454532,1,1
17490,2,2
10419436,3,3
70582,2,2
464124,3,3
10790277,1,1
655,2,2
13555073,2,2
1038268,2,2
10865022,1,1
936880,2,2
557405,3,3
229121,1,1
329484,3,3
9428785,2,2
4525593,3,3
12412944,1,1
775503,1,1
2262322,1,1
21878763,1,1
405589,1,1
6091142,1,0
16158558,1,1
726458,2,2
200884,1,1
398323,1,1
17469800,3,3
2505333,1,1
12275635,1,1
26156987,1,1
828482,1,1
254262,3,3
2584045,1,1
909257,3,3
5973767,2,2
13993941,3,3
22693182,1,1
1067395,1,1
153197,3,3
785003,3,3
16683,2,2
325022,3,3
6678091,2,2
268559,3,3
13623814,1,1
11487809,3,3
22401661,1,1
35775,1,1
102327,3,3
10814989,1,1
71869,1,1
17452343,3,3
23456314,1,1
18430452,1,1
3437316,1,1
10863979,3,3
25666054,1,1
49577,1,1
177246,2,2
9004758,3,3
9985445,1,1
157387,1,1
18144064,1,1
97018,3,3
1067,1,1
13537542,2,2
4362391,2,2
148513,3,3
72676,3,3
60278,1,1
13632835,2,2
24156,1,1
84927,3,3
1006596,2,2
10779433,3,3
15814439,3,3
270687,1,1
83502,2,2
682853,2,2
22529434,3,3
796260,3,3
13562664,3,3
30264,1,1
31520883,2,2
172490,1,1
104385,3,3
18337823,1,1
23235530,1,1
1215919,1,1
9634967,1,1
2694539,2,2
11707205,1,1
603515,3,3
714877,3,3
371998,1,1
23398625,3,3
1455558,1,1
22489107,3,3
389633,1,1
241896,1,1
1303,1,1
14981152,2,2
6971201,1,1
5931,1,1
647523,2,2
9635495,3,3
213198,3,3
1232353,2,2
16035643,3,3
6626887,2,2
18817098,3,3
3679100,3,3
6887847,2,2
196926,1,1
19580,2,2
22104192,2,2
870807,2,2
12292002,3,3
123578,1,1
17984619,3,3
58087,1,0
494304,3,3
12413836,3,3
57778,2,2
7720278,2,2
11403577,1,1
12125,1,1
215686,1,1
1169133,1,1
7089950,2,2
561315,2,2
71705,3,3
4716621,1,1
7775569,3,3
1924322,2,2
122410,1,1
6519813,3,3
6587387,3,3
38230320,2,2
36631066,1,1
7337871,3,3
24396876,3,3
33676,1,1
133497,2,2
14967,3,3
25610759,2,2
57065,3,3
173258,3,3
22023804,3,3
40640622,3,3
16051395,1,1
9807272,3,3
8623763,2,2
14922048,3,3
22701879,2,2
6791619,2,2
13525913,2,2
17570691,3,3
2195434,2,2
240976,2,2
142911,2,2
219418,2,2
1958493,2,2
8624532,2,2
13635636,3,3
661318,3,3
10642103,1,1
1911,1,1
39026,3,3
29010395,1,1
759900,1,1
359375,3,3
25129557,2,2
240142,2,2
40867676,2,2
299361,2,2
17927759,2,2
3808029,2,2
1515142,2,2
11054124,2,2
45891343,2,2
20588662,1,1
38139409,1,1
13260802,3,3
35889205,2,2
58077,2,2
1629084,1,1
108051,1,1
6250169,2,2
259065,2,2
22664583,3,3
959613,1,1
17878917,2,2
9266762,2,2
11300302,1,1
884587,2,2
1953603,3,3
111306,1,1
374388,1,1
13330537,3,3
400924,1,1
99297,1,1
76620,1,1
59857,1,1
466270,2,2
17331828,2,2
1824432,1,1
2948154,2,2
10515837,2,2
121178,1,1
693208,1,1
163265,2,2
13436373,2,2
17607850,1,1
34386617,2,2
64279,3,3
755627,2,2
1245244,1,1
682751,1,1
6686308,2,2
56034,3,2
12389310,3,3
10506237,2,2
8113994,2,2
478894,2,2
534733,1,1
9475,2,2
879299,3,3
12410324,1,1
775987,2,2
793298,1,1
7290754,1,1
197515,2,2
1634797,3,3
18430293,2,2
1235499,3,3
6339619,2,1
148417,1,1
7494887,1,1
420737,3,3
171012,2,2
6455548,1,1
561402,2,2
9692308,2,2
54944064,1,1
18798578,2,2
2483910,3,3
3212989,1,1
141462,2,2
30057557,3,3
539051,2,2
17617277,3,3
23492681,3,3
25662391,2,2
15743828,3,3
19307,1,1
343614,3,3
50908627,1,1
3254180,3,3
538166,2,2
17830958,2,2
5861926,3,3
590527,2,2
205368,3,3
24851174,1,1
264827,2,2
23848452,3,3
2040512,2,2
2160446,1,1
16100191,1,1
30557,2,2
13049688,2,2
6304351,2,2
147635,1,1
17707605,1,1
10336,2,2
6979554,3,3
25384853,1,1
52880,2,2
11286593,3,3
1932023,2,2
15121528,2,2
17801,3,3
1070245,2,2
36373298,3,3
596379,2,2
531495,3,3
905755,1,1
106212,1,1
9055213,2,2
18634307,3,3
12923,3,3
20898007,1,1
76986,3,3
1078271,3,3
44188,3,3
21829482,1,1
13584400,1,1
105552,2,2
7184,3,3
80617,2,2
323172,1,1
10873,2,2
23293120,3,3
1220721,1,1
907299,2,2
41335,1,1
615955,3,3
164408,2,2
129619,1,1
10360228,3,3
187753,2,2
8427937,2,2
23010,3,3
28293,3,3
6327,2,2
50958400,1,1
108277,2,2
13572765,2,2
6647312,1,1
1670616,2,2
7171748,3,3
43236285,1,1
25494,2,2
7216476,1,1
23129923,2,2
462924,1,1
15787647,1,1
37380,3,3
246574,1,1
866438,2,2
10398200,2,2
16059346,3,3
133782,2,2
6782468,3,3
9791892,1,1
17415348,2,2
174354,2,2
5942,2,2
389688,2,1
1234382,3,3
2017109,3,3
139987,1,1
70925,3,3
399136,1,1
62220,3,3
6734445,3,3
89694,1,1
895163,2,2
739923,3,3
693447,1,1
119290,3,3
6664404,1,1
27003,3,3
25334576,3,3
171201,2,2
18693743,1,1
28637,2,2
10338405,2,2
9972511,3,3
870488,1,1
7114825,2,2
27424051,2,2
882885,1,1
137971,1,1
41147279,2,2
1256185,1,1
2827076,1,1
7704979,3,3
104080,3,3
16130105,2,2
86643,1,1
7058405,2,2
7832325,2,2
29618105,1,1
6621534,2,2
547944,3,3
16634,2,2
1891296,3,3
1462020,1,1
14413557,3,3
294549,2,2
625151,2,2
25013,1,1
7057397,2,2
38351370,2,2
6148816,2,2
1391316,1,1
32618967,3,3
10215337,3,3
5947,2,2
11297434,2,2
27871678,1,1
5094,3,3
685172,1,1
15559,2,2
12913453,1,1
195381,1,1
6051237,1,1
7824211,2,2
8074831,3,3
4849253,2,2
7631064,2,2
408833,1,1
2039091,2,2
76973,3,3
155258,2,2
227903,3,3
6998357,1,1
6437061,3,3
1990,2,2
13449858,3,3
563309,2,2
31451267,2,2
66691,1,1
409416,2,2
19304406,3,3
402401,1,1
12073877,3,3
12988106,2,2
9468462,2,2
2028,3,3
13508406,3,3
24806268,1,1
175319,3,3
746520,1,1
6517322,3,3
20604371,3,3
24876,3,3
17137641,1,1
672222,2,2
3147367,1,1
620688,1,1
324296,1,1
107338,1,1
114872,1,1
22909838,3,3
2101872,1,1
26252659,3,3
29363501,1,1
891224,1,1
49526689,2,2
17383934,2,2
1690088,2,2
19661,1,1
1323758,2,2
225594,2,2
9762449,1,1
6324742,2,2
7055089,2,2
227274,3,3
713798,1,1
6633142,3,3
7883494,2,2
22693231,3,3
1059870,2,2
6613920,3,3
7243508,1,1
17667354,3,3
35297562,1,1
1190034,1,1
1137683,2,2
339251,1,1
29780,1,0
15825932,2,2
22591,1,1
445126,1,1
31695,1,1
6439641,3,3
8581223,3,3
1430,3,3
17272496,1,1
7562585,1,1
16119044,3,3
32445,3,3
339387,1,1
18812405,2,2
13500070,1,1
9593705,1,1
46087,1,1
10826662,1,1
929007,1,1
32620332,1,1
450553,3,3
213102,2,2
16081272,2,2
52640,2,2
49011,3,3
3971916,3,3
9619,2,2
16090627,1,1
1052659,3,3
15575,2,2
769111,2,2
840,1,1
377912,3,3
383514,3,3
839503,3,3
17347634,2,2
6713625,3,2
17927956,1,1
7938070,1,1
990921,1,1
816579,3,3
363312,1,1
519087,1,1
98219,1,1
7831435,3,3
655514,2,2
43263551,1,1
107301,2,2
818867,3,3
397138,1,1
279642,3,3
20409231,2,1
38743,3,3
3192661,1,1
1103999,2,2
361812,1,1
29580,1,1
12389698,3,3
124252,1,1
84547,3,3
361015,3,3
6531880,3,3
95622,2,2
500743,2,2
133411,3,3
282773,2,2
9266810,3,3
16246625,2,2
26892110,1,1
22088091,1,1
2253942,3,3
20622797,2,2
5986336,2,2
16138688,1,1
623510,2,2
40050602,2,2
13449677,2,2
17195830,1,1
691520,3,3
3293821,2,2
682982,2,2
7186,1,1
24963,2,2
2916546,3,3
6341600,3,3
53325,3,3
675614,3,3
17251444,2,2
91017,1,1
18285893,1,1
6512140,1,1
1078274,1,0
185152,2,2
11925514,1,1
64401,3,3
650883,1,1
394423,1,1
36613718,3,3
605592,3,3
17384523,3,3
36162,2,2
77427,3,3
6642732,3,3
1026798,1,1
23164911,3,3
92544,2,2
77837,2,2
15742039,2,2
29939353,1,1
13551531,3,3
15790878,3,3
35746278,1,1
418812,3,3
19015729,2,2
22886868,1,1
131830,3,3
25986929,1,1
91439,2,2
625827,1,1
1367228,1,1
61974,1,1
25664525,2,2
12975068,1,1
242006,2,2
165556,3,3
123644,2,2
331323,3,3
77520,2,2
266010,2,2
9279177,2,2
8335119,3,3
2500202,1,1
18872437,2,2
12976689,2,2
7791997,3,3
439363,3,3
8526694,2,2
7027,3,3
18743370,1,1
1403945,1,1
424616,3,3
1437380,1,1
43372,1,1
13108416,1,1
38180,3,3
35215900,1,1
23732458,1,1
5413,2,2
28154979,1,1
3870943,2,2
9409250,2,2
715058,2,2
12002008,3,3
10182392,3,3
3378965,1,0
25534273,1,1
12777901,1,1
200974,2,2
159850,1,1
23678552,3,3
1754206,1,1
221391,2,2
300451,3,3
2179832,2,2
132913,1,1
594202,2,2
226973,2,2
261444,3,3
9440324,1,1
1198717,2,2
65053,1,1
841275,1,1
9595620,2,2
106648,1,1
10336669,2,2
34236194,2,2
15745371,1,1
388223,1,1
2855034,3,3
7979,3,3
10151228,3,3
98799,1,1
77996,2,2
468070,1,1
13104080,1,1
25182269,1,1
750609,1,1
150122,3,3
2921701,1,1
1873944,2,2
36840397,3,3
459064,3,3
21531503,3,3
954303,2,2
48764478,2,2
8538297,1,1
2536,3,3
6405459,3,3
65111,2,2
35883534,1,1
252896,3,3
526071,3,3
15409120,1,1
14624644,1,1
15790873,1,1
12397581,2,2
15926,3,3
11968674,2,2
25154582,1,1
14535907,1,1
550122,2,2
12817476,2,2
22366806,2,2
92308,2,2
794092,1,1
6383937,1,1
1487897,3,3
584005,1,1
33616857,3,3
9247442,1,1
22455180,2,2
25657,3,3
197201,2,2
25321,3,3
15793282,2,2
7036997,1,1
24709327,2,2
7549760,1,1
39856747,3,3
19312,2,2
17977864,1,1
13722902,1,1
49882806,3,3
18166936,2,2
1225621,1,1
13811,3,3
4006926,1,1
13511369,3,3
11987465,2,2
18467818,3,3
1519,3,3
19297208,2,2
7691238,1,1
6729300,3,3
46775,3,3
13494562,1,1
194755,2,2
459134,2,2
32388712,1,1
253264,3,3
39302,2,2
950704,2,2
4488,2,2
25148,3,3
18889290,1,1
6216670,2,2
47301,3,3
185099,2,2
6338619,3,3
716523,3,3
29044,3,3
7133724,1,1
17239876,2,2
137547,3,3
12015,3,3
105232,2,2
554795,2,2
57586,1,1
264778,3,3
10029438,2,2
5927595,2,2
412287,2,2
3920295,2,2
12024430,2,2
39033,1,1
299477,3,3
415804,2,2
103345,3,3
24035668,3,3
18580448,2,2
9667658,2,2
127975,2,2
13445306,1,1
7926790,3,3
157687,2,2
17980131,1,1
1510538,2,2
9206526,2,2
22249773,3,3
2082405,2,2
76816,2,2
25893956,3,3
363499,3,3
7640705,1,1
10345937,1,1
22570515,2,2
12577643,3,3
7263429,3,3
23270403,1,1
811191,3,3
271660,2,2
7148256,3,3
23197199,3,3
743817,3,3
1417705,1,1
349562,3,3
5578319,1,1
22540275,1,1
7719245,3,3
2128922,2,2
13922,1,1
317121,2,2
1214442,1,1
123190,3,3
13400,3,3
25489134,1,1
608474,3,3
60279,1,1
16096824,3,3
105576,1,1
15703505,2,2
92325,3,3
17828257,3,3
40893,1,1
4745993,3,3
7857713,1,1
14367071,3,3
97393,3,3
169885,2,2
743941,2,2
5138488,1,1
1839245,2,2
76811,3,3
12393316,2,2
30193,3,3
5750910,2,2
545761,3,3
76758,3,3
7977037,2,2
9673436,1,1
2677,3,3
18513585,2,2
119322,3,3
17841451,2,1
97898,3,3
239840,1,1
6239873,1,1
109794,3,3
10429440,3,3
1382538,2,2
14581838,1,1
1838816,3,3
7344,1,1
30001662,3,3
1976,1,1
296567,3,3
818534,1,1
704584,2,2
36529,1,1
54775299,1,1
77092,3,3
228992,2,2
31804439,1,1
18143977,2,2
18344534,2,2
720234,1,1
18482611,3,3
13601681,3,3
32289,1,1
43342,1,1
142884,1,1
344574,1,1
15758470,1,1
1424941,2,2
6996,1,1
33888,1,1
51476294,1,1
2681467,3,3
784222,1,1
82405,1,1
12324733,2,2
7337,2,2
4747468,1,1
31408829,2,2
6027047,2,2
102142,3,3
5750628,2,2
9320208,1,1
518853,3,3
1125258,3,3
28016509,2,2
15812814,2,2
766478,2,2
17333851,2,2
9083904,1,1
15981669,2,2
23259316,2,2
660470,3,3
233674,3,3
712636,2,2
638991,3,3
650775,3,3
16120233,3,3
914743,1,1
1773616,3,3
16061473,2,2
88077,1,1
6693,2,2
3302841,2,2
30259,2,2
16148208,1,1
19532341,2,2
1561628,3,3
8849382,2,2
294284,2,2
263731,3,3
1661957,1,1
290037,2,2
36117813,3,3
236558,3,3
17332969,3,3
16791,2,2
53979710,3,3
8334925,2,2
146376,1,1
91836,2,2
1187526,1,1
9709305,2,2
180617,1,1
40102,2,2
19181243,2,2
1753345,3,3
64666,1,1
73062,1,1
1156023,1,1
454062,3,3
2372440,3,3
206962,3,3
69086,1,1
771,2,2
9461872,2,2
437261,3,3
11140,2,2
669570,1,1
27161189,3,3
73960,2,2
937106,1,1
9969698,2,2
684508,2,2
10073,3,3
6275767,3,3
350693,2,2
9917938,1,1
259587,3,3
183274,2,2
2710628,1,1
30279,1,1
18624950,3,3
25669,1,1
268598,3,3
79155,3,3
118144,1,1
509048,3,3
580282,2,2
21445,1,1
3833,3,3
7707332,1,1
8008215,2,2
141452,2,2
51590,3,3
12743472,3,3
18604542,2,2
96281,3,3
28483,3,3
10397757,3,3
8537327,1,1
318404,2,2
10596,3,3
1152447,1,1
23168277,3,3
826871,3,3
1540,2,2
13533656,1,1
18775119,2,2
47601,2,2
17286817,1,1
3528744,1,1
20172134,2,2
23264870,3,3
327246,2,2
9874342,2,2
12688952,1,1
28956867,3,3
347852,1,1
125973,1,1
28922,1,1
65666,2,2
6578293,2,2
6053868,1,1
7339,1,1
1293881,2,2
65285,3,3
300932,3,3
13612968,1,1
820619,2,2
9739421,1,1
6573,2,2
633668,1,1
11627,1,1
26792284,2,2
289642,3,3
345299,3,3
1312205,2,2
10737650,1,1
30044,3,3
542414,2,2
46506,3,3
34857300,1,1
6319131,1,1
40390755,1,1
8346300,1,1
1254022,1,1
137808,3,3
3467451,3,3
571194,3,3
7443302,1,1
961949,2,2
818372,2,2
6116682,2,2
5348,3,3
1512074,2,2
19405238,1,1
820480,3,3
82648,3,3
17791477,3,3
542802,2,2
301082,3,3
807956,3,3
192975,1,1
1175894,2,2
9267722,2,2
18774964,1,1
13538992,2,2
22555161,2,2
17977415,3,3
1721221,3,3
8456124,2,2
1052644,1,1
19582934,1,1
13549869,1,1
9314426,2,2
49188,3,3
67896,2,2
13547492,2,2
48270,2,2
7912465,3,3
3228917,1,1
15768989,1,1
79834,1,1
775974,1,1
1924504,1,1
110349,1,1
26109442,3,3
12987179,1,1
225385,3,3
4728408,1,1
87426,2,2
172258,3,3
1590979,3,3
11768,2,2
968250,3,3
12814594,2,2
279673,2,2
1406553,1,1
6648020,3,3
1722717,1,1
1462255,3,3
21861356,2,2
6474415,1,1
248470,3,3
436108,1,1
35711376,1,1
3985660,1,1
7959473,1,1
117710,2,1
37880094,1,1
20548917,3,3
382450,3,3
30128,2,2
38154,1,1
442958,2,2
92555,1,1
462132,3,3
29980525,1,1
15845828,1,1
1875,3,3
16303287,3,3
15802693,2,2
7504179,3,3
9758768,3,3
888789,1,1
622340,2,2
690329,1,1
7740311,2,2
17701160,1,1
2279,2,2
160629,1,1
322617,1,1
352807,3,3
69647,2,2
17304282,2,2
3297175,2,2
664566,1,1
7673244,1,1
1851655,1,1
10503124,2,2
86830,3,3
6313326,3,3
11166687,3,3
2077035,3,3
1099648,1,1
23031,1,1
12305237,3,3
249606,1,1
4631495,3,3
13511702,1,1
26270886,1,1
1795912,2,2
1397532,3,3
697564,1,1
3078550,3,3
19670,1,1
2352769,1,1
27188596,3,3
248890,2,2
55370,3,3
4558004,2,2
1032832,1,1
206865,2,2
18774897,2,2
1548013,1,1
10835364,2,2
13606393,1,1
112675,2,2
22930159,2,2
8834274,1,1
25266942,1,1
207533,3,3
138872,3,3
13618,2,2
111218,2,2
630020,2,2
3430898,3,3
59882,1,1
2002,3,3
10775,1,1
490291,2,2
5273750,3,3
1127539,3,3
7946252,2,2
2389174,3,3
3032314,3,3
17668473,1,1
595415,1,1
305510,3,3
2495967,3,3
6382796,2,2
21936988,2,2
547448,1,1
5509321,2,2
20968,3,3
8677937,1,1
125496,2,2
306149,1,1
19000,3,3
180645,1,1
12969560,3,3
639257,1,1
8575295,3,3
605015,1,1
8811401,2,2
54596,2,2
7973350,2,2
18941670,2,2
2848257,2,2
21003662,3,3
75082,2,2
1252043,2,2
459744,3,3
16094280,3,3
54944,2,2
315234,2,2
9308682,2,2
6506307,3,3
32716442,2,2
23203786,2,2
6327610,3,3
1720187,3,3
17290682,3,3
2270400,3,3
30038977,3,3
1289617,3,3
16003989,3,3
293453,3,3
2181616,3,3
141473,1,1
393898,2,2
4725669,2,2
21343,1,1
18693910,3,3
13488875,2,2
2280234,2,2
24924110,3,3
93220,3,3
46438,3,3
8642793,3,3
1624581,1,1
55506538,2,2
700262,3,3
72659,2,2
221679,2,2
692674,2,2
12600638,3,3
13810354,3,3
925367,1,1
50396193,2,2
25785357,2,2
25311520,1,1
278430,3,3
5927462,1,1
26163894,2,2
239404,2,2
22752445,1,1
554486,2,2
45245,3,3
10710406,3,3
246849,2,2
287022,2,2
13055310,2,2
17565872,3,3
9858504,2,2
30227925,3,3
8715,3,3
443774,1,1
24864247,3,3
22737656,1,1
124740,3,3
1238661,2,2
6571723,1,1
6098820,3,3
34966859,3,3
6885954,2,2
372319,3,3
420732,3,3
443627,3,3
865365,2,2
41457,1,1
11750648,2,2
17414948,3,3
8468743,3,3
6178065,1,1
17612720,1,1
597320,3,3
114345,3,3
4946005,2,2
4788920,3,3
227751,1,1
25365683,1,1
11797478,3,3
9260518,3,3
2054761,2,2
29133,1,1
592102,3,3
1452237,2,2
920841,2,2
6811150,1,1
897461,2,2
480231,2,2
54871672,3,3
15711341,2,2
33767,3,3
6366110,2,2
9780099,3,3
574332,2,2
29811,1,1
6265313,2,2
12460855,3,3
23346757,1,1
24726,2,2
17204058,1,1
734191,2,2
668635,3,3
7176578,2,2
30248,1,1
17621248,1,1
77954,1,1
846355,2,1
9369720,2,2
46676,2,2
17343329,3,3
96719,3,3
20298090,2,2
9761778,3,3
7204637,3,3
103610,2,2
122999,1,1
570633,2,2
1057502,1,1
18350798,2,2
284338,3,3
10790516,2,2
20757532,3,3
8730060,1,1
6025160,2,2
10893214,2,2
256470,2,2
176271,2,2
939374,1,1
19271017,1,1
6150,1,1
63477,1,1
19501,2,2
6601279,1,1
809894,1,1
7694627,1,1
240950,2,2
413256,1,1
801878,3,3
20454084,3,3
278670,2,2
1994709,1,1
6433341,1,1
16100254,3,3
36475,3,3
918725,2,2
2181092,1,1
902715,1,1
882744,3,3
2613299,3,3
775980,1,1
85990,1,1
427353,1,1
439982,2,2
18053047,3,3
18159376,3,3
22351,2,2
882944,2,2
48793,2,2
683927,1,1
120694,1,1
2768195,1,1
1388813,3,3
5024334,3,3
836640,3,3
35879387,2,2
17792642,3,3
22571652,2,2
9728843,1,1
17820485,1,1
44218347,1,1
847860,3,3
56464,3,3
13773346,2,2
2515832,1,1
70236,1,1
24151121,2,2
137970,1,1
16298,3,3
2796617,3,3
153462,1,1
27405492,1,1
2573867,1,1
54283,3,3
6947702,3,3
31373,3,3
35783127,2,1
43547,2,2
24815,1,1
32097,1,1
110389,1,1
1534528,2,2
32738765,1,1
769443,1,1
473567,2,2
37442,3,3
23208397,1,1
12683634,1,1
19421888,1,1
25486998,2,2
2319981,1,1
2882717,1,1
2545620,1,1
474858,3,3
550202,2,2
9471031,2,2
11278840,3,3
1951125,3,3
18775337,2,2
12988059,2,2
13602426,1,1
3548256,1,1
13167087,1,1
205476,1,1
24174818,2,2
7352840,3,3
127450,2,2
6950688,2,2
6681393,1,1
24580,3,3
69515,2,2
24889275,3,3
35067504,2,2
811439,1,1
7180727,3,3
359249,2,2
24847490,1,1
59661,3,3
17185584,2,2
439471,2,2
6134826,3,3
10190153,2,2
458191,2,2
7943799,1,1
16130414,2,2
11480837,3,3
31423551,3,3
42245770,2,2
381608,2,2
88388,3,3
12162809,1,1
2443402,2,2
10813139,1,1
294046,3,3
12630771,1,1
149789,3,3
8922087,3,3
7713965,3,3
64207,2,2
310259,1,1
22914299,2,2
523793,1,1
724935,1,1
18007564,2,2
80063,2,2
25944786,2,2
17904056,2,2
283486,1,1
767893,3,3
884430,2,2
24263233,1,1
1106618,2,2
1422250,3,3
43892,2,2
59818,1,1
17802856,3,3
1847329,3,3
2613301,1,1
1250373,3,3
793297,3,3
21873184,1,1
32333338,2,2
216445,3,3
13256064,1,1
18172465,2,2
6716452,3,3
18177481,2,2
80977,2,2
27779008,2,2
15980313,1,1
60971,2,2
558626,2,2
6202556,3,3
14999720,2,2
12286310,2,2
164988,1,1
904488,2,2
15808231,2,2
15993374,2,2
11563110,1,1
16849951,2,2
750249,2,2
1594130,2,2
11147422,2,2
10327303,1,1
8417155,1,1
27002,1,1
36949926,3,3
6866818,3,3
14286,3,3
566850,3,3
3392089,3,3
12620969,1,1
17853083,1,1
14992227,2,2
977817,2,2
9066304,1,1
164722,1,1
141077,1,1
23398606,3,3
2206960,1,1
462685,1,1
9369717,3,3
7915496,3,3
181481,3,3
97006,1,1
99298,2,2
10570,1,1
426504,3,3
307716,2,2
17382884,2,2
2903049,1,1
11831,2,2
695219,1,1
30658,2,2
9314030,2,2
28941426,1,1
112517,1,1
590744,2,2
492486,2,2
13277388,1,1
511614,3,3
1106766,1,0
140078,1,1
76668,1,1
9757266,3,3
93371,1,1
13547289,3,3
24401179,3,3
3921,3,3
2903736,1,1
768884,2,2
7203997,3,3
722251,2,2
899856,2,2
17261811,1,1
1215032,1,1
114143,1,1
16743,1,1
1254511,3,3
44687,3,3
15860247,1,1
6966343,1,1
12846805,1,1
1038850,2,2
415,1,1
10336420,3,3
182230,1,1
77309,2,2
3467,3,3
18402247,2,2
6405748,3,3
988894,1,1
25440667,1,1
7420106,3,2
7320458,1,1
46723,1,1
1524,1,1
2149385,2,2
4545718,1,1
319639,2,2
290174,3,3
1474141,1,1
17069123,3,3
2889031,3,3
1678479,1,1
19209602,2,2
2102468,1,1
71702,1,1
73725,1,1
300118,2,2
1793854,1,1
14945048,1,1
43866010,1,1
314316,3,3
18144590,2,2
253878,3,3
13560337,2,2
24836,2,2
42699,1,1
1291211,2,2
11516221,1,1
17803,3,3
113091,1,1
8079815,3,3
323355,1,1
35133826,1,1
375352,3,3
33385229,3,3
1120064,1,1
7141642,1,1
6886878,2,2
13319362,1,1
8105542,1,1
27830287,2,2
372091,2,2
26008758,3,3
370243,2,2
6693333,3,3
113436,2,2
5590168,3,3
1276594,3,3
521224,3,3
29780253,2,2
2060194,3,3
18490652,2,2
7711734,3,3
54818,3,3
13410938,2,2
18077816,3,3
130810,3,3
17557913,3,3
12055680,3,3
60970,2,2
176892,2,2
74998,3,3
16000978,2,2
15173,1,1
279680,3,3
16101069,2,2
8100979,1,1
823794,1,1
6218681,1,1
35408327,1,1
916856,3,3
48577217,2,2
17159943,2,2
84151,1,1
7896141,3,3
21064599,2,2
6438710,2,2
828483,2,2
29082041,2,2
2974889,2,2
17334077,1,1
19102837,2,2
50381,2,2
6972157,1,1
6560220,1,1
420782,1,1
12959233,2,2
7023148,3,3
5385951,1,1
3246224,2,2
12663646,3,3
13404803,3,3
3726872,1,1
41681,3,3
101384,2,2
62796,2,2
15714677,1,1
40525361,1,1
7091488,1,1
2222642,1,1
514771,2,2
10180109,2,2
728849,2,2
13423229,2,2
30275,2,2
1607657,3,3
1310835,2,2
21411902,2,2
67513,1,1
9753303,2,2
17167084,1,1
878079,2,2
1126663,1,1
176788,1,1
227111,1,1
828084,3,3
15902792,1,1
13335037,2,2
817418,2,2
146109,1,1
12649,2,2
2035791,2,2
4371521,2,2
8038476,3,3
161540,2,2
18586487,1,1
15776309,3,3
13383,2,2
15015218,2,2
681552,3,3
15778735,3,2
9850443,2,2
6620670,1,1
9767,2,2
18047049,1,1
37780,2,2
186937,2,2
24872910,1,1
123512,2,2
17339474,3,3
132676,1,1
4570667,1,1
87425,1,1
12846479,1,1
128571,3,3
875108,3,3
22813754,3,3
696703,2,2
11514260,1,1
240167,1,1
19464153,3,3
6463822,1,1
788431,3,3
265030,3,3
1321861,2,2
16107908,1,1
33843362,2,2
30687916,2,2
91688,2,2
2050,3,3
33916024,2,2
20696006,2,2
133476,3,3
18272806,2,2
25698,2,2
1319125,2,2
476384,1,1
13553217,3,3
1739855,3,3
710750,1,1
479561,2,2
11186809,2,2
11419229,2,2
20706320,3,3
998209,1,1
13578340,3,3
6393,3,3
18898806,3,3
31313,3,3
514811,3,3
177523,3,3
178206,1,1
631097,1,1
14781219,2,2
682919,2,2
65091,3,3
76625,3,3
80642,2,2
6963764,3,3
1497703,3,3
140360,3,3
102087,2,2
926206,1,1
22845021,1,1
8369940,1,1
119760,1,1
606039,3,3
10237603,2,2
23006161,2,2
13815,2,2
234232,1,1
436077,1,1
18619684,1,1
1838719,2,2
68041,1,1
11088150,1,1
32441,1,1
31304,2,2
23574679,3,3
1122137,1,1
28479,2,2
16056408,1,1
18839,2,2
561403,3,3
435045,3,3
1118654,2,2
240453,1,1
13069935,1,1
2671,1,1
8664814,1,1
6390031,1,1
225668,2,2
254501,3,3
371997,2,2
16029847,1,1
94351,1,1
9768203,2,2
6413788,1,1
18746504,3,3
7719248,2,2
18090147,1,0
602699,1,1
26506,3,3
1188295,2,2
250355,2,2
22304,3,3
206196,3,3
13587039,2,2
25921191,2,2
129523,2,2
774032,3,3
1542100,3,3
1022866,3,3
1269234,3,3
6553843,2,2
1832568,3,3
43334,3,3
9798470,2,2
22843341,3,3
283689,1,1
415909,3,3
238139,3,3
1039041,3,3
1868171,3,3
8272408,3,3
12073835,3,3
250645,2,2
1488965,3,3
148422,1,1
234560,1,1
8532,1,1
31422889,2,2
177945,2,2
17401136,2,2
65335,2,2
1223054,3,3
12315661,2,2
122138,2,2
20893314,3,3
13038833,2,2
23209927,1,1
530905,3,3
3115453,2,2
186201,2,2
5167648,1,1
1756703,1,1
12796583,3,3
188454,1,1
8441504,1,1
18001649,1,1
7631105,2,2
363397,1,1
574028,1,1
13037601,3,3
23310751,3,3
191139,3,3
256566,2,2
7879278,2,2
434903,3,3
13573419,2,2
340587,2,2
23285908,3,3
6609588,2,2
2205321,2,2
11436723,1,1
9414014,1,1
9134721,1,1
29430746,3,3
4244856,2,2
2332145,3,3
511208,1,1
95260,2,2
26864835,1,1
5962048,2,2
499094,2,2
394729,2,2
17471981,1,1
17861717,2,2
433035,2,2
13987,1,1
89363,2,2
18081150,2,2
6386792,1,1
92484,2,2
15982935,1,1
5041279,2,2
16241200,2,2
843109,2,2
4894,3,3
17262126,1,1
34144464,2,2
15898243,2,2
10690812,1,1
3972855,2,2
6115138,1,1
948528,3,3
9640,1,1
22886708,2,2
3257136,1,1
61899,3,3
12814088,2,2
1273773,3,3
295665,2,2
1505932,1,1
6049224,1,1
3173558,1,1
1795542,1,1
2094,3,3
874915,1,1
845139,1,1
339218,3,3
44516,2,2
10211494,2,2
292740,1,1
24833795,3,3
11903141,3,3
493559,1,1
1354668,1,1
1057231,1,1
28686963,2,2
7885300,1,1
62292,1,1
762134,1,1
1466282,2,2
263176,2,2
999257,3,3
196190,3,3
8112318,3,3
19577,2,2
4367520,3,3
554491,3,3
3388877,1,1
410810,1,1
11724850,1,1
13929,2,2
37186,2,2
6448772,1,1
17334066,1,1
342494,3,3
5582295,1,1
781787,1,1
93802,3,3
1548616,1,1
32862986,1,1
1800712,1,1
13167796,2,2
259598,2,2
1396182,1,1
23524626,2,2
5624125,3,3
18683046,2,2
7093222,3,3
25664563,3,3
233904,1,1
596384,3,3
1112516,2,2
5693,1,1
24472,1,1
8856411,2,2
21400356,3,3
10922521,2,2
30523827,1,1
6640559,3,3
25913044,3,3
3728976,3,3
7816410,1,1
27138578,2,2
22208279,3,3
34020174,1,1
9669007,3,3
59705,2,2
36793989,1,1
46257211,2,2
570393,2,2
87978,3,3
23305978,1,1
12860772,3,3
17733971,2,2
76889,2,2
944103,2,2
21283068,3,3
30628,2,2
76952,2,2
53010,3,3
11061595,3,3
42075149,2,2
11254850,2,2
2167967,1,1
9495552,2,2
31371230,3,3
93727,2,2
5414394,1,1
540113,1,1
38452813,2,2
26400307,1,1
72011,3,3
70488,1,1
348573,1,1
797192,1,1
16951,1,1
3717,3,3
80311,1,1
13438524,1,1
2075601,1,1
11301,2,2
10807928,1,1
19165871,1,1
52830931,3,3
763508,1,1
767495,2,2
10571,2,2
9526,3,3
13448037,2,2
208495,3,3
25319028,1,1
16065550,3,3
552987,2,2
26721568,2,2
423125,2,2
9708616,1,1
45234,3,3
133499,3,3
20550280,3,3
13170021,3,3
8621850,3,3
383104,3,3
17208265,2,2
46674,3,3
10694189,1,1
11285699,2,2
38926487,3,3
1010610,1,1
214261,2,2
73071,1,1
37692196,2,2
510632,1,1
13587199,2,2
6286319,1,1
9675020,1,1
699654,1,1
228063,2,2
41180667,2,2
175765,1,1
11297,2,2
6989670,2,2
1156197,3,3
17978489,2,2
18392495,3,3
17613090,2,2
2694679,2,2
67880,1,1
17384514,2,2
484110,3,3
104191,3,3
1194366,2,2
8522,3,3
32957,2,2
402141,3,3
51056342,3,3
9305694,1,1
836746,1,1
19066,1,1
25102,2,2
7289702,2,2
17465447,1,1
4926,2,2
13570854,2,1
6065182,1,1
394856,1,1
33830437,1,1
9303006,1,1
930225,3,2
18628601,3,3
17402117,2,2
48795,2,2
3241623,1,1
97030,3,3
11508357,1,1
149151,2,2
14523711,1,1
313259,1,1
426492,3,3
2824941,2,2
15738302,3,3
989667,2,2
6924458,3,3
1166599,2,2
819535,2,2
17233806,1,1
5585788,1,1
47588,2,2
12016,3,3
4273810,1,1
2477825,1,1
12987986,1,1
17137623,2,2
111048,3,3
9366879,3,3
285064,3,3
16075615,3,3
134203,3,3
2340561,2,2
3672334,3,3
6316125,2,2
2016611,3,3
34847105,3,3
1143641,3,3
360992,3,3
62082,1,1
15550,2,2
27110284,3,3
15496,1,1
11071581,2,2
84133,3,3
29944,3,3
16071767,3,3
140096,2,2
4009,3,3
7942534,2,2
18600,1,1
12969593,2,2
10156337,2,2
1800288,1,1
98685,2,2
22889752,3,3
3238153,3,3
18775257,1,1
805425,2,2
3462,2,2
3106266,2,2
12662,3,3
55139093,3,3
136218,1,1
102868,2,2
198323,3,3
393601,1,1
1055015,2,2
1914593,2,2
20821097,2,2
17334062,3,3
7076074,1,1
10765906,1,1
9688286,3,3
7056082,3,3
2786389,2,2
530848,2,2
6758331,2,2
954697,1,1
89370,3,3
12946782,1,1
16719,1,1
196783,1,1
333985,2,2
589904,1,1
48176,2,2
15835031,1,1
1474687,2,2
861058,1,1
35702241,1,1
11699055,2,2
39303,3,3
361487,3,3
774416,2,2
10222,1,1
1557363,3,3
93798,3,3
2652089,3,3
341735,2,2
3034429,3,3
351021,3,3
1480211,1,1
23754479,2,2
7039826,3,3
13258964,1,1
28800006,3,3
280847,3,3
6962671,3,3
6001011,2,2
2479403,1,1
5625477,1,1
7129598,2,2
644990,3,3
10431447,3,3
34324605,2,2
9992246,1,1
13408957,3,3
308585,3,3
7826803,1,1
1895875,1,1
646402,3,3
146656,2,2
2175645,1,1
1133121,2,2
6686092,3,3
510583,1,1
59417,2,2
7760632,1,1
109498,1,1
359804,1,1
30754033,3,3
15756277,3,3
6614242,2,2
321357,1,1
69880,3,3
8409257,2,2
15810152,3,3
13144142,2,2
20901080,2,2
2973738,1,1
34312,2,2
6186355,1,1
1303564,3,3
16176,1,1
27525,2,2
767326,1,1
308532,2,2
336245,2,2
35179725,3,3
18145294,3,3
439941,3,3
127016,3,3
13516487,1,1
5096,1,1
22992,1,1
10634569,1,1
29483166,1,1
418,1,1
20981355,1,1
77208,2,2
396266,1,1
344219,1,1
52877,2,2
26146630,2,2
16123002,1,1
77956,3,3
670371,3,3
12080917,2,2
31554413,3,3
394616,1,1
6294062,2,2
164238,3,3
4107256,3,3
798539,2,2
46261,1,1
20522640,2,2
272773,1,1
141859,2,2
8908223,1,1
17254466,2,2
29633584,1,1
9931820,3,3
231989,2,2
34459,3,3
160458,1,1
51497,3,3
18008076,1,1
20976417,1,1
295323,1,1
158005,1,1
350358,2,2
837606,1,1
841628,3,3
17617617,3,3
6583205,3,3
239478,1,1
234888,2,2
1628966,3,3
1814,2,2
9570,1,1
6353230,2,2
67143,2,2
6605705,2,2
139390,1,1
7510368,3,3
175516,2,2
11167670,1,1
3034842,1,1
65482,1,1
7028,3,3
2237117,3,3
10836728,2,2
1797901,3,3
35715518,3,3
10079,3,3
2887211,1,1
15845141,3,3
130881,1,1
3954368,3,3
2020935,2,2
5664985,3,3
5107,2,2
17252254,2,2
77355,2,2
323980,3,3
24644814,2,2
1279604,1,1
415819,1,1
13411245,1,1
12265635,2,2
64923,1,1
18079776,1,1
433950,3,3
13504055,2,2
18453110,1,1
568116,3,3
7685287,2,2
259789,3,3
17311105,2,2
12396795,2,2
31117613,3,3
89763,1,1
6552157,2,2
752201,2,2
25938481,1,1
655785,1,1
35349,1,1
499749,3,3
1059,3,3
16090670,3,3
198088,1,1
1028853,3,3
97863,1,1
11524833,2,2
146127,2,2
415639,3,3
264894,3,3
8852463,3,3
403098,2,2
248,1,1
6149219,3,3
599052,1,1
73480,3,3
342667,2,2
590349,1,1
1218856,2,2
511528,3,3
470219,2,2
6401865,2,2
33257478,1,1
31450960,1,1
12087796,1,1
10970532,2,2
12417147,3,3
28677,1,1
18213403,3,3
205014,2,2
5805,2,2
15812696,1,1
7383807,2,2
10256723,2,2
254660,2,2
47906,1,1
2081954,3,3
81826,2,2
1242506,1,1
651589,2,2
1902917,2,2
1408288,3,3
22248969,2,2
18084697,2,2
609763,1,1
20746822,1,1
12534,2,2
85791,2,2
15767282,1,1
3281,3,3
8725909,1,1
36329818,1,1
1175227,3,3
22113407,3,3
40163119,3,3
1339895,1,1
1880767,2,2
116697,1,1
11483403,1,1
21671,2,2
50208350,2,2
7182899,2,2
98645,1,1
26136281,1,1
7772781,3,3
342994,1,1
59149,3,3
6601254,1,1
12260585,1,1
428,1,1
3326,2,2
22321,2,2
6400090,3,3
149840,3,3
8077593,1,1
10827240,3,3
784084,3,3
127122,3,3
2025885,3,3
13504041,3,3
7831146,2,2
13457580,3,3
17349002,3,3
3760,2,2
25263557,1,1
154652,2,2
32768522,1,1
834518,2,2
602158,2,2
9893355,1,1
6751,3,3
324312,2,2
44139418,2,2
13411546,3,3
29739361,1,1
23754884,1,1
13581917,1,1
132541,1,1
409,3,3
12127750,1,1
8867176,1,1
10592898,2,2
68513,1,1
503207,2,2
13607320,2,2
879162,2,2
6993562,3,3
415488,1,1
7464272,2,2
8709527,1,1
3758,3,3
4453371,3,3
17305416,1,1
7904429,1,1
17306084,2,2
38501,1,1
15835020,1,1
218357,3,3
20550277,3,3
12274,3,3
144349,1,1
23398126,3,3
15795628,1,1
1384335,2,2
272599,1,1
8339150,3,3
23608455,3,3
192892,1,1
117896,1,0
32943032,3,3
31206384,3,3
593152,3,3
21912861,1,1
396647,2,2
658499,1,1
34534,3,3
16071790,3,3
271248,2,2
2407121,3,3
21412673,3,3
17201095,1,1
2946563,2,2
7538512,3,3
5723653,1,1
8509,1,1
12615008,2,2
99470,1,1
163294,3,3
581125,3,3
11438693,2,2
18604211,1,1
1059184,3,3
20518842,2,2
8192373,2,2
8241088,1,1
32573182,2,2
1270698,3,3
9893331,2,2
293101,3,3
12467867,2,2
6574115,2,2
3105906,1,1
71653,3,3
30809677,1,1
1976714,3,3
23344222,2,2
9597,2,2
24476986,3,3
29380,3,3
293149,2,2
12614,1,1
13623777,1,1
9748208,2,2
369030,3,3
248884,1,1
243598,3,3
117564,2,2
716329,3,3
24847,1,1
10183211,3,3
5266655,1,1
13414964,3,3
101869,3,3
7779571,1,1
2715,3,3
1216545,1,1
13821,1,1
195961,3,3
4287968,1,1
351501,1,1
133547,1,1
2122,3,3
8483233,1,1
116121,3,3
530965,1,1
442955,3,3
53103895,2,2
18210681,1,1
31171,1,1
11031,2,2
1212934,1,1
16122560,3,3
17261462,1,1
3525382,3,3
47184,1,1
11869272,3,3
141824,1,1
381421,3,3
137975,1,1
106554,2,2
60975,1,1
15549,2,2
7870553,1,1
75996,2,2
576565,1,1
404223,1,1
88009,3,3
15992356,3,3
22544764,1,1
333071,2,2
2358931,2,2
28748,2,2
236056,2,2
9266793,3,3
116378,3,3
8514163,3,3
6186292,2,2
20512062,2,2
368931,3,3
1664368,1,1
9866451,3,3
30742690,1,1
18278129,1,1
295834,2,2
6911529,2,2
2427,1,1
77490,3,3
93453,3,3
1170257,1,1
27528,2,2
81332,2,2
3058331,2,2
3334465,2,2
42115981,1,1
13834,2,2
13282015,1,1
13688350,2,2
122619,2,2
5318660,1,1
16004711,1,1
13581290,1,1
3711152,3,3
32532,2,2
1121430,3,3
40514431,2,2
3427378,1,1
1675216,2,2
18029845,1,1
14839,2,2
376957,1,1
50840,2,2
12453199,2,2
3664164,1,1
640565,2,2
27272505,1,1
2834255,2,2
1218052,3,3
18003300,1,1
12953520,3,3
25243735,2,2
175504,2,2
230514,2,1
25977218,3,3
33486,1,1
3314550,2,2
103761,1,1
3874108,3,3
485398,2,2
807002,2,2
169794,2,2
807742,2,2
132626,1,1
263059,2,2
29496208,1,1
23346719,2,2
7771,1,1
12393684,1,1
739840,1,1
2639864,3,3
13557124,2,2
26159625,2,2
523974,1,1
23168840,3,3
262436,3,3
3617118,3,3
15755709,1,1
50051,1,1
368089,2,2
20645398,3,3
2202230,2,2
197287,3,3
6945037,2,2
279670,3,3
53344842,1,1
6764886,2,2
23396,3,3
424959,3,3
8568,2,2
29588,3,3
1215358,2,2
13589866,1,1
274242,1,1
80583,3,3
23700,1,1
9593911,1,1
775366,2,2
6480607,2,1
382360,1,1
6699443,3,3
17854353,3,3
7444305,3,3
8299165,3,3
956734,3,3
7898,1,1
11487228,3,3
6670958,2,2
2015492,3,3
58438,1,1
118944,1,1
377679,1,1
6533996,2,2
25493,3,3
9751406,3,3
6610623,2,2
389115,3,3
42898,2,2
470693,1,1
11714997,2,2
9599543,1,1
10235919,1,1
7492383,1,1
6999171,3,3
10830932,2,2
82761,3,3
40536620,2,2
1223238,2,2
2045157,3,3
7769217,2,2
15463937,3,3
262151,1,1
1629941,3,3
1823114,2,2
229116,3,3
714711,3,3
103111,3,3
511718,3,3
18485945,2,2
2159136,1,1
15823426,2,2
7048787,2,2
8887365,3,3
34495,1,1
29386918,1,1
19909,2,2
295741,1,1
538871,2,2
8390428,2,2
3611095,2,2
194578,1,1
43885673,3,3
209525,2,2
94733,2,2
5280587,1,1
25489021,2,2
10979,3,3
1109741,1,1
223666,3,3
11564,1,1
42694,1,1
119980,3,3
11899,1,1
18270740,1,1
12117,2,2
6238661,1,1
59817,1,1
37588678,2,2
389715,2,2
7796390,3,3
1159714,3,3
118351,1,0
567017,1,1
1000171,3,3
36072,3,3
7906937,2,2
1358844,3,3
1358088,1,1
75406,1,1
783513,3,3
6366365,1,1
323422,1,1
693238,2,2
262392,1,1
7903851,1,0
16219585,2,2
37340,1,1
7841672,3,3
4656,2,2
532939,1,1
10579671,2,2
10845991,3,3
833130,3,3
352727,2,2
28820,1,1
289726,1,1
149196,2,2
6267708,1,1
25121739,3,3
1355993,1,1
4268157,1,1
896621,2,2
1372196,3,3
1054845,3,3
359747,3,3
16048280,3,3
30935,1,1
20728720,1,1
17876897,2,2
25365530,3,3
18464127,2,2
36637409,3,3
6068551,1,1
2086132,3,3
624716,3,3
511260,3,3
44654627,1,1
44890112,2,2
124931,1,1
1022376,2,2
349650,2,2
17559004,1,1
18830,1,1
91358,3,3
25066741,3,3
2873007,1,1
7267938,3,3
25639296,2,2
8488492,1,1
5896014,2,2
6968153,3,3
18681904,2,2
116977,2,2
11701627,2,2
8883501,3,3
1214485,3,3
47970,1,1
36420317,1,1
26247008,3,3
25784766,1,1
8786340,3,3
580898,3,3
135479,1,1
314986,3,3
9583799,2,2
18734992,1,1
38117946,1,1
168323,1,1
11756117,1,1
289739,3,3
672619,1,1
17368270,3,3
556560,1,1
9367853,1,1
41151459,1,1
8870923,1,1
7841512,1,1
921823,2,2
4723,2,2
176404,1,1
19164621,3,3
32940913,2,2
17825218,1,1
19367070,3,3
24809194,1,1
81524,1,1
38355098,1,1
80035,3,3
22188,3,3
10956,1,1
28428971,2,1
3087,3,3
13486177,2,2
17163514,3,3
22062483,2,2
91368,1,1
38507978,3,3
872761,1,1
458624,1,1
495242,2,2
109580,2,2
786699,1,1
563457,1,1
32827,2,2
3393124,1,1
105099,3,3
1462251,1,1
722367,3,3
23118840,2,2
64637,1,1
42184334,1,1
18039261,1,1
6747545,1,1
8269450,1,1
613385,1,1
965466,2,2
218574,1,1
1060540,2,2
93485,1,1
55399,3,3
12377445,1,1
574131,2,2
253305,3,3
62168,3,3
40054659,3,3
447629,3,3
84847,3,3
379142,3,3
4717491,3,3
11887020,3,3
122943,2,2
6050298,2,2
6433344,1,1
13607560,3,3
55212209,3,3
61926,3,3
4185796,3,3
21314,1,1
11439,2,2
17303,2,2
123031,1,1
307220,3,3
37677,2,2
593109,2,2
2395279,2,2
3973,2,2
752461,3,3
11998032,1,1
138202,3,3
42435,1,1
60969,1,1
29079300,2,2
16325,2,2
198719,2,2
485820,3,3
1000339,2,2
284295,1,1
571398,3,3
27904311,1,1
5830358,3,3
17342701,1,1
58677,1,1
561635,1,1
479707,3,3
1416652,3,3
2468062,3,3
16120543,1,1
6323821,3,3
9673936,2,2
2494204,2,2
31335,3,3
5996317,3,3
28493748,3,3
252471,3,3
1169937,1,1
11082037,1,1
479594,3,3
11968723,1,1
227658,3,3
36004,1,1
152653,1,1
1430989,1,1
8738626,1,1
1296964,3,3
16074568,3,3
18188651,3,3
70509,1,1
16111209,1,1
142442,3,3
342586,3,3
212957,1,1
35206,2,2
1479330,3,3
151561,3,3
878037,1,1
2310780,2,2
15790886,2,2
9589,2,2
11801958,3,3
2550219,1,1
2059237,1,0
347206,1,1
2148234,2,2
132464,2,2
287861,1,1
2401818,1,1
12677913,1,1
11367726,3,3
936570,3,3
687215,1,1
40640782,3,3
6801454,1,1
338329,3,3
1944019,2,2
244572,1,1
7863194,2,2
22098550,3,3
17236613,3,3
973352,3,3
110076,1,1
626361,3,3
827326,2,2
563321,2,2
420317,1,1
112756,3,3
297866,2,2
28313,2,2
134961,1,1
820461,1,1
26245098,1,1
10360191,1,1
9872091,3,3
8922136,3,3
765172,1,1
423925,3,3
11405802,1,1
360016,1,1
16922991,2,2
9833965,1,1
132778,3,3
274052,3,3
18620524,3,3
6289920,1,1
4523395,1,1
2150355,3,3
192378,1,1
33512,2,2
12922364,1,1
1435283,2,2
6309380,3,3
11515955,3,3
40121959,2,2
13588425,1,1
2373,3,3
2338635,3,3
50838717,3,3
9815702,1,1
88442,3,3
5072077,1,1
2161733,2,2
77507,2,2
263919,2,2
21857473,3,3
287634,1,1
908092,3,3
5628753,3,3
3502288,2,2
15836,2,2
22151696,2,2
10332,1,1
13044955,1,1
9411628,3,3
21393526,1,1
776763,3,3
3368725,3,3
535179,3,3
459820,3,3
3165887,2,2
110395,2,2
42083714,2,2
259655,3,3
16177596,1,1
25739,1,1
24796,1,1
3303559,2,2
542389,3,3
964427,3,3
768889,1,1
31076583,2,2
2037559,2,2
489606,2,2
632117,1,1
24958079,3,3
831893,2,2
13412372,2,2
2287063,1,1
93598,1,1
959614,3,3
699643,1,1
14257,1,1
31305496,3,3
89612,2,2
13533650,1,1
101571,2,2
216214,2,2
9517449,3,3
18738863,2,2
29939230,1,1
6453321,2,2
10669,3,3
42718,3,3
13642632,2,2
576729,3,3
16235,1,1
12794678,2,2
403129,2,2
10798003,3,3
13721709,1,1
71870,1,1
7798222,2,2
1205297,1,1
17860739,2,2
1318,3,3
17349,1,1
614168,2,2
6746018,2,2
7049216,3,3
10464,1,1
41777,2,2
56268,2,2
6423,1,1
344492,3,3
593045,2,2
1087939,3,3
82783,1,1
13152672,3,3
17288352,3,3
61505,1,1
12535,3,3
935436,2,2
11290708,1,1
6408205,2,2
227152,1,1
18490712,1,1
13642963,2,2
1019653,3,3
3047851,3,3
293918,3,3
583921,2,2
3970111,3,3
5116480,2,2
270032,1,1
6131767,3,2
304344,3,3
26530317,3,3
13240806,1,1
5523844,1,1
241902,1,1
253772,1,1
11289729,2,2
268593,1,1
120405,1,1
18187186,2,2
160852,2,2
1058615,3,3
7437,1,1
714380,3,3
34492,3,3
212534,3,3
6672183,1,1
7562764,2,2
18392459,3,3
18392,3,3
312596,2,2
2436307,3,3
43992,1,1
7898618,3,3
14553484,2,2
55681320,2,2
25904473,1,1
7941693,3,3
18249261,1,1
16147265,2,2
1117037,3,3
29396,1,1
6609571,3,3
783114,3,3
6452760,1,1
32559,2,2
90411,2,2
15450,1,1
10230881,1,1
28849,3,3
7845977,1,1
11836958,1,1
383626,3,3
1895918,2,2
36071,3,3
22435,3,3
6530493,2,2
994608,3,3
43324,1,1
32831,3,3
93374,3,3
17929199,3,3
1022411,3,3
3054684,3,3
97501,3,3
20907927,2,2
77678,2,2
2176,2,2
595304,1,1
16186,1,1
871634,1,1
128073,2,2
7252,3,3
158479,1,1
12905462,2,2
43634930,3,3
6423187,3,3
28116714,3,3
199783,2,2
4566128,1,1
1145645,1,1
48468,2,2
31981,2,2
9571478,1,1
510539,2,2
226004,1,1
778040,2,2
1018538,2,2
506127,3,3
154293,2,2
2152,1,1
3645169,2,2
660451,2,2
32558283,2,2
5355136,1,1
7193616,1,1
20601872,2,2
14814495,1,1
10468258,3,3
83674,3,3
428223,2,2
116278,2,2
2512269,3,3
3679152,3,3
132749,1,1
158856,2,2
6547188,1,1
590325,3,3
189937,1,1
63040,3,3
1274722,1,1
1454374,2,2
228198,2,2
9995050,2,2
34536488,2,2
12585217,2,2
19631,2,2
199791,3,3
13512420,3,3
4645107,3,3
83324,3,3
156814,1,1
25467491,1,1
59144,3,3
17349023,1,1
15770786,2,2
888674,1,1
2821792,3,2
8545967,3,3
12059592,3,3
13560262,3,3
3118991,1,1
148554,2,2
6676768,2,2
543137,3,3
176839,1,1
24903914,2,2
107786,3,3
97012,3,3
142529,1,1
8696128,3,3
12152785,3,3
42048,2,2
17899696,1,1
3426706,2,2
1174660,3,3
4609951,3,3
5562914,1,1
15771687,2,2
24486595,1,1
242793,1,1
44543,1,1
17838780,1,1
65261,2,2
147602,1,1
39295740,3,3
773514,2,2
923015,3,3
12522507,2,2
1029232,3,3
116971,1,1
14571487,2,2
16320,3,3
685,1,1
7843633,1,1
7519866,1,1
864821,1,1
16173111,1,1
140098,3,3
635112,3,3
18007670,2,2
206868,3,3
28876,2,2
13097681,3,3
131181,1,1
90136,3,3
13608557,1,1
477779,3,3
13497718,1,1
535441,1,1
17980939,3,3
507590,1,1
3051743,3,3
15808728,3,3
136216,1,0
3783,2,2
40295,1,1
6658685,1,1
78960,2,2
8421720,3,3
6572844,2,2
112631,1,1
11084145,1,1
1364772,2,2
15456,1,1
15781726,3,2
425123,1,1
1627,1,1
773524,3,3
1088471,3,3
8646,2,2
4325,2,2
17445099,2,2
179392,1,1
2761356,2,2
6260997,3,3
775198,2,2
30623067,3,3
15833525,3,3
6452798,3,3
369042,1,1
45258,1,1
5960371,1,1
40331,1,1
1442653,1,1
19091253,1,1
8607205,3,3
9572871,1,1
13514251,2,2
34092629,2,2
99452,1,1
7728,3,3
919828,1,1
30274490,3,3
267478,3,3
1123549,1,1
2722413,1,1
39298129,3,3
17203883,2,2
6941321,2,2
235662,2,2
64251,3,3
1527315,3,3
6570016,2,2
93788,2,2
20897517,3,3
18219426,2,2
9106984,3,3
793003,1,1
47955,3,3
216254,2,2
298419,1,1
522686,3,3
27267112,3,3
280865,1,1
16343,2,2
42038,2,2
105021,3,3
10664225,2,2
15766776,1,1
219919,1,1
7932775,1,1
15724396,2,2
93794,3,3
33549,1,1
27817191,1,1
136967,3,3
12866441,3,3
23848300,3,3
16368,2,2
176392,1,1
1250452,3,3
18667753,2,2
12962345,1,1
128642,1,1
68682,2,2
26625494,3,3
13557232,2,2
6845839,2,2
209194,1,1
116295,3,3
6758332,1,1
22267178,2,2
3061,1,1
1043312,1,1
13531598,3,3
9648,1,1
419356,1,1
34001659,3,3
3294489,3,3
15798364,3,3
234352,1,1
10875239,1,1
23529,1,1
554772,2,2
12093000,2,2
34612420,2,2
10602516,2,2
1103976,2,2
15802450,1,1
50323,1,1
4538,2,2
95784,1,1
8308598,3,3
1037563,3,3
15729539,3,3
354137,2,2
4808763,1,1
498744,3,3
9300749,3,3
152435,2,2
12359733,3,3
2841694,1,1
436148,2,2
1000724,3,3
803982,1,1
25167898,2,2
33628600,1,1
13912,2,2
929901,2,2
138683,2,2
24991686,2,2
18690719,3,3
8602369,1,1
28458598,3,3
50088631,3,3
36613747,1,1
18079758,1,1
57010,3,3
6371720,1,1
185117,2,2
4183437,1,1
371787,1,1
17205421,1,1
36360023,1,1
7169459,3,3
17347895,1,1
13513205,2,2
17568984,2,2
23940,2,2
9864,3,3
5890,1,1
466354,1,1
93375,2,2
30260,1,1
10551947,3,3
18404155,2,2
856190,1,1
142108,2,2
850223,3,3
199155,1,1
22494161,1,1
11359684,1,1
104069,1,1
22842215,2,2
1845,2,2
17290226,2,2
15985348,1,1
12558285,2,2
5517759,3,3
1629945,3,3
17408055,1,1
8573020,2,2
13630444,3,3
807127,1,1
7832174,2,2
205057,3,3
572531,2,2
6262365,2,2
171547,3,3
131155,3,3
732350,1,1
2618807,3,3
64725,1,1
11738128,3,3
6641640,2,2
1221903,2,2
69094,3,3
18143832,1,1
109512,1,1
7894,1,1
11246836,2,2
11382,3,3
16810,1,1
18038947,3,3
127570,2,2
2662930,1,1
9593913,2,2
20605813,2,2
362592,1,1
1851156,2,2
18812351,3,3
13547454,3,3
13074999,3,3
526613,3,3
1621010,1,1
115673,2,2
552534,1,1
18374991,1,1
2417663,1,1
2074013,3,3
10198374,2,2
92147,3,3
10518423,3,3
21489527,1,1
29739428,1,1
2152080,1,1
6905645,3,3
237213,2,2
3359940,2,2
2830067,3,3
41817363,3,3
25429165,1,1
16556,3,3
43325,1,1
256109,3,3
25795314,2,2
7800188,3,3
149709,3,3
6686101,3,3
18840,1,1
3761596,2,2
259998,2,2
287630,3,3
30302056,1,1
92769,1,1
50144,3,3
17346698,2,2
56495,2,2
35481012,3,3
37643470,1,1
20130720,2,2
551403,3,3
133688,3,3
4776314,3,3
12988064,3,3
22718705,3,3
761158,2,2
15781026,3,3
8205669,3,3
47683,2,2
23565008,3,3
703,2,2
36478784,3,3
224379,3,3
112529,3,3
43885930,3,3
8837,3,3
588625,3,3
292275,3,3
5509,3,3
905834,2,2
1954805,1,1
9331081,3,3
12577711,2,2
359998,1,1
2968562,3,3
6342335,2,2
10674653,3,3
11262,2,2
28588073,3,3
18877657,3,3
129504,1,1
186345,1,1
979766,2,2
11962848,3,3
77378,1,1
61831,2,2
91539,1,1
408,3,3
3831768,2,2
241101,3,3
1640420,3,3
20578654,1,1
9504874,1,1
769255,1,1
71023,1,1
122967,1,1
7731241,1,1
8067768,2,2
30244626,1,1
12923588,2,2
165395,2,2
16114,3,3
13505141,3,3
3685,1,1
18173687,2,2
156597,3,3
16429,3,3
19258731,1,1
7103,3,3
12975375,2,2
93007,1,1
690872,2,2
187811,3,3
405552,1,1
17334061,2,2
2250457,2,2
12908035,1,1
23834720,3,3
6043781,2,2
11362198,1,1
1145529,3,3
76988,1,1
96334,2,2
18038957,3,3
17331408,3,3
34659293,1,1
59250,3,3
2442529,3,3
5971165,1,1
17297487,2,2
158516,3,3
38210,3,3
8498031,3,3
138959,2,2
1268348,3,3
4296443,1,1
164631,3,3
19596,1,1
52635,3,3
219727,3,3
356287,1,1
10104,2,2
646112,1,1
109307,2,2
50316,2,2
921825,3,3
14182,1,1
98943,1,1
106590,3,3
393715,3,3
104378,3,3
26005699,2,2
225850,2,2
6289794,1,1
26245817,3,3
7954894,1,1
29358729,2,2
17861,3,3
2412967,2,2
6275997,3,3
9363118,3,3
137110,1,1
175245,2,2
7685228,3,3
10340846,2,2
269353,1,1
57663,3,3
395921,2,2
18335916,3,3
2341202,2,2
12027395,2,2
2899,2,2
9214995,3,3
33834730,1,1
36070934,1,1
864431,1,1
7092306,3,3
26783467,2,2
88880,2,2
616069,1,1
881902,3,3
72999,3,3
3239023,1,1
8140709,1,1
242757,3,3
2679633,2,2
703353,3,3
3301645,2,2
171351,1,1
2460832,2,2
550432,1,1
46777,2,2
1943814,2,2
16328,3,3
7395327,1,1
622156,1,1
91476,3,3
7943300,2,2
18416,3,3
125925,2,2
34956885,3,3
92371,1,1
6966342,1,1
8875715,1,1
3607898,2,2
12891160,1,1
18697903,1,1
39280445,1,1
120540,3,3
28374062,3,3
16059689,2,2
6551,3,3
2680051,2,2
25740412,2,2
407813,1,1
19405702,1,1
17938417,1,1
344018,2,2
26634594,3,3
4680339,1,1
649939,1,1
5661546,1,1
10128428,3,3
13055971,1,1
33403610,3,3
125961,2,2
574629,1,1
541024,1,1
10068074,1,1
6969,2,2
41556228,3,3
10088219,1,1
216363,3,3
3068,3,3
458314,2,2
13640052,1,1
73965,2,2
302031,3,3
827681,3,3
17333426,1,1
2884065,3,3
13536278,2,2
27414384,1,1
1404027,2,2
31360,2,2
20530956,1,1
30231806,3,3
34102633,3,3
7094635,1,1
3695772,3,3
30334,2,2
347612,3,3
4889214,2,2
15793626,3,3
79202,1,1
20740634,1,1
23199714,3,3
604635,2,2
18803806,1,1
401514,3,3
30256248,2,2
6536961,2,2
289028,1,1
18212,2,2
21979673,2,2
119030,2,2
92227,3,3
17317908,2,2
16856,2,2
728447,1,1
388018,1,1
130119,3,3
75234,2,2
7325821,1,1
6878217,3,3
7148931,2,2
393060,2,2
1102814,3,3
64895,1,1
437856,3,3
9579882,1,1
122856,2,2
659546,1,1
25986688,3,3
278651,1,1
363973,3,3
6971551,2,2
6278245,3,3
44734,3,3
6441539,2,2
7962335,2,2
953734,1,1
41810232,1,1
663987,3,3
7170963,3,3
34521,3,3
385120,1,1
9923372,2,2
97782,1,1
10589240,2,2
533465,3,3
13318128,3,3
178051,3,3
1709407,2,2
112751,1,1
23604559,1,1
13056511,1,1
80738,1,1
68530,2,2
276384,1,1
15734760,1,1
3323157,1,1
336518,2,2
961831,2,2
11458881,3,3
10889279,1,1
24481072,1,1
1643812,2,2
9310626,2,2
6005113,1,1
55681310,2,2
1557359,3,3
925837,1,1
332768,2,2
15835877,1,1
88496,1,1
25826846,1,1
5294,3,3
192214,1,1
167002,1,1
470495,3,3
5989059,1,1
138721,1,1
22388165,2,2
13589829,1,1
33158532,1,1
15167,2,2
6359649,1,1
3590446,3,3
289646,3,3
431,2,2
26435,1,1
325718,2,2
38315,2,2
4823219,3,3
18243700,3,3
27883214,2,2
139874,2,2
25614426,1,1
12429,1,1
1033227,1,1
10959,2,2
28247,1,1
1727888,3,3
12033364,3,3
89838,2,2
16061340,2,2
12063467,2,2
164434,3,3
819524,1,1
6304911,3,3
114954,1,1
23433339,3,3
7327327,2,2
630561,1,1
91249,1,1
37813,2,2
43835294,2,2
1862313,3,3
7293595,1,1
24978973,1,1
13584309,2,2
13104040,2,2
13440,2,2
239810,1,1
51071,1,1
130916,2,2
132694,1,1
20675,3,3
1404813,2,2
898764,1,1
102856,2,2
1298205,2,2
10589,3,3
1192521,1,1
10603241,1,1
13173166,2,2
42547,3,3
51783,2,2
45109,3,3
1230077,3,3
6395277,1,1
15757366,1,1
788331,1,1
43889,1,1
9680114,1,1
390301,3,3
1107457,1,1
17149088,2,2
7491418,3,3
28692,3,3
29362082,1,1
39397,1,1
17852001,3,3
40923,1,1
17838913,2,2
894154,3,3
547943,2,2
42986,1,1
595375,3,3
17156406,3,3
645352,2,2
207918,3,3
28760,2,2
12294752,3,3
35463752,3,3
22249789,3,3
32107,2,2
3209492,1,1
16181,2,2
9757310,1,1
52366,3,3
6838830,1,1
2147058,1,1
321441,3,3
7804666,1,1
34208038,3,3
5841487,3,3
290,2,2
1207076,2,2
25311873,1,1
386187,2,2
11213139,1,1
106741,3,3
40949958,2,2
23846013,3,3
12119529,1,1
705069,2,2
1786638,3,3
188458,3,3
1131655,3,3
286357,3,3
13623948,3,3
6554495,2,2
2056209,2,2
174216,3,3
309455,1,1
601462,2,2
581163,2,2
264158,3,3
8230578,1,1
61928,2,2
5043759,2,2
54028,1,1
25074178,2,1
8438589,3,3
10055,1,1
326931,1,1
29737,2,2
28187,1,1
19243883,2,2
35924705,3,3
2930,1,1
689225,1,1
6344423,3,3
16146296,1,1
280352,1,1
96119,1,1
596290,3,3
378460,2,2
11614718,2,2
29496453,3,3
631177,1,1
1394909,1,1
831378,2,2
50242,3,3
11214727,3,3
17448097,2,2
362002,1,1
84552,2,2
74036,3,3
1247307,2,2
85866,1,1
1943670,3,3
2144610,2,2
13319632,2,2
54990,3,3
8350864,1,1
30144,3,3
678114,1,1
78985,3,3
34964944,3,3
273891,1,1
2964456,1,1
1235056,3,3
314387,1,1
15981705,2,2
5160463,3,3
15984353,2,2
17725556,2,2
1838166,3,3
15773528,1,1
15929771,3,3
4311773,3,3
52873,3,3
1528935,3,3
885744,2,2
9533,1,1
13547958,2,2
16729,3,3
14744381,3,3
53195814,3,3
35183676,2,2
239751,3,3
468137,1,1
1000783,1,1
445046,1,1
444328,1,1
7279151,2,2
1155278,1,1
13166686,3,3
1099466,3,3
13414055,3,3
6925670,1,1
18431,3,3
16113606,3,3
129356,2,2
13530588,3,3
8400680,3,3
50910459,3,3
17661831,3,3
16158817,2,2
17483,3,3
222606,2,2
672620,3,3
278210,1,1
52892857,2,2
1829709,3,3
439939,2,2
575758,3,3
254947,3,3
13115184,3,3
208204,3,3
12305515,3,3
28541,1,1
6728427,3,3
236363,1,1
333301,2,2
100344,2,2
1432370,2,2
28825,3,3
66080,3,3
2143461,3,3
41502,2,2
14894653,1,1
6365221,3,3
10725481,3,3
22889766,2,2
18243368,1,1
1620912,2,2
257257,1,1
9924320,1,1
22521549,3,3
18770398,2,2
12160853,2,2
4724330,2,2
6066819,2,2
15818357,1,1
16156295,3,3
804860,3,3
297684,1,1
563452,1,1
21945153,3,3
10800904,2,2
26067507,2,2
22628517,2,2
56331,1,1
5199022,3,3
19004928,1,1
359696,3,3
821003,3,3
330728,3,3
3454581,2,2
106925,2,2
27999,3,3
17886564,3,3
128529,2,2
3292665,2,2
18702030,3,3
875583,1,1
17290253,3,3
3443881,3,3
1314332,2,2
28505629,3,3
36236124,2,2
101648,3,3
481912,1,1
10806119,1,1
386234,2,2
253106,3,3
7102781,3,3
10822858,1,1
2176735,2,2
13061289,3,3
10103230,1,1
766917,3,3
34728667,3,3
799147,2,2
8772077,3,3
23278619,3,3
16248223,1,1
11393301,2,2
8864550,3,3
14948,1,1
7694378,3,3
7201,3,3
1094401,1,1
12846,2,2
8726915,1,1
248378,3,3
10991547,2,2
7663033,1,1
1928405,3,3
3175995,2,2
12880,2,2
1056181,2,2
53138253,3,3
24974996,3,3
17876893,2,2
16363,3,3
41589,2,2
13455572,3,3
51364,1,1
674213,1,1
6224935,3,3
9733795,1,1
92743,1,1
8709524,2,2
2581350,3,3
115076,1,1
59780,3,3
33144,2,2
27692,2,2
20249,2,2
362413,2,2
34082,1,1
17623910,3,3
782854,2,2
771526,2,2
989055,3,3
80435,2,2
16062211,1,1
564058,1,1
546443,2,2
609367,3,3
13038008,2,2
567704,1,1
355,3,3
228416,1,1
6625698,3,3
13569,1,1
454095,3,3
16065004,3,3
293979,3,3
154798,3,3
1427086,2,2
77849,2,2
243401,1,1
18196222,1,1
15985373,3,3
176804,3,3
31434883,1,1
8163541,2,2
171020,2,2
27245484,1,1
34640668,2,2
338691,1,1
1782543,3,3
302022,3,3
6838686,2,2
18085024,1,1
17285643,3,3
7124921,2,2
56912,3,3
416343,2,2
9895334,1,1
12087624,2,2
18459855,2,2
580918,1,1
39398,3,3
45967,1,1
45100,2,2
13425570,3,3
7981456,1,1
1306847,3,3
1327836,1,1
588147,2,2
10335701,3,3
23995491,3,3
9051270,3,3
686307,2,2
515601,1,1
79549,1,1
867378,3,3
51591602,1,1
119826,3,3
45240918,3,3
13517470,2,2
174730,2,2
17230551,2,2
6757893,1,1
1557353,3,3
15466,2,2
8303402,3,3
22546129,2,2
11337,2,2
50251,3,3
10567,2,2
20174424,1,1
147941,3,3
23460947,2,2
42155,2,2
877707,3,3
89377,2,2
1518738,2,2
49127718,1,1
563784,1,1
13125954,1,1
110090,2,2
7122034,3,3
6670514,3,3
349164,1,1
22320456,3,3
17194517,3,3
557103,3,3
21860884,1,1
264069,1,1
830205,2,2
217627,3,3
8229029,2,2
3598830,1,1
38657,1,1
3695377,1,1
21130121,3,3
16100179,3,3
114178,2,2
18269969,3,3
2169898,1,1
2895061,2,2
432162,1,1
16033909,1,1
17036579,2,2
181077,1,1
132587,2,2
5552,2,2
2159700,1,1
7933292,2,2
2337379,2,2
41704,2,2
875910,1,1
6351910,2,2
145655,2,2
17650,1,1
181432,1,1
35397362,1,1
9515964,3,3
15731779,1,1
240112,2,2
176698,3,3
337040,1,1
421122,2,2
608601,2,2
6757337,3,3
18518269,3,3
3311,1,1
17332405,1,1
558655,2,2
1201864,2,2
105744,2,2
584637,1,1
17728,1,1
1429666,3,3
16528,2,2
4703553,1,1
2276518,3,3
25434361,3,3
698,1,1
25491,2,2
1187448,1,1
169003,1,1
119035,2,2
739942,1,1
22836957,2,2
748523,2,2
1595824,3,3
22567184,3,3
101999,1,1
16130369,3,3
3325998,3,3
1170244,3,3
55281,2,2
109656,3,3
23398748,1,1
20446395,3,3
4664989,3,3
425174,1,1
33099588,2,2
7811961,1,1
22494969,2,2
3585061,2,2
28419,1,1
120218,1,1
1104540,3,3
3020366,3,3
174622,3,3
6131786,2,2
2119375,2,2
16156292,1,1
804698,1,1
17354744,2,2
65030,3,3
59264,2,2
17349238,2,2
9747085,1,1
1292398,2,2
4099,3,3
68842,3,3
11546840,2,2
163608,2,2
10049436,3,3
8362166,2,2
1030384,2,2
36388243,2,2
9639197,1,1
386887,1,1
2112260,2,2
116326,3,3
826466,2,2
9514605,3,3
13137,2,2
7579,3,3
31785,3,3
26200068,2,2
6268632,3,3
24937,3,3
16279856,2,2
17286863,3,3
19476,3,3
534589,2,2
3431810,2,2
21841659,2,2
250192,3,3
6768411,3,3
116054,2,2
6518202,1,1
116731,3,3
40118099,1,1
1614290,2,2
18599572,3,3
28549365,1,1
1835323,1,1
718862,3,3
2325825,2,2
239413,2,2
12539225,1,1
12510822,1,1
106164,1,1
28575699,1,1
724371,1,1
712054,1,1
201643,2,2
1561178,2,2
355434,3,3
298222,1,1
21168477,3,3
387061,3,3
19020662,1,1
20578940,1,1
16247792,1,1
13574417,1,1
2296567,3,3
289455,1,1
139254,2,2
6345193,2,2
22741863,1,1
437676,1,1
17563833,1,1
18599777,2,2
129659,2,2
1184305,2,2
16164966,1,1
9844623,3,3
2726569,1,1
372493,3,3
39863277,3,3
87284,2,2
19605391,3,3
3986964,3,3
1550091,1,1
2530347,3,3
809403,1,1
9739365,2,2
543203,2,2
13151,2,2
12623655,3,3
176790,3,3
18211295,3,3
23604435,2,2
29023,2,2
60698,3,3
22557520,3,3
22458923,3,3
752895,2,2
17929102,1,1
8948,2,2
20419632,3,3
23349787,1,1
10960414,2,2
2422256,2,2
6456016,3,3
3074891,2,2
759234,3,3
8788554,2,2
9888775,3,3
385415,2,2
1893267,1,1
37558445,3,3
224538,1,1
115130,1,1
21116887,2,2
126024,3,3
12107920,3,3
29036,3,3
16240761,1,1
18782124,2,2
20706293,2,2
89915,1,1
837646,1,1
52263433,3,3
273273,1,1
295305,1,1
1734663,3,3
7067630,3,3
1032295,1,1
241385,3,3
25446343,1,1
23720,1,1
170165,1,1
22875089,1,1
22740195,1,1
138269,3,3
875395,1,1
3225472,3,3
367367,1,1
4980,3,3
1438096,2,2
107195,3,3
15698437,1,1
13578,1,1
8525590,2,2
25363234,3,3
23014733,1,1
60792,1,1
179744,3,3
1451796,1,1
22632,2,2
23677316,2,2
24300,2,2
7171856,1,1
34895950,1,1
12666103,3,3
397023,3,3
11328737,2,2
120937,2,2
726441,1,1
50937,3,3
17907054,1,1
4651219,2,2
240009,2,2
21853621,3,3
8492768,3,3
52251,1,1
225343,3,3
3394,2,2
562253,1,1
563789,1,1
36220363,2,2
133238,2,2
511527,2,2
17372853,2,2
366527,2,2
790192,3,3
1441722,2,2
28769,3,3
24866,3,3
330754,2,2
139958,2,2
1339116,1,1
13548075,2,2
17162080,1,1
394749,3,3
408290,1,1
7933377,2,2
650073,1,1
350404,3,3
26177443,1,1
6202108,3,3
69571,3,3
817069,3,3
18215750,2,2
10410278,2,2
2977487,3,3
20673738,3,3
331711,1,1
28375,3,3
17316770,1,1
9058924,2,2
7179154,1,1
10235,3,3
481645,1,1
7179686,3,3
20497446,2,2
17562900,1,1
30237061,3,3
20736850,2,2
6076107,1,0
22639535,1,1
888787,2,2
9915,3,3
2455753,1,1
22318578,1,1
26067738,2,2
81048,3,3
14569052,3,3
18080504,1,1
6113349,3,3
91332,3,3
98920,3,3
29345916,1,1
343718,1,1
72231,2,2
3537854,1,1
45106,1,1
18799641,1,1
18795429,3,3
91802,3,3
6449378,3,3
76527,1,1
24874,3,3
5072179,2,2
4936457,1,1
104088,1,1
49959,3,3
105760,2,2
813447,2,2
16173484,3,3
1087204,3,3
2249196,1,1
7118768,3,3
19336,2,2
6069525,1,1
9795263,3,3
9674805,3,3
18304322,1,1
859500,1,1
123036,1,1
40381392,2,2
13454149,3,3
357173,2,2
6052510,3,3
8341860,1,1
25332,3,3
1641409,3,3
906484,1,1
72308,2,2
1029807,3,3
36564601,2,2
3427390,2,2
114726,2,2
3388,1,1
13242304,2,2
152931,3,3
9182654,3,3
2884299,2,2
129616,3,3
24012225,3,3
28377,2,2
17286729,1,1
12092375,1,1
13281368,2,2
12637490,2,2
13589182,1,1
11547868,1,1
13639182,3,3
12378245,2,2
366524,2,2
38720939,2,2
21746534,3,3
18739690,2,2
14942,3,3
41574696,3,3
33961524,3,3
8485374,1,1
4110127,1,1
43191522,2,2
67696,3,3
416655,3,3
23751850,2,2
11521304,1,1
8124176,1,1
73864,3,3
31625039,1,1
592075,2,2
68210,1,1
721017,1,1
7205214,1,1
6936382,2,2
23664710,1,1
1783281,3,3
1034981,3,3
248622,2,2
48614841,3,3
127439,2,2
17852690,3,3
9525559,1,1
23008136,1,1
23666591,2,2
15044,3,3
65605,2,2
6096134,1,1
22896,3,3
51738,3,3
16100308,3,3
25131600,1,1
177406,1,1
6147366,1,1
17466895,1,1
18742394,3,3
3676719,1,1
162130,1,1
892463,2,2
2482930,2,2
37169,3,3
421129,3,3
9067850,1,1
754872,3,3
116223,1,1
116056,1,1
7726892,1,1
25776210,1,1
37743,2,2
1849,3,3
7244,2,2
30653720,3,3
550508,3,3
12036,2,2
15807,3,3
27533,3,3
984133,3,3
20359719,3,3
395871,2,2
239848,2,2
16096968,3,3
624352,1,1
27056,3,3
23492477,3,3
2101630,3,3
122884,3,3
107772,2,2
30312855,3,2
263083,3,3
4366431,2,2
92143,1,1
12266560,1,1
155370,3,3
8709526,3,3
13138734,2,2
15797397,1,1
2598001,1,1
6609758,1,1
427920,1,1
15044233,2,2
702573,2,2
16114861,1,1
11527504,2,2
883196,3,3
12425532,1,1
5821978,3,3
34309,3,3
16130956,2,2
4986,1,1
3049,2,2
50807,1,1
10891220,2,2
3384,1,1
15789164,1,1
2727169,3,3
2227301,3,3
792938,1,1
532069,1,1
812071,1,1
176967,3,3
26032887,3,3
1186202,1,1
12183815,3,3
1831563,3,3
20176552,3,3
5711852,2,2
13531021,3,3
230213,1,1
19286663,1,1
14501452,2,2
974195,1,1
8702964,2,2
886066,2,2
32430,3,3
1769738,3,3
18651980,3,3
7696135,1,1
6420553,1,0
22354029,3,3
105435,1,1
503773,1,1
3235139,3,3
7336810,2,2
6260741,2,2
27276324,1,1
13145,1,1
1471781,3,3
1451580,3,3
13152998,2,2
169710,1,1
98374,3,3
25074597,1,1
193408,1,1
265044,2,2
18807786,1,1
498406,3,3
70287,1,1
1824195,3,3
1220159,1,1
50275,1,1
16008403,1,1
7724257,1,1
84139,1,1
1291989,3,3
1707116,3,3
7797874,2,2
2573751,2,2
8935153,2,2
21888732,3,3
11168,1,1
15842007,1,1
13513468,1,1
48467,3,3
27030027,3,2
47778,3,3
30185489,1,1
18627947,1,1
7926569,1,1
815870,2,2
97486,2,2
71778,1,1
84839,1,1
182136,1,1
15814452,1,1
941136,1,1
161037,3,3
939284,3,3
6164358,1,1
127020,2,2
114982,1,1
565978,3,3
607559,2,2
7049405,3,3
273511,3,3
6661677,3,3
647700,2,2
10846421,1,1
18635622,1,1
9608958,3,3
13573236,3,3
7362158,3,3
6040421,1,1
21422053,1,1
541703,2,2
798684,3,3
614715,1,1
43355625,2,2
1191449,2,2
7183665,2,2
760599,1,1
19412,3,3
577184,1,1
6370307,3,3
216196,1,1
246938,2,2
455525,3,3
54822,3,3
11431,2,2
212936,3,3
291554,1,1
13148,1,1
7095690,2,2
886113,1,1
10434391,1,1
22293224,1,1
35796008,2,2
519933,1,1
410127,3,3
2275473,3,3
776407,2,2
17907035,3,3
76955,3,3
4978,1,1
77295,2,2
782319,1,1
3021561,3,3
108932,3,3
1274345,2,2
3545387,1,1
2514746,1,1
19417,3,3
8801543,2,2
32487617,2,2
50617,1,1
12581313,1,1
301823,3,3
13589152,1,1
369995,3,3
13642528,2,2
10213367,2,2
5877,3,3
272507,2,2
60146,1,1
19139026,3,3
8242755,3,3
13384,3,3
419289,1,1
8337,1,1
18527475,3,3
45362,3,3
1243799,3,3
146746,3,3
30671,2,2
7044445,1,1
22911,3,3
933087,3,3
244524,2,2
1734639,1,1
7823518,1,1
13623846,1,1
11443325,2,2
17701621,1,1
110494,1,1
12509806,2,2
6620129,1,1
17910611,2,2
9416,2,2
15802794,3,3
379316,2,2
615899,3,3
46306,2,2
23267628,2,2
234559,2,2
227136,1,1
18344535,1,1
29127,1,1
11816100,2,2
7054332,1,1
5520,3,3
8666973,1,1
8565083,1,1
20619936,1,1
209693,2,2
12251604,1,1
359806,2,2
15808242,1,1
2533529,2,2
6283611,3,3
139569,1,1
7552939,2,2
9995135,1,1
201345,3,3
239887,2,2
12568,2,2
752886,1,1
85855,1,1
258627,3,3
6713808,3,3
13259034,1,1
45369,2,2
16090876,3,3
764332,3,3
5764902,1,1
13500015,2,2
30069,2,2
16158489,3,3
225380,1,1
13592828,2,2
697066,1,1
134225,1,1
24497270,1,1
42691,2,2
33729,3,3
7264409,3,3
21943866,1,1
17333244,2,2
7824314,2,2
17130393,2,2
98378,1,1
9542,3,3
127639,3,3
13507420,3,3
43325703,1,1
11821471,1,1
23349260,3,3
11563,3,3
457557,2,2
6261081,1,1
1305237,1,1
104898,1,1
6676264,1,1
7519640,1,1
43207003,3,3
8734164,2,2
123933,2,2
47694,2,2
116561,3,2
17487,3,3
332376,2,1
16763,2,2
31331,2,2
13128,2,2
3420140,3,3
22284,1,1
6328911,2,2
23066,2,2
2193419,3,3
61959,3,3
241386,2,2
13578175,2,2
44781,2,2
227205,2,2
19045334,1,1
1099660,1,1
182168,2,2
22717015,2,2
40189670,1,1
7242077,1,1
140475,2,2
671141,2,2
2626492,2,2
6973753,1,1
1473,1,1
410445,1,1
10656979,3,3
147924,1,1
28528911,1,1
7775841,3,3
53983,1,1
139888,1,1
350,1,1
35425827,1,1
531391,3,3
18514068,2,2
6547306,3,3
715834,1,1
15749268,1,1
11137919,2,2
88373,2,2
8709523,2,2
6261155,1,1
7118052,2,2
17946659,1,1
6931246,2,2
22033850,3,3
196970,1,1
1629007,3,3
43815,1,1
3225007,3,3
38747,1,1
10194628,3,3
10298443,3,3
49465,2,2
289643,2,2
228534,1,1
52713814,1,1
1072833,3,3
41587116,1,1
734384,3,2
30475,1,1
395182,2,2
17560541,3,3
3359011,1,1
16117991,2,2
62012,1,1
2106303,1,1
19485109,3,3
6176,1,1
24985,2,2
1188081,2,2
14743,1,1
386477,1,1
35218197,1,1
109999,2,2
47622,3,3
16173867,1,1
952515,2,2
6782412,1,1
12174312,1,1
6543764,2,2
74275,2,2
1315418,3,3
152328,2,2
338131,2,2
2422554,2,2
6503486,1,1
10903967,2,2
171471,1,1
2146370,1,1
27483931,3,3
28385,1,1
13700261,1,1
67270,1,1
125542,3,3
18340366,2,2
45102,1,1
33690,2,2
27273806,3,3
17234658,3,3
1169566,3,3
826583,2,2
197743,2,2
34513785,2,2
859495,3,3
8530646,2,2
1000751,3,3
12868904,2,2
23017947,2,2
1326919,1,1
153783,1,1
41715096,1,1
824506,3,3
20793484,1,1
10484883,2,2
8301964,1,1
47994,3,3
758654,1,1
65955,3,3
10335308,2,2
2815672,1,1
568070,2,2
12847364,2,2
1507805,2,2
373049,2,2
71677,2,2
9636371,1,1
9810,1,1
14285,2,2
37487,3,3
18405,1,1
41055,3,3
818811,1,1
1036746,1,1
28434,3,3
16127183,2,2
311716,1,1
411854,1,1
13409145,1,1
17961,2,2
922009,2,2
82553,2,2
2985546,2,2
10859772,1,1
725699,2,2
2433478,2,2
707903,3,3
9581507,3,3
129793,1,1
45852,1,1
329803,1,1
5187,1,1
16059149,2,2
36603432,3,3
6023056,2,2
17342184,3,3
26721488,2,2
22885929,1,1
8608740,2,2
9939976,1,1
13565469,1,1
6327801,3,2
48712876,3,3
7743175,2,2
5344307,3,3
2133795,1,1
438257,3,3
12391521,3,3
7199667,1,1
276342,3,3
16067008,3,3
257243,3,3
15745010,3,3
228592,3,3
1169556,3,3
230003,2,2
2100810,3,3
18505796,1,1
2802316,2,2
19043319,1,1
2123617,3,3
7089888,3,3
6340016,1,1
25330189,2,2
144634,1,1
7091314,1,1
186857,2,2
7201913,3,3
4479186,3,3
420743,3,3
18046131,1,1
24551791,3,3
41723468,2,2
13616,3,3
161910,3,3
592089,2,2
23055095,2,2
47587,3,3
16360,3,3
402057,2,2
2921461,3,3
1187226,1,1
14326,3,3
6890828,1,1
12621293,1,1
103386,2,2
50452,3,3
8467071,2,2
38496733,3,3
234946,1,1
105,2,2
173574,2,2
10564983,3,3
172691,3,3
10437680,3,3
876582,2,2
10087445,1,1
215262,2,2
22431058,2,2
13495947,1,1
437586,1,1
21412466,1,1
13123877,2,2
998024,2,2
5981415,1,1
797165,2,2
3072254,2,2
993941,3,3
17465485,2,2
34814551,1,1
246275,1,1
350869,1,1
22609080,2,2
23411600,2,2
117133,1,1
9748274,1,1
23535031,3,3
730250,3,3
206172,3,3
32195037,3,3
158857,3,3
173438,3,3
1003311,2,2
26309016,3,3
9640837,3,3
3397706,1,1
13001692,3,3
35212978,2,2
3432478,1,1
10086681,1,1
198581,3,3
35464020,2,2
947706,1,1
871589,2,2
8801412,3,3
15843286,1,1
15723445,1,1
2998814,1,1
192799,2,2
1471061,1,1
319644,3,3
16095383,2,2
1104664,3,3
414146,1,1
39083635,1,1
22175890,1,1
662867,2,2
32855596,1,1
13927,1,1
1072093,3,3
9537041,3,3
7828882,3,3
568073,1,1
6530808,3,3
11788440,3,3
18368191,3,3
6688087,2,2
997846,1,1
351564,3,3
536062,1,1
174834,1,1
96478,2,2
1149772,3,3
4923850,3,3
392438,3,2
8737174,3,3
185292,3,3
106133,3,3
29962194,3,3
68496,3,3
1091801,2,2
530340,1,1
12604863,1,1
913316,1,1
12360702,2,2
51715,1,1
8843801,3,3
259836,3,3
201175,3,3
25139342,3,3
90017,3,3
40832734,2,2
13641732,3,3
281755,3,3
1059929,1,1
13392925,1,1
757631,3,3
103638,2,2
217086,2,2
6642402,2,2
67890,3,3
403846,1,1
18667942,1,1
759960,1,1
674419,2,2
88385,2,2
48484,3,3
85730,3,3
6051891,3,3
60510,1,1
107291,3,3
17190935,2,2
127390,3,3
1084408,2,2
21349764,2,2
1063298,1,1
12279,3,3
355371,1,1
6681037,1,1
10538,1,1
11300451,2,2
90886,3,3
18517644,1,1
2228149,2,2
112879,2,2
181425,2,2
1233478,2,2
13120076,3,3
3320520,1,1
22886104,1,1
355715,1,1
2156,2,2
1927111,3,3
891835,1,1
25624,2,2
18298890,3,3
8982042,2,2
10184091,1,1
239734,3,3
3636515,3,3
668608,1,1
337008,1,1
152519,3,3
3586,2,2
17237214,3,3
17165932,3,3
693033,2,2
11692,1,1
146191,3,3
930612,3,3
455941,2,2
5111039,3,3
37276,3,3
11098129,1,1
10012188,2,2
133668,3,3
3978,2,2
7027412,3,3
315272,3,3
34452,2,2
446279,3,3
6932,3,2
28553,1,1
871695,2,1
20806095,1,1
168642,3,3
390465,2,2
15812811,1,1
15814435,3,3
148517,1,1
860560,2,2
18364031,1,1
9415966,3,3
32849,2,2
135158,1,1
13143452,2,2
10082035,2,2
2439915,1,1
779021,2,2
107790,3,3
883995,3,3
6352248,1,1
2184895,1,1
125926,2,2
1741089,2,2
4799482,3,3
12081764,3,3
40695914,3,3
52905796,3,3
925313,1,1
33896,2,2
758675,3,3
26891429,2,2
9462812,2,2
34594981,1,1
760,2,2
673908,3,3
438068,3,3
6503152,3,3
509985,3,3
320730,2,2
3090492,1,1
94578,2,2
101483,3,3
18781540,1,1
18849801,3,3
3585344,2,2
8741,3,3
108979,3,3
18753,2,2
2767793,3,3
21024,2,2
8493681,2,2
3697927,3,3
20665570,1,1
526014,3,3
9913,2,2
116563,3,3
1961516,2,2
11288619,1,1
15762662,2,2
29488,2,2
395962,3,2
21913812,2,2
14303707,1,1
194700,1,1
6789911,2,2
17738126,1,1
16256798,1,1
841679,3,3
413496,2,2
424307,1,1
264449,2,2
12844,1,1
24403679,1,1
17925916,2,2
43035,3,3
11324152,1,1
771332,3,3
17411703,2,2
36064,2,2
23492741,3,3
393146,3,3
17183416,1,1
15843083,1,1
6315242,3,3
12788061,3,3
24526,1,1
3437354,2,2
34053,3,3
23492504,2,2
29356722,3,3
1258620,3,3
42447,3,3
141565,1,1
692935,3,3
35145573,1,1
14827716,2,2
21525975,1,1
204523,2,2
889418,2,2
135048,2,2
1351241,1,1
52762,3,3
900682,2,2
30123268,3,3
676924,3,3
999730,1,1
1645897,2,2
18049084,1,1
1860927,3,3
5514234,1,1
9537345,1,1
9738483,2,2
6318238,1,1
6795701,1,1
2402,1,1
141372,3,3
121927,3,3
590323,1,1
33353,2,2
68527,3,3
1037138,3,3
30038654,3,3
131625,1,1
23174415,1,1
47066,3,3
33426,2,2
1227282,1,1
228990,1,1
41150483,1,1
4929272,2,2
228879,3,3
1654216,2,2
7354,1,1
7097866,2,2
820905,1,1
18114057,1,1
6393047,1,1
48203,2,1
5662443,2,2
24359139,3,3
1012316,3,3
7767021,1,1
262762,2,2
19226636,2,2
245965,3,3
93722,1,1
261689,1,1
85443,2,2
449034,2,2
423156,2,2
648072,2,2
26050,1,1
1421990,2,2
34542,1,1
46125039,3,3
219392,1,1
13630629,2,2
312043,2,2
52339313,3,3
12160826,1,1
110265,1,1
15544715,3,3
223380,2,2
34268,2,2
7234801,1,1
7940630,3,3
5234145,2,2
304001,2,2
23501174,1,1
18043373,2,2
400716,3,3
53109,2,2
92408,3,3
32085,1,1
18132923,3,3
50827,1,1
12956175,3,3
7497552,2,2
13075659,3,3
32848471,3,3
138558,3,3
12038915,3,3
332754,3,3
1693617,1,1
18261,3,3
7247854,3,3
50202953,3,3
74773,1,1
9491739,2,1
26074185,2,2
524338,3,3
500717,1,1
5755,1,1
6419860,2,2
17559041,1,1
11058850,2,2
324022,2,2
185060,2,2
17334064,3,3
91477,1,1
972879,1,1
23705512,2,2
2258548,3,3
77141,1,1
271297,2,2
8105187,3,3
1114305,2,2
228560,2,2
1429,3,3
19161806,2,2
3559,3,3
56649,3,3
554680,3,3
771085,3,3
10295809,1,1
13416074,3,3
754250,3,3
30350451,2,2
7720207,3,3
15750692,3,3
415018,3,3
427379,2,2
199531,2,2
410615,3,3
208493,2,2
1002994,3,3
22036799,2,2
3119451,3,3
13517444,1,1
244887,2,2
2900,2,2
317278,3,3
2320474,2,2
96110,2,2
6441654,3,3
266802,1,1
40859234,1,1
117997,1,1
2227735,3,3
139657,1,1
1442834,3,3
17910054,3,3
1258572,3,3
279394,1,1
5973632,1,1
5974575,3,3
176797,2,2
32075662,2,2
223734,1,1
7431066,3,3
6682769,2,2
10815267,3,3
5083093,1,1
667416,2,2
8602864,1,1
428036,1,1
23151687,2,2
22437126,1,1
1927112,2,2
5158,3,3
28495,3,3
38820046,1,1
634747,1,1
82882,3,3
59146,3,3
505222,3,3
13170596,2,2
13891,1,1
23128387,2,2
18404285,2,2
99794,1,1
1232485,2,2
21853626,3,3
54111,3,3
10473353,1,1
9335839,1,1
11685242,3,3
11277076,3,3
153747,2,2
13645330,2,2
16044981,2,2
78257,3,3
915753,1,1
18332177,2,2
407816,2,2
202130,1,1
33643994,1,1
32109,1,1
73574,3,3
17883918,3,3
6400699,3,3
13493463,3,3
36217425,2,2
1188314,1,1
281691,2,2
9014,3,3
8457961,3,3
8262461,2,2
10948240,1,1
9768204,1,1
25709,2,2
10929432,2,2
35407312,2,2
5989515,3,3
566890,2,2
20879823,3,3
14495,3,3
68986,3,3
21085730,2,2
32592597,2,2
529016,2,2
5966616,2,2
10841115,1,0
833495,2,2
210825,2,2
1241534,2,2
8933944,1,1
32422,1,1
483485,2,2
24384,2,2
19668,2,2
51877,2,2
38309785,2,2
6634409,2,2
4953858,2,2
116483,3,3
17911079,1,1
16142708,3,3
8109709,2,2
407760,2,2
4625,2,2
127459,1,1
765983,1,1
11594257,3,3
13545075,3,3
3873,1,1
1966969,2,2
578801,1,1
3079543,1,1
18161417,2,2
572630,2,2
14960,2,2
813603,2,2
149198,1,1
8478098,3,3
15993203,1,1
87956,2,2
10706337,2,2
61690,3,3
2420801,2,2
3556730,1,1
35034369,1,1
6759138,2,2
543873,3,3
8970807,2,2
189783,3,3
632319,3,3
7796661,2,2
651385,1,1
21611,1,1
11322991,1,1
970761,3,3
503248,3,3
18329991,2,2
500503,1,1
1188123,1,1
599782,1,1
12957012,1,1
152660,1,1
7278120,2,2
759559,1,1
17474543,2,2
909011,2,2
40865,2,2
199687,3,3
6017769,3,3
6539105,2,2
18498569,2,2
11284808,2,2
13413589,1,1
21326504,2,2
13593960,3,3
113380,1,1
43683104,2,2
1207062,1,1
723625,1,1
2411725,1,1
16115374,1,1
277578,2,2
9516,3,3
28359,1,1
41820,1,1
285746,2,2
185293,3,3
817309,2,2
11733898,3,3
10869746,3,3
14459126,3,3
605571,2,2
413794,1,1
16335,1,1
1017384,3,3
6356180,1,1
17560038,1,1
6668,2,2
5941233,3,3
390058,3,3
74405,2,2
7968,2,2
8345521,3,3
7668350,2,2
13466202,3,3
24113,1,1
20558001,1,1
440424,1,1
11544466,1,1
668640,3,3
461754,3,3
23278532,2,2
25733573,2,2
10757817,1,1
20983362,2,2
762810,2,2
634407,1,1
18184923,3,3
420739,2,2
12246929,2,2
7025086,1,1
10379376,3,3
600791,2,2
34121119,1,1
13490570,1,1
245707,3,3
428521,1,1
40450,1,1
10163292,1,1
265200,1,1
262731,3,3
2906724,2,2
9743729,1,1
18586621,3,3
685869,2,2
11438,2,2
12963179,1,1
18651854,2,2
144629,2,2
1206073,3,3
995923,3,3
14781171,3,3
10157015,2,2
113429,3,3
30239970,1,1
133203,2,2
3142842,3,3
380887,2,2
12220,3,3
35410511,1,1
60471,2,2
35879441,2,2
311742,3,3
919231,1,1
5171,2,2
12708927,1,1
44492285,1,1
181259,3,3
1837652,3,3
101285,3,3
2164409,1,1
28006109,3,3
27840608,2,2
11678814,2,2
271292,2,2
6368610,2,2
14975,1,1
26088,1,1
16248235,3,3
444304,2,2
171108,2,2
24816,2,2
6681558,3,3
793266,2,2
8516589,2,2
13454,3,3
15287893,2,2
35461,2,2
13223243,3,3
2815590,1,1
79109,1,1
1147595,1,1
18660447,1,1
13065,1,1
7889691,1,1
71462,1,1
37076222,3,3
10710392,2,2
96463,2,2
17259690,3,3
49158,3,3
776489,3,3
6372454,3,3
7778609,2,2
15094720,3,3
20860129,3,3
114145,3,3
760702,1,1
16068916,2,2
157568,2,2
3699512,2,2
6601221,1,1
729380,1,1
71730,3,3
179174,2,2
9403048,3,3
8583108,3,3
32850,3,3
572533,3,3
1003725,1,1
15711784,2,2
1537635,1,1
18040004,1,1
25541028,1,1
18956250,3,3
11156050,3,3
1961495,2,2
8581936,3,3
95988,1,1
24929,1,1
6285903,2,2
13605727,2,2
875814,3,3
17621426,1,1
18337069,3,3
25662070,3,3
11598940,1,1
286276,1,1
25319,3,3
12413949,2,2
5931169,1,1
4959047,1,1
15998621,2,2
16169537,2,2
110394,3,3
332753,3,3
18713058,1,1
9490038,1,1
7962457,2,2
13568261,3,3
400354,1,1
15667,2,2
431344,3,3
1421769,3,3
7200466,3,3
751724,1,1
2542652,2,1
285105,3,3
41822,1,1
8163722,2,2
8492856,1,1
6779796,2,2
68095,1,1
6471100,1,1
36430011,3,3
2158606,3,3
126896,3,3
13227761,1,1
18142413,3,3
12935956,1,1
6083312,3,3
7879322,2,2
876034,2,2
550996,2,2
7312324,3,3
10048521,2,2
26245853,3,3
8170980,1,1
703356,2,2
326911,2,2
13199,1,1
30281,2,2
672875,2,2
33652251,2,2
62798,3,3
31557841,2,2
10286585,2,2
15430,2,2
11716,2,2
143534,1,1
40702154,3,3
210918,1,1
79296,3,3
1421978,2,2
17342414,3,3
361396,1,1
2856130,2,2
872302,3,3
495395,3,3
15755751,1,1
763234,2,2
12951123,3,3
5526,3,3
969131,1,1
7939759,1,1
181286,3,3
18465511,3,3
10486419,3,3
18161933,3,3
592714,3,3
13489919,2,2
11999940,1,1
4714389,3,3
311126,3,3
3073173,1,1
827902,1,1
369439,3,3
35476,2,2
9204147,3,3
9530,3,3
5391115,3,3
3525895,2,2
248170,3,3
8113344,3,3
33232963,2,2
24983,3,3
11671,3,3
10818853,3,3
9640038,2,2
595397,3,3
9907689,3,3
655739,3,3
38580292,1,1
3206011,3,3
3430165,3,3
539063,1,1
62174,2,2
43888,2,2
1341846,2,2
112247,3,3
118824,3,3
52759512,1,1
124982,2,2
3721760,1,1
31702803,2,2
1616595,2,2
10255180,3,3
22895723,1,0
125544,2,2
6506447,2,2
857333,1,1
106085,1,1
37739,1,1
25778909,3,3
1660794,3,3
7915094,3,3
359855,3,3
51539,2,2
5358,3,3
280125,2,2
7926791,1,1
18998448,2,2
18242950,1,1
1044141,1,1
8853482,3,3
5278191,3,3
2605160,1,1
5805956,3,3
178002,2,2
6760760,1,1
106646,3,3
15847065,1,1
7416872,1,1
1037636,3,3
16286,1,1
885497,1,1
3899465,1,1
2176660,3,3
557153,3,3
1477512,3,3
138685,2,2
22724133,1,1
760924,2,2
266599,1,1
906497,3,3
5168689,1,1
17221418,1,1
16044507,3,3
59225,3,3
2575969,1,1
67085,3,3
2225261,3,3
23258935,3,3
297480,1,1
6371432,1,1
353016,1,1
94077,1,1
999729,1,1
29740718,1,1
15761362,1,1
527756,1,1
13605603,1,1
13138469,1,1
4796,1,0
149418,1,1
40042024,1,1
7787487,3,3
1480915,3,3
1100375,2,2
94667,2,2
35483945,2,2
343549,2,2
7733,1,1
486714,1,1
6687173,1,1
1258027,3,3
33507,3,3
21178986,3,3
2740179,3,3
97126,3,3
127647,3,3
18640815,2,2
20702025,3,3
6251222,2,2
126177,1,1
16059709,1,1
196417,3,3
91483,1,1
9726227,2,2
5701537,1,1
1764634,2,2
17825487,2,2
13455459,1,1
13107983,2,2
260314,1,1
23492671,3,3
18769,1,1
36105772,3,3
7098304,2,2
10618,2,2
9817513,3,3
102104,1,1
464260,3,3
7553944,1,1
822,3,3
13538552,3,3
10422053,1,1
17072247,2,2
15810471,2,2
5056084,2,2
15777797,3,3
358846,3,3
23592537,1,1
1853774,1,1
12813630,2,2
83417,2,2
6660747,2,2
5206311,3,3
18989421,2,2
263137,3,3
15727792,1,1
22540125,1,1
152409,1,1
17571528,1,1
22882816,3,3
279561,1,1
18033,2,2
7200982,2,2
22121,1,1
4691109,1,1
28413171,2,2
1692479,2,2
1445289,2,2
30636,3,3
13496299,3,3
390786,2,2
47754,2,2
4981,1,1
93273,2,2
17399863,1,1
548370,3,3
13358016,1,1
228194,2,2
11737271,2,2
22742319,3,3
6089860,2,2
13542994,2,2
4601125,2,2
30336289,1,1
21086818,1,1
640975,1,1
6647780,3,3
200909,2,2
937020,2,2
474211,2,2
420182,1,1
30820805,3,3
60976,1,1
13556450,3,3
821535,1,1
73093,2,2
7881742,1,1
744615,2,2
2496478,3,3
16054217,2,2
18513789,1,1
5771209,2,2
12096557,3,3
513269,3,3
2915,2,2
460069,3,3
18392983,2,2
10813,1,1
441023,3,3
6483519,3,3
6125225,1,1
7252889,2,2
8199591,3,3
10872085,1,1
591499,2,2
341564,2,2
158446,3,3
35889208,1,1
410368,2,2
228064,3,3
303580,1,1
6096231,2,2
2714960,3,3
720533,3,3
89547,3,3
1114381,3,3
9509289,3,3
28862528,2,2
20494896,1,1
67354,2,2
41386643,3,3
21406652,2,2
664326,1,1
3145113,3,3
181665,1,1
4954,3,3
274005,2,2
210773,3,3
2855,3,3
6327770,3,3
3067,3,3
7575266,3,3
18308262,1,1
17876228,2,2
11106458,3,3
16307,3,3
369409,3,3
23299513,3,3
96131,2,2
1366182,3,3
5574571,1,1
227603,2,2
11595922,1,1
2328316,2,2
33570,3,3
147512,2,2
15813668,1,1
18495,2,2
301023,2,2
393474,1,1
24934636,3,3
759212,2,2
10765,2,2
6632328,1,1
2871250,3,3
28440,3,3
4214,1,1
985692,1,1
6506701,1,1
8520362,1,1
441499,1,1
55751,2,2
8715124,3,3
45991174,2,2
4224060,2,2
9666870,3,3
303073,3,3
205854,3,3
967662,3,2
2058494,1,1
82549,2,2
875730,1,1
17645,2,2
1219103,1,1
867356,3,3
122648,1,1
35163853,3,3
271300,2,2
1427029,1,1
15954541,1,1
30157940,2,2
16300,2,2
8162282,2,2
26194593,3,3
471512,2,2
30274,1,1
233667,2,2
13503109,2,2
8240188,2,2
7904207,2,2
953260,3,3
7489406,1,1
6574102,3,3
7247842,3,3
34002132,1,1
9643469,2,2
34649348,2,2
16242085,2,2
17667335,3,3
7740142,1,1
708518,1,1
107288,1,1
2208130,3,3
357464,3,3
1481056,3,3
6419292,3,3
95141,1,1
2134448,2,2
76740,1,1
8667848,3,3
4312852,3,3
250485,3,3
1230340,2,2
22692740,1,1
41473839,2,2
13141794,2,2
275844,1,1
30156088,1,1
7688897,1,1
35515,3,3
82748,2,1
112537,2,2
8379374,3,3
16100486,3,3
133906,1,1
23224,2,2
12158480,1,1
33572350,3,3
6449903,2,2
276480,3,3
14908514,3,3
17183361,2,2
2141070,2,2
14459358,1,1
20640467,1,1
26117436,3,3
367158,2,2
26264353,3,3
7770715,2,2
102661,2,2
38673,2,2
373969,1,1
10471443,2,2
7841511,2,2
1948897,3,3
10002296,1,1
1162185,1,1
18594634,3,3
18630,1,1
283310,1,1
16900,2,2
101862,2,2
169810,1,1
6658679,3,3
7071785,3,3
6465693,1,1
6096829,3,3
28321033,1,1
297478,1,1
187810,3,3
164836,2,2
13722527,1,1
6913778,3,3
13459749,2,2
2490758,2,2
131306,2,2
105989,1,1
1575141,2,2
7247586,1,1
88432,1,1
4326206,1,1
2771105,2,2
281433,2,2
347639,1,1
710437,3,3
337534,1,1
7025989,3,3
47621,3,3
6376527,2,2
202018,3,3
13436382,2,2
17258310,1,1
12127810,1,1
16085481,1,1
41555522,2,2
8951449,3,3
445044,3,3
37833624,3,3
6665361,1,1
620790,1,1
181416,3,3
493,2,2
363302,3,3
132274,2,2
481335,1,1
7052308,1,1
359788,1,1
5994923,2,2
41999,1,1
388698,2,2
40042603,3,3
60977,2,2
731140,1,1
373687,2,2
377291,1,1
47953,1,1
16992,2,2
9364112,3,3
85744,3,3
299215,3,3
8706185,1,1
4135863,1,1
3424994,1,1
1357414,3,3
398863,2,2
7171787,1,1
8275915,3,3
5341067,1,1
11099156,2,2
7703038,1,1
37187,3,3
5355752,1,1
9553614,2,2
782580,1,1
908311,2,2
15725683,1,1
4136,3,3
114867,1,1
554770,3,3
111185,2,2
676905,1,1
43816659,2,2
24586590,1,1
30688013,3,3
131187,1,1
159844,1,1
9311559,1,1
81049,1,1
349583,2,2
340819,1,1
9279734,2,2
378,3,3
37095,2,2
18143692,3,3
6390465,1,1
7882806,1,1
8113512,2,2
938791,2,2
3199461,3,3
1244160,3,3
31932151,1,1
77259,3,3
581165,3,3
41684,2,2
330944,3,3
15737855,3,3
11652,2,2
41694,3,3
10457,2,2
43708,1,1
10707571,3,3
71252,1,1
12577683,3,3
112343,3,3
10058,2,2
9539092,2,2
3116205,3,3
1337458,3,3
17800786,3,3
25578311,1,1
1330492,2,2
1309082,2,2
16137205,1,1
125955,3,3
8962,2,2
6694,2,2
4519,2,2
10476,1,1
1635496,2,2
1422253,3,3
315783,1,1
7802254,3,3
16037555,3,3
15925,3,3
535856,1,1
13228177,2,2
29332967,1,1
1443066,2,2
17183385,3,3
89623,1,1
2347881,1,1
3204104,3,3
7395317,1,1
6129974,1,1
223634,2,2
77276,2,2
1106041,1,1
420324,1,1
129947,2,2
187799,3,3
16282197,3,3
14014,3,3
16156357,2,2
7717338,1,1
95833,3,3
344193,1,1
91700,1,1
59,2,2
12444166,2,2
3412815,1,1
13273327,3,3
11919,2,2
15991079,2,2
94803,2,2
31374,3,3
81959,1,1
335140,2,2
17332310,1,1
18683839,2,2
18193486,3,3
31324863,1,1
37755,2,2
54592,2,2
662803,3,3
67522,2,2
1048940,1,1
7171876,3,3
17720974,2,2
935055,2,2
765370,1,1
359805,3,3
136638,3,3
5174,1,1
15989598,3,3
406660,2,2
6810296,2,2
18021978,3,3
2436364,3,3
17333324,1,1
18475593,3,3
165449,2,2
811161,1,1
7091475,2,2
33113683,1,1
9969859,2,2
30241,3,3
80890,2,2
4460808,2,2
8396340,1,1
770265,3,3
1422149,1,1
310584,2,2
26830239,2,2
16150740,1,1
15904,2,2
11080683,2,2
60931,2,2
3357906,3,3
8005599,1,1
13659,2,2
21039945,2,2
27204884,2,2
228070,3,3
581006,2,2
5837809,2,2
44871,1,1
116413,2,2
13986,2,2
590210,1,1
1169163,1,1
372850,3,3
415151,1,1
7785194,3,3
101021,1,1
12495,3,3
33260912,1,1
23766634,3,3
26879331,2,2
20665064,2,2
3985,1,1
454856,1,1
32762917,2,2
121646,3,3
215816,3,3
34992929,2,2
27823055,3,3
390061,1,1
6413388,3,3
8454515,3,2
18079675,1,1
618806,1,1
6504894,1,1
38393457,1,1
130877,1,1
13512946,2,2
1170307,3,3
231,2,2
22695,1,1
18796,3,3
27418455,3,3
5203,1,1
37969723,1,1
10517686,2,2
8712343,2,2
6460331,3,3
12369685,2,2
3430774,3,3
397867,2,2
733809,1,1
31850667,3,3
28979,3,3
17873881,1,1
9545064,1,1
29479572,3,3
2964700,1,1
53215526,2,2
4172194,3,3
6952423,3,3
373174,2,2
529626,1,1
469571,2,2
391805,2,2
590125,3,3
2142,1,1
47528,3,3
10215349,1,1
35504431,1,1
6908180,1,1
2668104,3,3
2861410,1,1
5065783,1,1
1582506,2,2
137045,2,2
870,3,3
10552338,2,2
755107,1,1
41035725,1,1
91248,1,1
7165405,2,2
8895306,3,3
5600151,1,1
13574415,1,1
761156,2,2
86699,1,1
17700404,2,2
68498,1,1
438468,3,3
235128,1,1
248869,2,2
389535,3,3
11474367,3,3
16249,3,3
177434,3,3
9866998,2,2
2848984,2,2
74183,3,3
178599,3,3
3212848,2,2
23203724,1,1
296384,2,2
1046275,2,2
710830,1,1
28759,2,2
1382939,1,1
4583888,2,2
539363,3,3
6155,1,1
17251556,1,1
15818527,2,2
60311,3,3
22874559,3,3
516570,1,1
919341,2,2
3484728,3,3
11799340,3,3
18339630,3,3
27213250,3,3
350790,2,2
618174,3,3
71592,1,1
12900806,1,1
4866,3,3
13539149,1,1
263179,1,1
22836575,1,1
4367026,2,2
7297559,2,2
6138,3,3
478246,3,3
147146,1,1
319399,2,2
3562,3,3
525371,1,1
1617191,1,1
97961,3,3
20454672,3,3
1778693,1,1
92159,1,1
3579,2,2
18142171,2,2
340258,1,1
77477,1,1
991531,1,1
30246,2,2
3851380,1,1
11515328,3,3
248069,3,3
23946416,3,3
418780,2,2
449164,1,1
7935992,1,1
9615347,3,3
7527073,2,2
17133068,3,3
90381,3,3
18710920,1,1
1298201,1,1
15676,3,3
313973,2,2
2678982,3,3
5499,3,3
57009,1,1
13115173,3,3
50548,2,2
639894,2,2
5404,1,1
55030,2,2
15764025,3,3
65659,3,3
18688131,2,2
621697,1,1
15889822,1,1
18049017,2,2
670082,2,2
11065215,1,1
422755,1,1
12847,1,1
10639954,2,2
447191,2,2
2253939,3,3
836608,3,3
776212,1,1
28539992,3,3
455933,1,1
40081,2,2
6748,3,3
22174149,2,2
135490,3,3
386347,1,1
490430,1,1
88885,3,3
27472,2,2
5278069,3,3
255160,2,2
16640,2,2
22929563,2,2
8082030,1,1
180116,3,3
1387399,1,1
521198,2,2
194366,3,3
47626,2,2
743599,3,3
17465324,3,3
7062980,1,1
65110,3,3
39309,1,1
19091520,3,3
10917937,1,1
13432143,3,3
20764632,2,2
12951824,2,2
76826,3,3
1215918,3,3
12280551,2,2
499409,1,1
7990228,1,1
308732,1,1
35757880,2,2
328863,2,2
177413,2,2
89186,2,2
9999,1,1
166857,2,2
18589374,2,2
2356574,1,1
9592213,1,1
32694,1,1
3008,3,3
364550,2,2
41821,1,1
2175264,1,1
26114149,2,2
33564,1,1
593155,2,2
8813644,2,2
115468,2,2
43731,1,1
86321,2,2
59598,1,1
23617,2,2
155421,1,1
17409842,2,2
13508217,3,3
7648269,2,2
25144676,1,1
401838,3,3
6775500,1,1
71642,3,3
1170085,1,1
249398,3,3
207888,3,3
19455434,3,3
226078,1,1
41707,1,1
59716,1,1
1207061,2,2
375669,2,2
1715,1,1
64316,1,1
575135,1,1
16074558,3,3
9827,1,1
5845,3,3
1220613,1,1
6874258,3,3
20500616,2,2
9369687,3,3
17345616,1,1
569429,2,2
7554826,1,1
119492,1,1
15568,3,3
49499535,3,3
43204703,3,3
341253,2,2
31140332,3,3
26025989,2,2
429138,1,1
13034954,1,1
12729465,1,1
162085,1,1
9471670,1,1
5190,2,2
802705,2,2
17570751,2,2
48764,1,1
29581,1,1
520499,3,3
110737,1,1
6998617,2,2
17288675,3,3
7104,2,2
127434,2,2
1526804,2,2
13347358,3,3
44200541,3,3
9565548,3,3
827685,2,2
110384,2,2
11447921,3,3
47613,1,1
1606158,1,1
17335,1,1
18584291,3,3
79699,3,3
372490,3,3
462550,2,2
536386,2,2
763489,1,1
7955,2,2
1352016,1,1
470068,1,1
655348,1,1
15799166,2,2
352828,3,3
21411887,1,1
13586756,1,1
12335,3,3
21266675,1,1
8586722,2,2
9046489,2,2
17698,2,2
821056,3,3
16110861,1,1
33628293,1,1
421127,2,2
18693763,2,2
1666365,2,2
147801,1,1
176845,3,3
44525305,3,3
7304203,1,1
16101126,1,1
13353667,2,2
20821111,1,1
25461107,1,1
759600,2,2
13486122,1,1
13041934,1,1
62151,3,3
17570744,3,3
112074,1,1
630289,1,1
170808,1,1
17973716,2,2
11871802,3,3
12926804,1,1
173284,1,1
6193902,3,3
45152372,3,3
7661056,3,3
12174691,3,3
6295,1,1
4744368,1,1
4662,2,2
25225,3,3
120274,1,1
6125583,3,3
56465,3,3
10983167,2,2
6277972,3,3
366579,1,1
201644,3,3
593153,2,2
11112619,3,3
387373,1,1
6633898,2,2
29421,1,1
42355,1,1
6217,3,3
20758175,2,2
30652362,1,1
84148,3,3
52139,2,2
16072510,2,2
7267188,3,3
77730,3,3
224500,1,1
24308,3,3
8458018,3,3
51798382,2,2
5554803,3,3
73084,3,3
316496,2,2
11506205,3,3
42172,2,2
554766,1,1
6966230,3,3
8376729,3,3
22191,1,1
7092490,2,2
142465,3,3
13455726,3,3
18691079,1,1
4305074,3,3
495369,1,1
71785,2,2
27414475,1,1
20024,2,2
27826148,3,3
12938,3,3
1647953,3,3
4005302,1,1
17794325,1,1
392729,3,3
13661,2,2
9119526,3,3
13547381,1,1
215606,3,3
362199,3,3
1079816,2,2
153007,1,1
100317,3,3
161744,2,2
248103,2,2
7507889,2,2
18715527,1,1
20657,3,3
17464888,1,1
11686,3,3
4783621,1,1
34748077,1,1
6345760,3,3
11369904,2,2
24386240,1,1
1227457,1,1
1024240,1,1
288957,1,1
653396,3,3
578644,1,1
65280,3,3
8333930,2,2
6061728,3,3
24375711,1,1
70253,3,3
50901,1,1
20737639,1,1
701171,3,3
13839,1,1
16079228,1,1
90629,2,2
16177185,1,1
7531,2,2
148775,2,2
1300266,2,2
23807,2,2
77566,3,3
12872080,1,1
6381988,3,3
10614,1,1
6531968,3,3
40440,3,3
2272880,3,3
901570,1,1
12488314,1,1
4335732,2,2
586852,2,2
15827731,3,3
18219,3,3
25152052,3,3
236819,1,1
136081,3,3
6111016,1,1
23137330,3,3
11785661,1,1
17675260,3,3
13167157,3,3
406425,3,3
16124159,1,1
23682140,1,1
11433,1,1
301022,3,3
5957074,1,1
5955666,1,1
478951,2,2
926908,3,3
59641,3,3
677278,1,1
214441,1,1
87424,1,1
18080923,1,1
189182,3,3
179780,2,2
23753,2,2
381501,2,2
3821896,1,1
366522,3,3
22891924,1,1
15852,1,1
314240,2,2
6944881,3,3
8796792,1,1
1701815,1,1
24603808,1,1
17608898,3,3
209881,1,1
43923951,2,2
12926063,2,2
1832749,1,1
3276072,2,2
25692886,2,2
15719,2,2
1033957,1,1
22535506,1,1
1330490,3,3
17902141,1,1
254324,2,2
17839376,3,3
43835449,3,3
20033413,1,1
28735,2,2
27333,2,2
1395228,2,2
95532,2,2
17924822,2,2
259538,3,3
16356,1,1
119838,3,3
764887,3,3
12084278,1,1
1032,1,1
9578677,1,1
32767,3,3
13826601,1,1
13547387,3,3
593151,1,1
1179038,3,3
9504214,1,1
3195533,2,2
825081,3,3
21233769,3,3
33847005,3,3
22642024,1,1
25748202,2,2
23246704,2,2
1294493,2,2
25309770,3,3
202677,1,1
666979,1,1
59810,3,3
2082136,3,3
3804289,3,3
434420,1,1
52184,1,1
2877861,1,1
8520610,2,2
202454,1,1
19320758,3,3
903288,3,3
28014255,2,2
210818,1,1
73866,3,3
25977648,2,2
13417946,2,2
440201,1,1
60483,1,1
358355,3,3
348575,1,1
13586980,1,1
12954620,1,1
2283433,2,2
64410,2,2
26000304,1,1
33628259,3,3
25875588,1,1
107469,2,2
12411635,2,2
7938838,3,3
163919,2,2
7205446,2,2
28721,2,2
2942523,2,2
8477057,1,1
17682406,2,2
29430620,1,1
31266,3,3
539578,2,2
268985,1,1
1054736,1,1
112943,3,3
246262,3,3
3421,2,2
32349,2,2
299689,2,2
17787759,1,1
222078,2,2
16075611,3,3
8860297,2,1
7829007,2,2
2251777,2,2
7685763,3,3
41639186,1,1
13552214,2,1
30257957,2,2
333813,2,2
1685350,1,1
695440,3,3
2364629,2,2
50733,3,3
18746125,1,1
17899948,3,3
17286844,1,1
82860,3,3
10426868,2,2
5872,2,2
118769,1,1
557265,2,2
6077427,3,3
77255,3,3
359559,2,2
80520,1,1
490419,2,2
12821470,1,1
98810,1,1
42519,1,1
142822,2,2
8100288,1,1
3609338,2,2
16120634,1,1
102564,1,1
27747199,2,2
3379051,1,1
72989,2,2
123632,1,1
38251237,2,2
15942603,3,3
6944032,1,1
232079,3,3
1373490,2,2
156152,3,3
44312,3,3
1949780,3,3
39327905,2,2
1473416,2,2
21428058,3,3
17884111,1,1
11064477,1,1
35618037,3,3
34658,3,3
7772,3,3
17406952,3,3
2058305,1,1
36307982,3,3
23523012,3,3
175624,2,2
6313736,3,3
114170,3,3
229201,3,3
1207063,1,1
228068,3,3
295265,3,3
18479831,2,2
12880428,1,1
17368120,3,3
35403058,1,1
1017309,3,3
6441706,2,1
13446537,3,3
397370,1,1
9800343,3,3
287133,3,3
128453,3,3
557332,3,3
249792,2,2
13373822,2,2
2258650,1,1
13572812,1,1
2139,3,3
21851568,2,2
724678,1,1
6917483,1,1
4922079,3,3
4701247,2,2
15940132,2,2
156565,1,0
426025,2,2
5489684,3,3
15791114,1,1
1442968,2,2
1609451,3,3
53343,1,1
280813,1,1
179612,1,1
2363379,2,2
6395660,1,1
284429,1,1
1658360,3,3
102323,1,1
110386,1,1
815091,1,1
1462873,3,3
279679,2,1
561401,3,3
305234,3,3
21362,2,2
17950402,2,2
11215260,1,1
258468,2,2
982068,3,3
15809617,2,2
22079615,2,2
2314553,2,2
17914858,3,3
258657,2,2
137443,3,3
186915,3,3
39075570,3,3
15101,2,2
25961617,2,2
27744125,2,2
2191066,2,2
175113,2,2
13932,3,3
6089708,3,3
540336,3,3
6389257,2,2
99107,3,3
1190042,3,3
552175,2,2
95241,1,1
18803640,2,2
400634,1,1
29997,2,2
662323,2,2
24981303,3,3
170650,2,2
866134,2,2
1448327,2,2
7824322,2,2
2132036,3,3
62031,3,3
25158237,3,3
39093,2,2
68485,1,1
9307674,2,2
15798786,1,1
412285,2,2
10284337,1,1
27274346,1,1
496102,1,1
479650,2,2
830899,2,2
29395568,2,2
503490,1,1
2430503,3,3
160943,3,3
474687,1,1
688685,3,3
458726,2,2
7276331,3,3
28104,2,2
13028732,3,3
76703,1,1
558875,2,2
7933814,1,1
331344,2,2
696116,3,3
227865,1,1
40853731,2,2
12334,2,2
344195,3,3
40200,2,2
7840876,2,2
201930,2,2
24762394,2,2
34230867,1,1
22090082,1,1
13457423,1,1
241387,1,1
16089089,2,2
11797365,2,2
125962,1,1
16126596,1,1
775971,2,2
51104,3,3
16255,3,3
30820,1,1
18163529,2,2
24270387,1,1
81977,2,2
13246071,1,1
25439754,2,2
18744608,1,1
190054,3,3
199264,2,2
24876258,3,3
17929642,3,3
19138879,3,3
1991683,1,1
102463,1,1
263550,1,1
28818314,2,2
11205802,1,1
179335,2,2
295687,2,2
11958583,2,2
6070065,1,1
260785,3,3
8562565,1,1
47207,2,2
185911,3,3
3329289,2,2
2911138,1,1
16301336,3,3
16055475,2,2
6587879,1,1
894111,1,1
43822024,3,3
466460,1,1
108395,1,1
12180581,3,3
12478507,3,3
362824,3,3
527077,3,3
11822403,1,1
24778888,2,2
1351174,3,3
169676,2,2
2857776,1,1
982911,1,1
271367,1,1
817768,1,1
93480,2,2
15748529,3,3
15850976,3,3
3855649,2,1
139246,1,1
256390,3,3
159178,2,2
12369942,2,2
871761,1,1
448114,1,1
20423212,2,2
209638,3,3
30183,2,2
8349348,3,3
3485562,1,1
12558610,2,2
10232994,3,3
170529,2,2
386990,2,2
260537,2,2
7571146,3,3
15830010,3,3
18775297,3,3
44230,2,2
7199784,1,1
7772778,1,1
239870,2,2
159816,1,1
2921082,3,3
2419069,1,1
9655178,3,3
18171014,3,3
722035,1,1
21867585,3,3
143999,3,3
44234,2,2
3828382,2,2
436745,3,3
16248114,1,1
2338190,1,1
886354,2,2
667987,2,1
882752,2,2
3452378,1,1
154924,3,3
9732204,2,2
23359964,2,2
29609186,3,3
8891233,2,2
104159,2,2
153220,1,1
85413,1,1
13374593,2,2
22459045,1,1
13563391,1,1
6926398,2,2
13538348,1,1
43263491,3,3
342504,1,1
114128,3,3
35829237,3,3
359810,2,2
448797,1,1
138516,2,2
254389,3,3
34066798,1,1
5853,1,1
13448885,2,2
11472,2,2
16037779,3,3
2036659,3,3
23016659,3,3
12139342,1,1
545587,1,1
34897,1,1
666640,1,1
84079,2,2
46323,3,3
2145843,1,1
12956766,3,3
409415,1,1
101921,1,1
276287,2,2
381072,1,1
43387496,2,2
2473508,2,2
24911006,3,3
2628328,1,1
1742699,1,1
133266,2,2
8521630,1,1
8563495,3,3
17287242,2,1
96259,1,1
8337087,3,3
753375,3,3
333939,1,1
6609535,1,1
18194358,2,2
7140096,3,3
18213783,3,3
97753,3,3
25733983,1,1
35915966,2,2
397872,1,1
17707092,1,1
644154,1,1
3253215,1,1
6060130,1,1
177132,2,2
148584,3,3
1025250,2,2
15567,2,2
1271104,3,3
8686057,1,1
11488396,3,3
240297,2,2
213548,1,1
27015454,3,3
27111324,1,1
282552,3,3
13486553,3,3
20567,1,1
725249,3,3
4907301,3,3
9293020,3,3
108435,2,2
109523,1,1
65714,2,2
231562,1,1
31706533,3,3
12819342,2,2
13583463,3,3
11736973,2,2
81884,3,3
555253,3,3
4373,1,1
6397014,1,1
6306686,1,1
17348806,1,1
53061,1,1
17899664,3,3
32683,3,3
2011854,2,2
2737089,1,1
178038,3,3
58272,3,3
8680,1,1
21003754,3,3
31409135,3,3
40490,3,3
124094,1,1
290628,1,1
12657,2,2
9640884,2,2
12854800,2,2
85459,3,3
1736258,3,3
275505,1,1
6661489,2,2
19838895,1,1
326870,1,1
21270467,1,1
3305510,2,2
16148,2,2
169848,1,1
3129678,3,3
21428094,2,2
13324521,1,1
8593027,2,2
6047331,2,2
659600,1,1
17164393,1,1
7987239,3,3
3153910,2,2
16488,1,1
22543639,3,3
302059,1,1
21408690,2,2
26856991,3,3
231721,2,2
56351,1,1
4608,3,3
17611937,1,1
9935444,1,1
13601922,2,2
16566,1,1
6323110,1,1
6777894,1,1
330729,2,2
365006,1,1
1044272,1,1
2380534,2,2
31491,1,1
20980987,2,2
554165,3,3
161056,3,3
10814946,1,1
1898,3,3
19840152,3,3
22240018,3,3
688133,3,3
35621414,1,1
397985,3,3
73806,1,1
17728484,2,2
61168,3,3
627055,3,3
578241,2,2
122904,3,3
551925,2,2
6771443,3,3
4198363,2,2
24455791,2,2
9566,2,2
95657,1,1
13116203,2,2
53834,2,2
235125,2,1
6146985,1,1
18467815,1,1
398155,1,1
799715,1,1
229108,3,3
78071,1,1
1873060,1,1
19144598,1,1
112872,3,3
4878336,3,3
360455,1,1
312881,3,3
18295852,1,1
653711,3,3
16193,2,2
6145711,2,2
28250921,1,1
17699853,2,2
18088413,3,3
29751398,3,3
665852,3,3
17465709,3,3
125984,1,1
7592279,3,3
311864,3,3
4211037,3,3
231560,3,3
34462,1,1
30324,1,1
5510384,3,3
1290703,2,2
18304351,2,2
1934,1,1
107896,2,2
12935254,1,1
4645,3,3
6970738,2,2
349560,1,1
26369763,2,2
333907,3,3
6609765,1,1
42201962,2,2
1354254,1,1
53496,3,3
16204653,3,3
785656,2,2
533690,1,1
517570,1,1
143367,3,3
4419501,1,1
2807199,3,3
91482,1,1
16075935,2,2
13486762,2,2
201114,3,3
182354,2,2
8189310,2,2
6464094,1,1
29567,1,1
141444,1,1
127712,2,2
857920,3,3
337766,2,2
94034,1,1
420755,3,3
228665,2,2
3630,1,1
11588,3,3
1556093,3,3
177938,2,2
51106,1,1
31333,1,1
16173110,3,3
7682,1,1
702243,1,1
509094,2,2
810293,1,1
397046,2,2
596259,3,3
25111119,1,1
13536595,3,3
414056,2,2
5263374,3,3
93479,2,2
15861292,1,1
203499,3,3
13810,3,3
739424,2,2
12938582,3,3
22838220,2,2
24,2,2
38054,1,1
33460,2,2
22608738,3,3
10287581,2,2
22032673,2,2
2448628,1,1
39795,2,2
77264,2,2
35125,2,2
12844699,3,3
13578634,1,1
862005,1,1
195806,3,3
320845,3,3
125209,1,1
289808,2,2
820956,1,1
1781673,2,2
475965,3,3
6422680,2,2
7945293,1,1
13546981,1,1
9372166,3,3
79428,3,3
13297069,2,2
32732543,2,2
40899464,2,2
6693012,2,2
18193965,1,1
748862,3,3
93008,3,3
258915,1,1
15942632,3,3
41715111,3,3
275842,2,2
73929,3,3
5205697,1,1
657034,3,3
659399,2,2
32529,2,2
37347,3,3
95693,2,2
710187,2,2
13139100,1,0
572105,1,1
31298846,2,2
51784,1,1
184866,1,1
15743701,1,1
2479924,2,2
2159889,1,1
115375,2,2
2076879,1,1
8913370,3,3
736131,1,1
132111,1,1
13080670,3,3
15863534,3,3
433533,2,2
50714758,1,1
75504,1,1
837872,3,3
28734,3,3
773961,1,1
2760915,1,1
37793,2,2
280,1,1
3268867,1,1
10929,3,3
2535732,1,1
52969988,3,3
12611073,2,2
761623,3,3
9488435,2,2
22568295,2,2
4192586,3,3
6503156,3,3
8760281,3,3
63417,2,2
9764206,2,2
704043,1,1
48811,3,3
9972053,3,3
2210191,2,2
6469814,1,1
833017,1,1
115738,1,1
23399287,2,2
12868761,2,2
3010643,2,2
43798285,1,1
70101,1,1
3023,3,3
17410811,1,1
6263078,1,1
13588409,2,2
416722,3,3
84145,2,2
12395,3,3
92886,1,1
203899,2,2
66676,2,2
87060,3,3
332333,3,3
5941033,3,3
18486,3,3
11908,3,3
1906079,2,2
28696602,3,3
329623,3,3
250361,2,2
60223,2,2
1004096,1,1
9620,3,3
90360,1,1
6800563,3,3
4984,3,3
719600,3,3
165867,3,3
8558889,3,3
81051,2,2
1118874,1,1
7890530,1,1
487582,3,3
45892636,1,1
6595144,3,3
1046450,2,2
41002978,2,2
17657590,2,2
49745,1,1
366787,1,1
17233800,3,3
418285,3,3
1302584,3,3
296184,3,3
27507117,3,3
22904,2,2
45000,1,1
72995,1,1
11340586,1,1
60100,1,1
2153405,1,1
1345915,1,1
859887,1,1
11815113,3,3
602058,1,1
6793336,2,2
169827,1,1
42963928,2,2
26005898,2,2
96789,2,2
10900053,2,2
3309615,2,2
7607153,3,3
1046497,3,3
706477,2,2
33832945,2,2
321645,2,2
150851,1,1
40242059,3,3
13105527,1,1
18071980,1,1
837197,1,1
6393972,2,2
1252410,3,3
136782,2,2
33906,2,2
50609790,2,2
8601702,2,2
2514258,3,3
958244,3,3
123534,2,2
2281,2,1
426825,2,2
12849385,2,2
17281362,3,3
7976897,2,2
6571963,3,3
35003240,2,2
8428069,2,2
53639,1,1
3381581,2,2
21461080,1,1
121792,2,2
6681400,2,2
104086,2,2
43835469,3,3
137565,1,1
192523,2,2
43536,2,2
100933,1,1
775986,1,1
596986,2,2
287585,1,1
1385471,2,2
24820165,2,2
11279,3,3
835202,1,1
455947,2,2
2147003,1,1
8101452,1,1
45632,3,3
2698088,3,3
258250,2,2
3124249,2,2
592191,3,3
84903,2,2
7099779,3,3
398477,1,1
47819,2,2
76507,2,2
23615955,1,1
25302072,1,1
22175,3,3
24565152,3,3
9791906,3,3
161544,2,2
7736182,1,1
56627,3,3
13581794,3,3
56674,2,2
348623,1,1
508957,2,2
16032344,1,1
801998,1,1
4339,3,3
203073,2,2
1121787,3,3
12977172,2,2
6452538,3,3
3874811,1,1
81050,1,1
16040430,2,2
250924,2,2
16007855,1,1
4641538,1,1
10641239,3,3
20613491,1,1
201041,2,2
43599925,2,2
21888731,3,3
25540227,1,1
2290538,2,2
22926485,2,2
46277,1,1
316820,1,1
1928873,2,2
1493253,3,3
3767279,2,2
6098691,3,3
631243,3,3
3568996,3,3
84786,3,3
62177,2,2
13508567,3,3
536302,2,2
520632,2,2
16242289,2,2
7137810,2,2
22341263,3,3
479356,2,2
22206795,1,1
246273,2,2
159760,2,2
25613472,2,2
29939266,2,2
8437913,3,3
54754,1,1
2110492,2,2
17235026,3,3
105648,2,2
7783920,1,1
59263,2,2
2199587,3,3
719382,1,1
6557014,2,2
166794,3,3
957346,3,3
33737,3,3
23300,1,1
18621200,3,3
5982482,1,1
85353,3,3
142973,2,2
13130275,2,2
13152194,3,3
13333093,2,2
276967,2,2
17334068,1,1
9211267,3,3
794095,2,2
16130211,2,2
2838113,2,2
21490143,1,1
1177766,3,3
177539,3,3
2079538,3,3
18397271,3,3
103086,3,3
3082137,1,1
119247,1,1
95186,1,1
6376720,1,1
121367,3,3
9553503,2,2
42778691,3,3
2425048,2,2
12577,1,1
16073766,3,3
974122,3,3
16119090,2,2
10102214,3,3
785420,1,1
6058551,3,3
5135798,3,3
93750,3,3
5899779,3,3
7199,3,3
158119,3,3
579696,2,2
21569527,1,1
15808323,1,1
850397,1,1
9835731,1,1
402191,1,1
172223,3,3
34019122,2,2
1567,1,1
61906,1,1
12930,3,3
8478549,1,1
53494,1,1
12176927,2,2
10054335,1,1
232102,2,2
2862626,2,2
568047,2,2
21488063,3,3
101911,2,2
8752457,1,1
257837,2,2
868820,3,3
148208,3,3
43330,2,2
131527,2,2
15777621,2,2
78130,2,2
2095427,3,3
16207330,1,1
413177,1,1
6602818,1,1
18487180,1,1
6249600,1,1
3003723,1,1
7039750,2,2
8745,2,2
349417,3,3
16248068,2,2
957379,2,2
638913,2,2
85925,1,1
15722934,1,1
6734558,3,3
29894943,3,3
20454635,1,1
275000,3,3
833923,1,1
16189423,1,1
557188,1,1
138556,3,3
18918,2,2
7948230,1,1
56634,1,1
222637,1,1
6525985,1,1
15749143,3,3
232708,2,2
4986712,2,2
9415946,2,2
42172916,2,2
28725,3,3
15774718,3,3
600567,3,3
311904,2,2
19107301,1,1
18214892,2,2
6309782,3,3
12274389,2,2
219563,3,3
20521902,3,3
184003,2,2
12651,1,1
963302,3,3
23995249,2,1
192955,1,1
18224317,3,3
66657,3,3
181694,1,1
24441,1,1
11850771,2,2
1421685,3,3
461718,2,2
1250316,3,3
10050,2,2
170970,1,1
7190137,2,2
1011839,3,3
34352,2,2
178911,2,2
46815,2,2
790319,1,1
23398862,1,1
20307078,1,1
7662439,1,1
18455413,3,3
25100,3,3
143180,2,2
1395807,1,1
8877637,1,1
1531433,2,2
1686466,1,1
277191,1,1
20746980,2,2
68427,1,1
289798,3,3
74270,3,3
597,1,1
25351142,1,1
40390773,1,1
531262,1,1
12680907,2,2
18126198,2,2
32872961,2,2
129984,1,1
296444,2,2
11858222,2,2
12394032,1,1
1060520,3,3
2454828,1,1
551866,1,1
790381,2,2
28700,1,1
8754849,3,3
348375,2,2
2154305,3,3
151390,3,3
64217,2,2
296892,3,3
10677277,3,3
192888,3,3
5986556,3,3
30200,3,3
6593530,2,2
17445144,3,3
202404,1,1
6341739,1,1
7696504,3,3
32087,3,3
379139,2,2
375802,3,3
22504710,3,3
3832,1,1
116297,3,3
7740152,2,2
2498983,2,2
135320,3,3
6321203,1,1
2953,1,1
43924017,3,3
7564251,1,1
5352,3,3
111180,3,3
104097,2,2
6439984,2,2
114230,2,2
380994,1,1
2443,2,2
7281589,2,2
33613,1,1
426840,1,1
18730321,2,2
40209642,1,1
11337189,2,2
49045,1,1
15801763,1,1
257233,1,1
13124125,3,3
16248619,2,2
24870,1,1
7092697,1,1
10045680,1,1
491312,3,3
7704978,3,3
19272774,2,1
449017,2,2
6376283,2,2
60149,2,2
231585,1,1
147079,2,2
1975331,2,2
544354,3,3
363331,1,1
9760071,1,1
3074889,1,1
10782121,1,1
294047,3,3
29496076,1,1
153542,3,3
18892,1,1
762763,1,1
1094343,1,1
613992,1,1
354475,1,1
1144058,2,2
655427,2,2
33313,3,3
1148768,1,1
763774,1,1
14095,1,1
71682,1,1
58872,1,1
210783,1,1
21770750,1,1
6948489,1,1
2411828,2,2
21422225,2,2
3564825,2,2
1160780,2,2
53022,1,1
12351611,3,3
8525,3,3
124674,1,1
7831742,3,3
95608,2,2
1001624,2,2
92605,2,2
184931,1,1
973751,2,2
10126144,2,2
9786641,1,1
761306,2,2
17722973,3,3
21094993,3,3
23173009,2,2
16278318,2,2
528710,1,1
17660863,3,3
20338342,1,1
48002,1,1
16289369,2,2
2626624,3,3
771493,2,2
1340445,1,1
1965727,1,1
11654,1,1
13505670,1,1
12681103,1,1
7745326,3,3
72816,3,3
67920,3,3
10973495,2,2
17878,2,2
41948764,1,1
41104164,1,1
294691,1,1
582143,1,1
11334,2,2
377894,3,3
19311934,1,1
6261270,1,1
35465,1,1
74043,3,3
54733499,2,2
1258536,2,2
16115625,1,1
718473,3,3
25309550,3,3
6624,1,1
863687,1,1
15790870,2,2
13836,3,3
13495579,1,1
10967,1,1
11256979,3,3
6067041,1,1
73997,2,2
346023,1,1
500383,2,2
1051549,1,1
833228,2,2
18221995,3,3
10964693,2,2
9694311,2,2
1881621,3,3
25868918,3,3
104522,2,2
3545945,3,3
44905,1,1
3755250,2,2
166562,3,3
13147,3,3
1998200,3,3
64863,2,2
17451252,2,2
17823780,2,1
423245,2,2
23848559,1,1
6850178,3,3
6114607,3,3
13112023,1,1
12298867,2,2
244647,1,1
153219,2,2
22750385,2,2
12461366,3,3
1243240,3,3
34657889,1,1
16739,3,3
15616,2,2
107778,1,1
111626,3,3
1829115,2,2
1911886,3,3
260482,1,1
184999,2,2
267123,3,3
1560460,1,1
34448,1,1
23603,1,1
88890,2,2
10545846,3,3
273512,1,1
7802813,3,3
25783832,3,3
2483907,2,2
792327,2,2
31308793,2,2
17788420,3,3
27979186,2,2
409320,3,3
24481697,2,2
3046821,3,3
7669063,3,3
16907,3,3
153032,1,1
13579,1,1
2388817,2,2
6697,1,1
62793,3,3
47304,1,1
23001,2,2
22893,3,3
503150,1,1
16101054,1,1
742772,1,1
33153,1,1
1682237,1,1
32377,1,1
188271,1,1
762477,1,1
39964740,3,3
24064307,2,2
23507231,3,3
7137202,1,1
220969,1,1
400869,3,3
228345,2,2
4135826,3,3
15242,3,3
15743742,2,2
11978094,3,3
1000931,3,3
10859509,1,1
165887,3,3
28209616,1,1
125963,2,2
11382317,1,1
10244911,2,2
1071712,2,2
40144224,3,3
42932,1,1
30843,3,3
18816603,1,1
19401029,3,3
24769,1,1
28669595,2,1
64179,1,1
7607918,3,3
3094593,3,3
93489,3,3
18601430,2,2
10203,3,3
17774609,2,2
6150990,1,1
20661548,3,3
980468,2,2
841973,3,3
54529,1,1
293972,2,2
6171784,1,1
12532,1,1
388219,1,1
3424,1,1
13206900,2,2
124175,2,2
77160,3,3
13138635,2,2
8686068,1,1
6854221,1,1
13565124,3,3
4703581,2,2
453410,1,1
17283555,1,1
105299,1,1
170599,2,2
9762,2,2
162086,1,1
13154628,1,1
1527414,1,1
11955138,2,2
6706843,1,1
1227413,2,2
12144569,3,3
258872,2,2
418884,3,3
669100,2,2
149622,3,3
15732761,3,3
1317,2,2
1557367,1,1
175395,1,1
2474204,3,3
34654953,3,3
36099189,1,1
10508431,3,3
475920,3,3
1235403,1,1
7863163,1,1
18337428,2,2
20626492,2,2
2241059,2,2
326679,2,2
13131100,1,1
7349571,2,2
358815,3,3
342827,3,3
18222699,2,2
2347456,3,3
5664051,3,3
13089710,3,3
1254021,2,2
136116,1,1
8563824,2,2
13482750,2,2
18223036,1,1
4639549,1,1
17345314,1,1
10144239,2,2
7907680,3,3
10739664,3,3
26101,2,2
74046,3,3
7801124,3,3
198511,2,2
7146180,1,1
70255,3,3
17612524,2,2
75024,1,1
7821447,3,3
7438179,2,2
32435,2,2
11224849,2,2
31072,3,3
194742,3,3
515885,1,1
408888,2,2
135742,2,2
2085302,3,3
61905,3,3
644904,1,1
15710492,1,1
232071,3,3
2258651,3,3
26008775,2,2
357027,2,2
407429,1,1
180026,2,2
4732276,1,1
2635557,2,2
9531091,2,2
395906,2,2
64960,2,2
7315573,1,1
9690646,1,1
2208741,2,2
490196,3,3
18852,1,1
387595,1,1
1223007,2,2
6472451,1,1
148216,2,2
28251002,2,2
2583110,3,3
1169808,1,1
6310782,1,1
1101711,3,3
7187391,1,1
99742,1,1
21900147,3,3
75143,2,2
160728,3,3
37764880,3,3
277950,1,1
644731,1,1
243827,3,3
895005,2,2
18072883,1,1
12971630,1,1
142292,2,2
624744,2,2
13980,1,1
26004546,1,1
21538656,1,1
781653,3,3
51378,2,2
1813510,2,2
536350,3,3
16100436,3,3
10767466,3,3
9491671,2,2
9519678,1,1
35297469,2,2
13431658,1,1
17788580,2,2
59819,3,3
80760,3,3
2023294,1,1
18070785,3,3
144791,2,2
702304,1,1
8697584,3,3
175671,3,3
11675913,2,2
1852,3,3
89190,1,1
307753,1,1
7282903,2,2
25744928,2,2
11446,1,1
16703873,2,2
545875,3,3
11824,2,2
13432288,3,3
2473454,3,3
16119664,1,1
10429045,3,3
1369974,3,3
527513,3,3
865733,2,2
8872180,1,1
7989800,1,1
1233937,1,1
30043,3,3
77142,1,1
8315340,1,1
18478848,3,3
71783,3,3
11529182,1,1
24812,1,1
104414,2,2
158217,3,3
116343,3,2
325382,1,1
6967958,3,3
4909,1,1
17404295,1,1
11737268,3,3
261441,1,1
542011,1,1
39801,1,1
669305,1,1
16720104,1,1
12862611,1,1
47695,2,2
2084518,3,3
24899046,2,2
50146,3,3
247897,3,3
653283,1,1
278619,3,3
3121164,2,2
580446,3,3
42439142,1,1
476496,2,2
10305,3,3
51108,2,2
232743,3,3
815173,2,2
18131799,2,2
77364,2,2
569674,1,1
1953153,1,1
438289,3,3
394986,1,1
32920226,3,2
540047,2,2
12931,2,2
438138,3,3
18478222,3,3
177928,1,1
16434,2,2
147590,2,2
11722230,2,2
2282267,1,1
97964,3,3
539128,1,1
630104,1,1
2043100,2,2
2547350,1,1
170192,3,3
39916,3,3
6906240,2,2
1417044,2,2
139069,3,3
243229,3,3
15820748,2,2
6371117,1,1
264891,2,2
3556419,3,3
633083,2,2
12337186,3,3
17993295,2,2
14497,3,3
10846498,2,2
2202113,2,2
775977,2,2
764325,3,3
21912673,2,2
68150,3,3
18329942,1,1
228128,3,3
31170723,2,2
15762186,3,3
4201106,1,1
90608,1,1
143514,2,2
1007458,3,3
9636,1,1
39847584,1,1
11331421,3,3
785454,1,1
357664,3,3
78070,2,2
17993765,1,1
2010730,1,1
406422,1,1
62355,1,1
17675462,1,1
13562746,1,1
68098,2,2
18692964,3,3
2544359,1,1
70277,1,1
11761,2,2
2095037,1,1
25106,3,3
115306,2,2
7242757,3,3
12183002,1,1
15791085,1,1
51178403,2,2
541920,3,3
7993,2,2
53487962,3,3
112968,3,3
14428,3,3
11027794,1,1
10562648,1,1
6585201,2,2
15505346,3,3
6662883,2,2
824519,1,1
13037526,2,2
2003722,3,3
31144992,3,3
13272633,3,3
794094,3,3
30833,2,2
70032,3,3
1158123,3,3
25822042,3,3
33865643,1,1
136179,3,3
41057294,1,1
10115,3,3
35414,3,3
7405508,1,1
191960,1,1
16631,3,3
65397,3,3
31580,1,1
566328,1,1
10725494,1,1
373009,2,2
844935,2,2
5623269,2,2
778612,1,1
25564665,3,3
26192868,3,3
13305176,3,3
564623,1,1
219416,3,3
6084332,1,1
7905092,1,1
119822,1,1
10084830,2,2
1629601,1,1
54804,3,3
29126,1,1
7967,3,3
147099,2,2
1071955,1,1
1139459,3,3
17399160,2,2
16449,1,1
27409620,1,1
13025493,1,1
48660853,2,2
1763597,3,3
10567183,1,1
17316075,2,2
84067,1,1
22097790,2,2
18003454,1,1
18886,3,3
15743703,1,1
2638786,3,3
13806,3,3
550844,1,0
5982569,2,2
1630653,3,3
929814,3,3
11166,1,1
29102841,2,2
6633912,3,3
455219,1,1
2417268,3,3
7586272,3,3
3479967,3,3
7877565,1,1
836559,1,1
3507618,2,2
13517402,2,2
8436953,3,3
343566,3,3
35806,2,2
13206760,1,1
208123,2,2
13649197,2,2
2193198,1,1
129613,1,1
17801215,1,1
28675749,3,2
2967752,1,1
444415,3,3
22405436,3,3
775597,2,2
2913,3,3
17860567,1,1
87632,1,1
18284906,2,2
398868,2,2
1164622,3,3
35098024,1,1
23460961,3,3
358834,2,2
2212540,3,3
130208,1,0
1632396,3,3
25855506,3,3
29948,2,2
3505944,1,1
126878,2,2
25155125,2,2
57096,1,1
107779,1,1
10955240,2,2
2574912,3,3
10637959,2,2
16059396,1,1
18006496,1,1
12982393,1,1
24094,1,1
13229279,1,1
22418,3,3
17881,3,3
32226,1,1
28938376,1,1
10065348,1,1
906024,3,3
2072153,3,3
428862,1,1
19286536,1,1
3873259,3,3
6049962,3,3
7801488,3,3
15798129,3,3
9265069,1,0
8203208,2,2
202039,1,1
214888,2,2
49266,3,3
1080347,3,3
7557548,3,3
9730082,1,1
7182862,3,3
1150987,2,2
25867345,2,2
57736,3,3
244261,3,3
12710096,3,3
8192675,1,1
2065589,2,2
862364,2,2
21530082,2,2
807532,2,2
2961481,1,1
45892228,3,3
38155,1,1
6411961,2,2
23848002,3,3
1873536,3,3
9047584,2,2
146738,3,3
1145825,1,1
20980959,1,1
351,3,3
13570162,3,3
8038219,3,3
18300173,1,1
296507,3,3
999505,2,1
6759,1,1
639374,1,1
144790,3,3
10890808,1,1
19065,2,2
13588082,3,3
18301840,2,2
116567,2,2
14811943,1,1
114386,2,2
7507825,3,3
12579262,3,3
40365762,1,1
12456737,2,2
2290798,3,3
24607565,2,2
700604,3,3
50196744,3,3
26135825,3,3
558654,1,1
786416,3,3
9859436,3,3
10749266,2,2
17297873,2,2
12442,3,3
350683,2,2
18005863,1,1
1699586,3,3
8709640,3,1
58174,1,1
398978,3,3
299835,3,3
5663327,1,1
6693329,3,3
817019,2,2
32979,2,2
13560376,2,2
9105432,3,3
514210,2,2
13418211,3,3
137967,2,2
383129,1,1
456028,3,3
58973,2,2
17208764,3,3
17150,1,1
20821087,1,1
95619,2,2
30091914,2,2
5983930,1,1
257106,2,2
702568,3,3
563785,3,3
12374500,3,3
10867,3,3
78159,1,1
590563,2,2
552966,2,2
2650238,1,1
13414810,3,3
905893,2,2
429553,3,3
676737,2,2
7948881,3,3
13026464,3,3
18620005,1,1
13624584,2,2
7693972,3,3
8718952,2,2
315511,1,1
184913,3,3
17210533,3,3
31507,1,1
89646,2,2
108067,2,2
15803173,3,3
1704719,2,1
3665783,1,1
11238,3,3
31581220,2,2
17259389,2,2
6333213,3,3
10108198,2,2
16161189,1,1
305854,2,2
307794,3,3
6653364,3,3
4492663,2,2
18775614,2,2
7737810,1,1
873653,3,3
23272028,1,1
457107,3,3
11889938,3,3
10079321,2,2
13423353,2,2
1344318,3,3
528918,3,3
18342317,2,2
59151,2,2
49741,3,3
559625,2,2
32108,3,3
2213063,3,3
133445,3,3
722999,2,2
6468870,2,2
756258,2,2
3360369,1,1
8352302,3,3
93282,1,1
156156,3,3
37822650,3,3
19844986,2,2
15704459,1,1
390302,2,2
94577,2,2
406683,1,1
13549375,2,2
18050794,2,2
17805,3,3
43928,3,3
18318649,2,2
20618118,1,1
764220,2,2
10900231,3,3
22510983,3,3
13157,3,3
28395,3,3
22716448,1,1
53919837,2,2
631591,2,2
25658482,3,3
23740830,3,3
149049,1,1
17288137,2,2
15717943,2,2
2191114,2,2
46465,1,1
28363987,3,3
214771,1,1
93261,3,3
7633800,3,3
53764,3,3
25033533,2,2
124914,1,1
20507745,2,2
25975406,1,1
332744,1,1
2114086,1,1
219110,1,1
15851056,2,2
2084781,1,1
12710106,2,2
64416,1,1
12029129,2,2
19542841,2,2
747746,2,2
983569,3,3
6414515,3,3
140091,1,1
88387,1,1
439985,3,3
377265,1,1
448836,2,2
17570274,3,3
242795,2,2
2111628,2,2
51918871,3,3
17694149,1,1
17403533,1,1
9541,1,1
75402,3,3
1332455,3,3
91475,3,3
20026,3,3
29527405,1,1
18210693,3,3
1212868,1,1
1384596,2,2
17948485,2,2
21337,2,2
15861491,3,3
879879,3,3
764356,3,3
35068492,1,1
28556695,3,3
7972907,3,3
6361692,3,3
8665142,2,2
672615,2,2
816580,3,3
88332,1,1
215643,3,3
11607446,2,2
293595,2,2
13276452,1,1
22091081,1,1
16113737,1,1
29981,2,2
214332,2,2
358547,1,1
11936279,1,1
12469,1,1
2903595,1,1
163460,1,1
9526658,3,3
15848274,2,2
22372242,3,3
56961,2,2
6811278,3,3
5465066,2,2
10008,1,1
1933005,3,3
91001,3,3
11330278,2,2
5598113,3,3
439759,1,1
112969,1,1
6605685,2,2
416378,2,2
5205,2,2
381112,1,1
16303,3,3
133784,2,2
6895561,3,3
5068,1,1
2255285,2,2
120971,3,3
1681964,3,3
12724,2,2
138134,2,2
16050608,2,2
1582721,3,3
456386,1,1
40237677,3,3
1495651,2,2
8045080,3,3
118541,1,1
1433867,3,3
52660896,1,1
7670610,3,3
124509,2,2
656048,1,1
2785686,2,2
13316309,3,3
906318,1,1
9895478,1,1
312755,1,1
153910,3,3
11297376,1,1
36373481,2,2
1062356,2,2
379197,3,3
6261738,1,1
147865,1,1
9247128,1,1
12216302,2,2
17969365,2,2
109487,2,2
23341862,2,2
3925836,1,1
134895,3,3
34442549,3,3
694207,1,1
23411547,2,2
1527654,2,2
163716,2,2
2095583,3,3
385795,2,2
122312,2,2
13167125,3,3
381717,2,2
1937398,2,2
12598613,1,1
209889,2,2
25449122,1,1
3039234,2,2
585135,1,1
55386,1,1
6277757,1,1
862001,2,2
1076490,2,2
5486,3,3
8762337,3,3
251648,2,2
239912,2,2
12496,1,1
32853031,2,2
48974,2,2
30256105,1,1
15817952,1,1
45242,1,1
374352,1,1
6893384,3,3
354421,1,1
289361,2,2
19423603,1,1
5217282,1,1
119251,3,3
67891,3,3
372623,3,3
30047246,2,2
16058610,2,2
14915931,1,1
3400816,2,2
436904,2,2
725789,2,2
6314425,2,2
15783514,2,2
2452383,2,2
4177729,3,3
3050104,2,2
430788,3,3
2621703,2,2
25271044,2,2
150236,3,3
702052,1,1
3272165,3,3
26156203,2,2
766196,2,2
30331,1,1
13573427,1,1
2465823,1,1
25773842,3,3
7485989,1,1
7296271,2,2
3011919,1,1
307576,2,2
17707599,1,1
13837,1,1
10428803,2,2
32876266,2,2
332624,3,3
16280863,2,2
7427348,1,1
12691596,1,1
5571541,1,1
743600,3,3
161768,3,3
17157681,1,1
194649,1,1
31202835,3,3
675626,1,1
111017,2,2
243206,1,1
86336,3,2
1441484,1,1
17883553,1,1
28660,1,1
133465,3,3
53492,2,2
630103,1,1
1586905,3,3
22205,1,1
623366,3,3
2575572,2,2
12754689,2,2
261000,1,1
7170336,2,2
136640,2,2
8918253,3,3
484192,3,3
14305,3,3
8533018,3,3
3606415,1,1
905736,3,3
61181,2,2
727215,3,3
1116393,2,2
10393675,3,3
895807,3,3
7351574,2,1
326023,3,3
23756,2,2
17436867,1,1
2832909,1,1
708921,3,3
922435,3,3
33560584,2,2
20883847,1,1
6369851,3,3
291548,2,2
29154543,1,1
8647,3,3
227592,2,2
12908877,1,1
411701,2,2
17623975,1,1
140688,3,3
21322,2,2
392873,2,2
13412377,2,2
6086315,3,3
78508,1,1
14272,2,2
24910237,1,1
12999306,1,1
9650,2,2
10331108,1,1
25134433,3,3
9232988,3,3
8099187,1,1
9265453,2,2
9653814,2,2
223416,3,3
2517511,1,1
6311614,2,2
432463,2,2
1777244,2,2
2348157,2,2
13158800,2,2
6261151,2,2
6948436,1,1
463780,2,2
24612533,3,3
24770,1,1
22758459,2,2
393831,1,1
529243,2,2
5562484,2,2
2330827,3,3
137997,3,3
383951,3,3
28449045,3,3
25553015,2,2
79514,1,1
69139,2,2
31197289,1,1
6310,2,2
16431540,3,3
688826,2,2
50365,3,3
17162435,3,3
480479,2,2
840278,1,1
202769,2,2
192175,2,2
80116,3,3
2571920,1,1
2138584,1,1
2474532,2,2
1085402,1,1
18114578,2,2
25746478,3,3
242383,3,3
467164,1,1
3901371,1,1
24662406,1,1
20417,1,1
947362,3,3
187633,1,1
313277,2,2
39293044,1,1
52851508,1,1
2166349,3,3
182587,1,1
36584899,1,1
173907,3,3
333920,3,3
291,3,3
121622,1,1
301826,2,2
5720,1,1
22974288,3,3
77555,2,2
5359,3,3
176261,3,3
672616,1,1
40144,3,3
34084,1,1
227593,2,2
85737,1,1
36047860,2,2
3308527,3,3
3165162,2,2
17308035,1,1
849312,1,1
10793264,2,2
414298,3,3
9666812,2,2
181430,1,1
23340,2,2
161275,3,3
7812745,1,1
28938249,2,2
13278591,1,1
2218284,1,1
836944,2,2
124248,3,3
10637739,2,2
1475747,2,2
52740,2,2
2049993,3,3
17829483,1,0
13490663,2,2
660155,3,3
266009,1,1
794093,2,2
15755242,3,3
9527985,1,1
95431,1,1
12871657,3,3
851994,3,3
108220,1,1
12991188,2,2
97820,2,2
16691600,3,3
6557156,2,2
7799991,1,1
9463639,2,2
41967,2,2
8343766,2,2
10842223,2,2
52862007,1,1
13072658,3,3
106126,2,2
279221,2,2
115608,3,3
6297,2,2
34511672,1,1
69136,3,3
25717,2,2
1043313,3,3
9238385,1,1
1369635,2,2
190999,1,1
31332,1,1
17333,2,2
6393630,1,1
6534132,3,3
9766063,3,3
359643,3,3
2570856,2,2
6690798,2,2
13456414,3,3
7362638,2,2
17468561,2,2
10626634,2,2
164720,1,1
38463,3,3
13260238,3,3
92375,3,3
2989254,3,3
13554713,1,1
883079,3,3
976112,1,1
116478,1,1
1563183,1,1
25014114,3,3
114683,3,3
8809,3,3
2606779,2,2
6715394,2,2
900379,1,1
27209375,3,3
458419,1,1
25772000,3,3
16250908,1,1
178159,3,3
3697202,3,3
42144,2,2
544818,1,1
154416,1,1
7343947,3,3
3831023,1,1
618924,3,3
9301842,3,3
20958250,2,2
321544,3,3
33378951,3,3
28305,2,2
13429614,2,2
259737,1,1
393091,3,3
93940,2,2
705241,2,2
394724,2,2
669859,3,3
7841686,3,3
1240501,3,3
17262127,2,2
83533,3,3
1304028,3,3
2603528,3,3
53085,3,3
22588031,2,2
32283424,3,3
1557366,2,2
866222,2,2
1237398,1,1
29920,3,3
3534447,2,2
109889,2,2
6218007,2,2
410769,3,3
11805486,3,3
38467635,3,3
475036,2,2
530449,3,3
250353,1,1
13262797,3,3
869040,3,3
22020550,1,1
1966801,3,3
1056079,1,1
187500,1,1
13502958,1,1
136814,1,1
172732,2,2
16297,3,3
204792,3,3
4798,2,2
449575,3,3
2130908,3,3
1678745,3,3
15984268,3,3
875302,3,3
36352480,3,3
16593375,1,1
145307,1,1
32462,2,2
12359323,3,3
108924,3,3
7237170,1,1
11738736,3,3
90416,3,3
34838422,2,2
19307225,1,1
27200,2,2
386270,1,1
802151,2,2
8874743,3,3
4834319,3,3
1702668,2,2
6340837,2,2
33253215,2,2
7292936,1,1
6761053,2,2
3246942,1,1
41219,2,2
1152855,2,2
3040,1,1
159322,3,3
12974717,2,2
48564330,3,3
6606456,1,1
246225,1,1
7119358,1,1
203409,3,3
107430,1,1
8005597,3,3
4929,1,1
6420722,1,1
179737,3,3
6697305,3,3
576666,2,2
9944207,2,2
16119079,3,3
6386306,1,1
275841,1,1
7531478,3,3
37975248,1,1
43893,3,3
6905798,2,2
84022,3,3
232965,1,1
898839,2,2
68378,2,2
545951,3,3
158300,1,1
74403,1,1
384312,3,3
17300028,3,3
23722,3,3
149572,3,3
11264393,3,3
13521419,3,3
885541,1,1
10909,1,1
9266774,2,2
777824,2,2
929964,3,3
588234,1,1
22456030,2,2
104418,2,2
16167446,1,1
17884042,3,3
2341319,2,2
35960069,2,2
1106474,3,3
8600,1,1
493124,1,1
6085994,2,2
130200,1,1
13498586,3,3
15793094,3,3
17937445,2,2
31921280,3,3
257800,3,3
7907803,3,3
263148,1,1
5983057,3,3
11367737,2,2
420125,3,3
24186763,1,1
1717269,3,3
10993282,2,2
23214408,1,1
11221285,1,0
1157900,3,3
6611024,2,2
9370,1,1
12842,3,3
24554547,3,3
6406200,1,1
104790,1,1
8100104,3,3
18169279,1,1
35993,3,3
664920,1,1
40597254,1,1
2069497,1,1
4331044,3,3
7964,1,1
25365667,3,3
36097619,2,2
497195,2,2
67243,1,1
6289283,3,3
1632397,2,2
169000,2,2
79515,1,1
3265432,1,1
18043192,3,3
11903,2,2
13196,1,1
780878,3,3
18465566,1,1
5853934,3,3
13624741,3,3
595586,2,2
99442,3,3
18387010,1,1
102143,3,3
555048,3,3
205650,1,1
141596,1,1
6609549,2,1
153779,2,2
18823,1,1
15817217,1,1
7114176,2,2
54218,1,1
394734,3,3
123700,2,2
8485458,1,1
58085,2,2
985133,1,1
43178166,2,2
4176643,3,3
5422154,3,2
6401032,2,2
859315,1,1
22557272,2,2
17305016,2,2
17831200,1,1
22895738,2,2
29011,1,1
412963,1,1
8727171,3,3
62291,2,2
20454611,3,3
399473,3,3
50695,3,3
1689628,2,2
531509,3,3
13253276,1,1
33016249,1,1
28364588,2,2
12578294,1,1
293636,3,3
13547180,1,1
23760879,3,3
48131,1,1
7572382,3,3
121457,2,2
900394,3,3
212933,2,2
3133562,2,2
14539758,1,1
10607462,2,2
11339526,3,3
21432474,2,2
7980,2,2
16071681,3,3
17912981,1,1
36038734,1,1
624641,3,3
7767483,2,2
22551730,2,2
13608643,2,2
891671,1,1
565428,3,3
18630542,2,2
247094,3,3
5204,1,1
28488,2,2
420753,2,2
32271,1,1
13543039,1,1
16077006,2,2
335258,2,2
184059,1,1
28012675,2,2
126807,3,3
564325,3,3
748194,1,1
3214658,3,3
70562,1,1
327336,3,3
15808774,1,1
914211,2,2
7137645,2,2
46002,1,1
252669,2,2
23309634,1,1
6571,1,1
328064,3,3
16142053,3,3
31795,2,2
13416087,3,2
746664,2,2
846616,2,2
124084,1,1
586732,2,2
248484,1,1
32428,2,2
15716457,1,1
30130910,3,3
221298,1,1
8935883,2,2
2141,2,2
7850982,2,2
55414,1,1
13375285,3,3
25354,3,2
8465337,2,2
32497002,1,1
273788,1,1
33441,1,1
324655,3,3
29386,3,3
1202625,2,2
8091,2,2
13438677,3,3
100213,1,1
3474906,2,2
11732634,3,3
112754,3,3
341946,2,2
32320661,2,2
103983,2,2
20820994,1,1
332071,2,2
32703,1,1
173363,1,1
1126503,1,1
8544270,3,2
15730526,3,3
32758901,3,3
8462639,1,1
15985376,1,1
21853677,2,2
412969,1,1
50833559,1,1
23044108,2,2
18478083,1,1
1226459,2,2
549454,2,2
18079646,1,1
13649812,2,2
2842177,1,1
984782,3,3
6118160,1,1
24700453,2,2
6662410,3,3
68526,2,2
26195972,3,3
632753,2,2
23719469,2,2
13548118,1,1
19254352,3,3
15195,3,3
1441914,1,1
81912,3,3
7537072,2,2
227745,1,1
34499221,1,1
8608089,3,3
2551426,2,2
95659,3,3
901111,1,1
6140017,2,2
9439303,2,2
130179,2,2
22750233,2,2
23308087,3,3
35068432,3,3
8312889,3,3
68494,3,3
7719640,3,3
6803572,1,1
27844439,3,3
3169710,1,1
880192,1,1
9791117,3,3
171970,3,3
630428,2,2
10533446,3,3
24463265,3,3
24483265,2,2
13131625,2,2
107769,2,2
7747374,2,2
22504626,1,1
272254,3,3
85812,1,1
19154,2,2
42701,3,3
1020689,3,3
311153,2,2
12625764,1,1
18755640,2,2
7737834,1,1
9918053,2,2
35889209,2,2
10728435,1,1
53970,1,1
80939,3,3
12467417,2,2
13508069,3,3
89884,3,3
20893493,1,1
21911333,1,1
2272515,2,2
16745,2,2
17227474,3,3
301561,1,1
236709,1,1
12989112,2,2
14347714,1,1
6443100,3,3
6582637,3,3
54120,3,3
31450846,1,1
1091800,3,3
107456,2,2
27833866,1,1
96884,3,3
6566722,2,2
215542,2,2
9856722,3,3
16135705,3,3
797688,2,2
124718,3,3
8908,1,1
8138331,3,3
9953850,1,1
18077875,1,1
929590,2,2
1316382,2,2
10117388,2,2
105202,2,2
9622286,1,1
18422,2,2
32860355,1,1
11277,1,1
125615,3,3
156198,1,1
64633,3,3
289764,1,1
393902,3,3
87224,1,1
1799478,2,2
105703,1,1
3362274,3,3
10660886,3,3
12722,2,2
145444,1,1
31372026,1,1
10783349,3,3
32832,1,1
25059564,2,2
152744,1,1
28246,2,2
6457081,2,2
7230431,1,1
135917,1,1
85448,2,2
13392817,1,1
17838490,3,3
11107129,1,1
16148944,1,1
521175,1,1
97381,3,3
580196,1,1
456057,3,3
73931,3,3
40034669,2,2
625836,2,2
507690,2,2
48200,1,1
608787,1,1
267022,2,2
472343,2,2
50832,1,1
18947703,1,1
8539035,1,1
10776592,3,3
29431081,3,3
16059524,2,2
16130500,3,3
10742462,3,3
741480,3,3
312435,2,2
18728,1,1
238727,3,3
1395209,1,1
32692,1,1
1022794,2,2
815394,2,2
754333,1,1
2314275,3,3
1559895,3,3
1079897,1,1
16002525,1,1
38256,3,3
12402915,2,2
289681,3,3
12899350,3,3
16332,2,2
13818372,1,1
454539,3,3
22322,1,1
11262477,1,1
9415958,2,2
266904,3,3
6387925,2,2
6606305,1,1
325398,3,3
231826,3,3
24783,3,3
3754026,3,3
6377319,2,2
535315,1,1
2249920,3,3
572633,2,2
1741793,2,2
15852479,3,3
202632,2,2
271296,1,1
29492090,1,1
22934470,1,1
1078272,2,2
2615,1,1
6987527,2,2
17332218,2,2
286445,1,1
8174363,1,1
225396,2,2
2670656,1,1
202897,2,2
22402718,3,3
10532477,3,3
13152282,3,3
186420,1,1
9487892,1,1
18690048,2,2
655627,1,1
14371070,1,1
13497142,3,3
62158,3,3
40651780,1,1
10583000,1,1
31391,1,1
15096138,2,2
18188390,2,2
4052969,3,3
922724,2,2
26237535,1,1
7171725,3,3
6734392,2,2
6423507,1,1
2326576,1,1
692871,2,2
478659,1,1
56738,1,1
8664,3,3
13330702,2,2
1401344,2,2
389828,3,3
32721558,3,3
51737,1,1
169651,1,1
251462,1,1
2809718,1,1
18044947,1,1
346796,3,3
32618686,2,2
6933152,1,1
454950,2,2
16120760,2,2
8151,3,3
727919,1,1
28883,1,1
3378137,3,3
8143073,2,2
44882,1,1
318391,2,2
8509434,3,3
68365,3,3
279667,1,1
25390458,1,1
13162,2,1
18999,2,2
11061588,2,2
8697191,3,3
607466,2,2
12617,1,1
7842288,1,1
1248692,1,1
92508,2,2
24880,1,1
11864728,1,1
819487,2,1
11378234,3,3
4102763,1,1
12109310,1,1
52831200,2,2
8978114,1,1
15830590,3,3
380017,2,2
2053067,1,1
628139,1,1
1870129,1,1
38290,3,3
12849258,2,2
6940978,1,1
485815,1,1
393470,1,1
6330332,1,1
1474628,1,1
1913178,3,3
2197227,2,2
13542772,3,3
1869060,1,1
1467,3,3
490136,3,3
11767918,2,2
2205263,1,1
105373,3,3
20621185,2,2
10113312,2,2
187124,1,1
25692730,1,1
953199,1,1
6763961,1,1
25937866,2,2
15764039,2,2
20697435,3,3
708526,2,2
11625,3,3
863963,2,2
459082,1,1
1282886,2,2
5641414,1,1
13228487,3,3
16101018,1,1
6624391,3,3
4133254,1,1
25346,2,2
475,1,1
6413286,2,2
6748269,2,2
9415957,2,2
709576,1,1
7613887,2,2
331883,1,1
90536,1,1
8182700,1,1
497723,2,2
4593274,2,2
674342,1,1
10429005,1,1
6693015,2,2
24971510,1,1
142776,1,1
1821147,3,3
10184403,2,2
6459365,1,1
12989115,1,1
450550,2,2
1996765,1,1
414692,1,1
22875097,3,3
199870,2,2
14780701,1,1
273841,1,1
1529902,3,3
228069,3,3
354264,3,3
24993261,1,1
563782,3,3
270490,2,2
7445,2,2
3335148,3,3
6690,2,2
375013,2,2
2192092,1,1
11765920,2,2
11295616,3,3
1962291,1,1
355034,1,1
11715276,3,3
742272,1,0
11029677,2,2
17302526,3,3
3975774,3,3
181423,2,2
949040,2,2
804913,1,1
373184,1,1
38989,1,1
22571731,2,2
14990,2,2
15815600,1,1
451565,3,3
3398701,2,2
36164647,3,3
9408864,2,2
2464531,3,3
7788946,3,3
18973367,1,1
5488,3,3
2608296,1,1
15016,2,1
147223,2,2
12088102,3,3
114188,2,2
17286747,3,2
23513349,3,3
13455542,2,2
20650282,1,1
534255,2,2
166356,1,1
29435,1,1
30062690,1,1
94053,1,1
19043458,3,3
17699460,3,3
3858,1,1
320778,2,2
20819682,3,3
6678884,3,3
893609,1,1
29484,1,1
11813450,2,2
3183888,3,3
30364140,2,2
19534,3,3
2623,2,2
1951436,3,3
11277484,3,2
694282,3,3
110444,2,2
3863861,2,2
7798362,2,2
13638131,3,3
20751655,2,2
110519,3,3
18214414,3,3
331196,2,2
34295,1,1
1256621,1,1
6227080,2,2
7295062,2,2
2743,1,1
89959,1,1
63699,3,3
763806,3,3
210817,2,2
153865,2,2
6013686,2,2
25447950,2,2
280797,1,1
1111600,3,3
50091,3,3
18051573,1,1
24849,2,2
577060,3,3
6387180,3,3
271301,1,1
58889,3,3
26465051,1,1
227541,3,3
161503,1,1
33574,2,2
534715,2,2
4734535,3,3
343265,3,2
970556,1,1
9698540,1,1
476733,2,2
1198715,2,2
15705572,1,1
18580,1,1
1911719,2,2
7818683,3,3
89375,3,3
473067,3,3
13624688,3,3
344846,1,1
615999,2,2
54277,3,3
10285307,3,3
37569307,3,3
91517,1,1
609160,1,1
1262673,2,2
6289939,1,1
831194,2,2
6120186,3,3
29923,2,2
17262159,3,3
29456569,2,2
189360,2,2
7553188,2,2
28166910,1,0
1022331,3,3
15842230,1,1
152182,1,1
45714170,1,1
289797,3,3
6487308,3,3
84699,2,2
873910,2,2
37040,2,2
11779,2,2
73189,1,1
9581001,1,1
1474044,3,3
176803,1,1
869906,1,1
303311,1,1
16109187,1,1
13539044,1,1
425029,3,3
763766,3,3
153784,2,2
941785,3,3
8440608,3,3
4424,1,1
330643,1,1
18402055,2,2
9758788,2,2
5700,1,1
6422,1,1
1706794,1,1
744834,1,1
24965,1,1
6533687,1,1
294081,1,1
288989,3,3
28258282,3,3
11984131,2,2
26026066,1,1
6071616,2,2
67948,3,3
497199,3,3
347964,2,2
24873017,2,2
52560,1,1
1184484,3,3
34303,1,1
72996,3,3
20702392,1,1
343036,1,1
4772110,3,3
13107666,3,3
2238121,3,3
359800,3,3
126059,1,1
23001504,1,1
18478208,2,2
341992,1,1
1009305,2,2
208174,1,1
11737387,1,1
20980648,3,3
64638,1,1
526024,2,2
18453187,3,3
7766064,3,3
27199,3,3
10455614,1,1
880529,1,1
13448656,1,1
25737,3,3
15743075,2,2
127645,1,1
958521,2,2
716780,3,2
1816825,3,3
9741843,3,3
55516,3,3
6443349,3,3
18241900,3,3
272138,2,2
386421,3,3
9280202,3,3
815309,3,3
20298092,1,1
12745053,2,2
1428609,1,1
14427,3,3
2207115,3,3
44755,2,2
1710618,2,2
1493980,3,3
79551,1,1
6037263,3,3
8305177,2,2
2595763,2,2
3426873,2,2
359786,2,2
85326,1,1
490966,1,1
2600371,1,1
38717954,1,1
115014,3,3
54451246,3,3
17343998,3,3
1503626,2,2
5346,3,3
31549906,1,1
384597,1,1
1345107,2,2
303200,1,1
2278903,1,1
12962700,3,3
25853014,1,1
278060,2,2
47708,1,1
1888246,1,1
16071764,3,3
213577,1,1
28116858,2,2
3894041,1,1
393128,3,3
23989925,3,3
295031,3,3
107485,3,3
84078,2,2
24764,3,3
95826,2,2
112755,2,2
11866694,3,3
13326422,1,1
19494,3,3
13586518,2,2
116687,1,1
589118,1,1
6185,1,1
23225,3,3
32552,2,2
615921,3,3
59097,1,1
7123179,1,1
153798,2,2
1127996,1,1
28351,2,2
20417843,1,1
6619499,2,2
13831122,2,2
1038590,2,2
103625,1,1
4703166,2,2
14289,2,2
6657,2,2
74034,3,3
525285,3,3
165035,3,3
7884756,2,2
11020173,2,2
349504,3,3
7506779,3,3
10166594,2,2
24158961,2,2
6549,2,2
1148113,2,2
87900,1,1
13588356,3,3
333082,1,1
7841677,1,1
131036,1,1
8531229,3,3
1478023,1,1
9469143,2,2
38533005,3,3
575838,3,3
15957,1,1
3637735,1,1
618164,3,3
898697,3,3
573003,1,1
1070107,3,3
3359010,3,3
418703,1,1
8767940,1,1
12291438,3,3
896622,1,1
25241923,3,3
8079528,2,2
11823941,3,3
274138,2,2
431806,1,1
116470,1,1
33030,2,2
7967299,1,1
7830113,1,1
29875935,3,3
64710,2,2
16095661,3,2
14534775,1,1
119829,2,2
1628198,2,2
13093195,3,3
5130,2,2
27774596,1,1
3112394,2,2
440520,1,1
1250126,2,2
7302402,3,3
106076,1,1
100476,2,2
12473983,2,2
3090523,1,1
10619,1,1
439983,2,2
682327,2,2
994204,1,1
8534799,1,1
1035021,2,2
10714906,1,1
61881,1,1
3020046,3,3
9943270,1,1
428035,3,3
13450339,1,1
1050334,3,3
331260,3,3
20505830,2,2
2989344,1,1
1460324,3,3
9269693,1,1
304485,3,3
46890,2,2
14027,1,1
33385438,3,3
13599291,1,1
13517617,3,3
8125720,2,2
163677,2,2
143157,3,3
6052385,1,1
65113,2,2
316845,3,3
9373606,2,2
67035,1,1
19161835,1,1
1149607,1,1
612149,2,2
7817785,3,3
3265294,1,1
434764,1,1
235127,1,1
85987,2,2
409636,2,2
17286692,2,2
56016,1,1
1431,1,1
214906,1,1
513275,1,1
359195,3,3
263460,1,1
208324,3,3
9118135,1,1
13630171,2,2
8489018,1,1
477728,1,1
267745,1,1
18401395,3,3
13422626,3,3
7090641,1,1
1927997,1,1
7351985,1,1
81196,3,3
7479,3,3
11609409,3,3
6941324,2,2
401910,1,1
7767952,2,2
19083,1,1
18456078,1,1
300196,1,1
20663064,3,3
27158835,2,2
16282066,3,3
61463,3,3
31450852,2,2
75586,1,1
372392,2,2
24137,3,3
367714,2,2
609035,2,2
22817368,2,2
11431000,1,1
18308630,3,3
16629691,2,2
1075635,2,2
189311,2,2
296569,3,3
23278280,1,1
16100976,2,2
45485682,3,3
112191,1,1
6892870,1,1
297929,2,2
17261129,2,2
18670450,1,1
62479,3,3
32302223,2,2
17732928,2,2
31247173,1,1
8419432,1,1
10569,3,3
20428052,1,1
26030697,2,2
616049,1,1
32254,1,1
20890543,2,2
93814,2,2
9494258,3,3
3230480,3,3
37912334,3,3
19546691,1,1
676362,3,3
6357825,2,2
21856443,2,2
11526739,1,1
2062048,2,2
612765,1,1
7821828,2,2
7100490,3,3
8492825,2,2
55792,1,1
1061931,2,2
6709,2,2
18911319,3,3
50755,1,1
23444482,1,1
17686,2,2
25030603,1,1
607639,3,3
87664,3,3
31380884,1,1
920217,2,2
23453112,3,3
2669405,1,1
10866233,2,2
7502918,2,2
1729323,1,1
11451112,3,3
13010376,2,2
21446984,2,2
23473284,3,3
281881,2,2
140097,2,2
14828027,3,3
7974112,2,2
22892113,1,1
1522926,1,1
11077,2,2
1159798,1,1
9328,3,3
830265,2,2
5528673,2,2
186669,3,3
360562,2,2
7768158,3,3
1956954,2,2
138878,3,3
15803748,2,2
2728347,2,2
7113,2,2
26619069,1,1
42372714,3,3
14060081,1,1
15828695,3,3
25614492,1,1
89348,3,3
11653081,1,1
116356,2,2
55302,1,1
17838379,1,1
4371507,2,2
13214,1,1
19135072,3,3
26113696,2,2
114162,3,3
30649795,3,3
30152,2,2
231914,2,2
16526,1,1
105548,1,1
8009281,1,1
7794853,2,2
299777,2,2
3087804,1,1
20575425,2,2
1265524,1,1
78426,2,2
7096916,3,3
831635,2,2
127970,3,3
13640229,2,2
11761455,3,3
26114493,1,1
1239609,1,1
71840,1,1
16094203,1,1
6944566,2,2
77298,3,3
68429,2,2
6449448,2,2
1189878,3,3
7775741,3,3
25208536,2,2
859694,1,1
349949,2,2
141757,2,2
4965,3,3
42005,1,1
17304052,1,1
115817,2,2
1900124,3,3
18428067,3,3
587666,2,2
13990,2,2
18759748,3,3
3188580,1,1
52373,1,1
23616238,1,1
910966,3,2
6610562,3,3
311096,3,3
8585924,2,2
76664,1,1
411449,3,3
66717,3,3
247093,1,1
89376,3,3
71552,1,1
182463,2,2
6063554,1,1
10937499,1,1
22249640,3,3
13557166,2,2
189938,1,1
77431,2,2
3181564,1,1
23174274,2,2
32191710,3,3
17283570,3,3
21416421,2,2
827412,3,3
3484001,3,3
11391817,1,1
803177,3,3
74996,1,1
10746542,3,3
20549446,3,3
27055,2,1
344308,3,3
6222164,2,2
15705280,3,3
22320,1,1
54766704,2,2
23232,2,2
69402,2,2
32024902,1,1
26247053,2,2
26054,1,1
21413662,1,1
46460,1,1
50605,1,1
17893407,1,1
16001302,1,1
6084471,2,2
2051755,2,2
6430718,1,1
7096,3,3
196743,3,3
6449920,2,2
18553,1,1
10913887,3,3
58854,1,1
18586619,1,1
1765082,1,1
8414756,1,1
13101761,3,3
15733346,2,2
54823,1,1
703163,2,2
18888463,3,3
7125082,3,3
46730,3,3
3048010,2,2
3203129,1,1
6441527,1,1
3071808,2,2
163816,1,1
6979094,1,1
129621,3,3
105687,3,3
6069124,3,3
1118078,3,3
6545608,2,2
232145,1,1
62471,1,1
10399969,1,1
6537332,1,1
9488341,1,1
16045203,3,3
1120825,1,1
7893,1,1
7259162,3,3
44890081,2,2
11062688,3,3
89351,3,3
1318536,3,3
107025,3,3
456058,1,1
402739,1,1
84736,1,1
17395052,2,2
7788758,1,1
1006463,1,1
18070753,1,1
43081,2,2
23534,2,2
7685306,1,1
21948425,1,1
103342,1,1
1625089,3,3
7198988,2,2
18525356,3,3
2281814,1,1
2624825,3,3
15766836,2,2
17185540,3,3
5206353,3,3
10637834,2,2
28289,1,1
733111,3,3
1582037,1,1
1973304,3,3
410009,2,2
15745950,1,1
1577936,2,2
32665692,3,3
332775,3,3
1557356,3,3
1567178,1,1
7040389,3,3
380057,3,3
45793,2,2
7695,1,1
827612,3,3
112136,3,3
51430,2,1
809515,3,3
23404,2,2
2620105,3,3
238943,2,2
614699,2,2
58544,1,1
2669268,3,3
905331,1,1
49353,1,1
17054,1,1
10462030,2,2
3105537,2,2
7649340,1,1
617526,2,2
8694,3,3
128474,1,1
23106013,3,3
18007532,1,1
2029177,1,1
62212,2,2
11175319,1,1
5201079,3,3
18527499,3,3
1629940,3,3
16793,2,2
5367,3,3
24727094,3,3
2249571,1,1
821810,2,2
141860,1,1
3227063,2,2
580967,3,3
411992,1,1
16281004,3,3
377254,1,1
26097,2,2
18454480,1,1
245705,2,2
5984,1,1
25779667,2,2
39096,1,1
173590,3,3
61,3,3
2153793,3,3
128029,1,1
18739325,3,3
78974,2,2
17934463,1,1
1142006,1,1
12325796,1,1
5198729,3,3
35816,3,3
12351871,3,3
1206930,3,3
20518872,2,2
23743718,2,2
17757954,2,2
342362,2,2
1032044,1,1
33395946,3,3
14924653,1,1
36174366,2,2
107017,2,2
22054340,1,1
12602408,1,1
6452155,2,2
16173854,2,2
6993091,3,3
204779,1,1
1069114,1,1
4954543,1,1
4998,2,2
598535,3,3
220331,1,1
24875,3,3
70912,3,3
44767458,3,3
48658191,3,3
7150178,2,2
260025,2,2
108171,2,2
12970162,3,3
799158,1,1
9260806,1,1
1105476,1,1
941852,3,3
16131077,2,2
8524960,3,3
2138623,2,2
3086160,1,1
687062,1,1
1089892,1,0
18002005,2,2
7194,1,1
263172,1,1
28482,1,1
239102,2,2
178186,3,3
10604115,1,1
9736930,2,2
25853078,3,3
3218719,3,3
18134856,2,2
13038680,3,3
26074181,2,2
10815662,2,2
310986,2,1
3700085,2,2
6797630,3,3
19486,2,2
8521767,1,1
43982433,2,2
450563,2,2
112803,3,2
287571,3,3
10092591,2,2
229122,1,1
482308,2,2
43112,3,3
3029095,3,3
330244,1,1
31300,1,1
20326998,3,3
964750,2,2
657371,3,3
7886302,3,3
148050,1,1
7084002,1,1
3933510,2,2
2348340,1,1
74176,3,3
426775,1,1
3199771,2,1
16058645,2,2
412930,1,1
12589630,2,2
263466,1,1
145660,1,1
55403,2,2
13658,1,1
96980,1,1
8676,1,1
5776788,2,2
2919938,1,1
1503998,3,3
6341778,3,3
17302559,2,2
9349496,1,1
3416917,2,2
18288,1,1
196141,3,3
508486,3,3
7277377,3,3
13623953,1,1
6658573,3,3
23961,3,3
456773,1,1
7707538,3,3
855903,1,1
28691,2,2
129117,3,3
9827912,2,2
13573316,3,3
17081593,1,1
1133635,1,1
8515,1,1
836957,1,1
428287,2,2
19647,1,1
158788,3,3
146548,2,2
836611,3,3
2272813,1,1
9099,1,1
10507293,2,2
113791,1,1
171368,1,1
186425,1,0
289671,1,1
830382,2,2
7097697,1,1
955725,2,2
15816410,2,2
825508,3,3
19616957,2,2
941892,3,3
434880,3,3
2285386,2,2
25973821,3,3
11038,2,2
169762,2,2
5290189,3,3
3026129,1,1
16158525,1,1
12914,3,3
68146,3,3
237320,2,1
243117,1,1
4530,2,2
61884,3,3
60106,1,1
1830583,1,1
11797368,1,1
3352685,2,2
6287290,1,1
206796,1,1
6606163,2,2
317504,2,2
553462,2,2
333670,2,2
11718466,1,1
39304,2,2
282987,3,3
9687440,3,3
327775,2,2
29430824,1,1
26131641,2,2
5797595,2,2
16099393,1,1
6318426,3,3
423271,2,2
96284,2,2
223182,3,3
149059,1,1
1280293,1,1
11461997,3,3
4328108,1,1
348409,2,2
7823549,2,2
269751,2,2
323289,1,1
586516,1,1
72662,1,1
37638,3,3
6748439,2,2
2017717,3,3
1577013,2,2
9410421,3,3
290733,1,1
15054,2,2
22374,2,2
350684,2,2
441644,1,1
9780131,2,2
387348,3,3
21524446,1,1
23314731,3,3
43805,3,3
10647131,2,2
11282392,1,1
15967,1,1
163256,3,3
39390,2,2
273331,1,1
1334278,1,1
9978196,2,2
966757,2,2
71678,2,2
7069669,3,3
13508607,2,2
17412272,2,2
683695,2,2
145385,2,2
100480,2,2
6624899,1,1
1301153,1,1
6584019,2,2
11661796,1,1
176333,2,2
824204,1,1
138555,1,1
8087906,2,2
609518,1,1
16176693,1,1
8985054,3,3
2403681,2,2
106489,1,1
25065522,2,2
11359,2,2
328813,2,2
23731881,3,3
165002,2,2
906674,3,3
60432,3,3
46191,1,1
1716819,2,2
781046,3,3
50221,3,3
16248189,1,1
15893925,1,1
1845839,1,1
1434105,2,2
458341,2,2
13591672,2,2
25420293,1,1
13607457,3,3
11736965,1,1
903058,1,1
9166877,2,2
62353,2,2
7126,1,1
7849341,2,2
228630,3,3
1659305,2,2
932049,3,3
14316,2,2
13136581,3,3
3552023,1,1
6882188,2,2
18851126,1,1
16077037,1,1
12958042,3,3
18343754,1,1
23492669,2,2
49195,2,2
42505366,2,2
113435,3,2
5173602,3,3
591965,2,2
16089096,1,1
21818422,2,2
15768848,1,1
131790,3,2
8735254,3,3
2,2,2
555987,1,1
818602,2,2
924094,2,2
31423227,2,2
39507,2,2
254499,1,1
238142,1,1
776891,2,2
6869000,3,3
9043552,2,2
16509,3,3
5953211,1,1
150447,1,1
3359180,2,2
4103282,1,1
15670,3,3
27276264,1,1
13336392,2,2
7750301,1,1
6582957,3,3
93570,3,3
23608504,2,2
2506666,2,2
12078852,2,2
11694,3,3
15853961,1,1
8076962,2,2
1497534,3,3
7823797,1,1
856619,1,1
9212008,3,3
12756638,2,2
9300,3,3
21882327,3,3
25944798,2,2
603189,3,3
82397,1,1
39518,2,2
8171984,3,3
873304,3,3
3004101,1,1
178466,2,2
1239385,3,3
18549,3,3
17331518,2,2
3002300,3,3
231566,3,3
20261437,1,1
30072,1,1
449,1,1
2218260,3,3
164563,2,2
7302794,2,2
109510,1,1
9576458,2,2
27155350,1,1
1832623,2,2
6555008,1,1
6465697,3,3
1165806,3,3
1660305,3,3
32418,1,1
847698,2,2
11429971,1,1
283487,3,3
24841650,2,2
1095826,3,3
463421,1,1
6979656,2,2
7825557,3,3
210255,2,2
1325218,2,2
16100972,2,2
1269548,1,1
17696973,2,2
374835,1,1
20436098,3,3
867517,3,3
823516,3,3
78024,2,2
2588395,2,2
12522,2,2
263623,1,1
9538688,3,3
298275,2,2
2767,3,3
16159870,3,3
12890787,2,2
1178134,2,2
1087196,3,3
8711937,2,2
197661,2,2
278854,2,2
229733,1,1
459901,2,2
5179,1,1
11436,3,3
6239027,3,3
349681,1,1
1520411,1,1
14896701,3,3
4117865,2,2
5975885,1,1
23277631,1,1
26571336,2,2
29137,1,1
13931,2,2
4870,3,3
18682615,1,1
2251629,2,2
15803059,3,3
126512,1,1
30549126,1,1
18398089,1,1
196119,3,3
23566382,1,1
17660704,1,1
809635,3,3
68980,1,1
4415692,2,2
820404,1,1
1344089,1,1
6318413,1,1
7306325,2,1
1472878,2,2
7081899,3,3
17262197,2,2
33921998,2,2
22369,3,3
33270753,1,1
146198,2,2
8099597,1,1
9751518,2,2
29095402,1,1
59980,1,1
2553472,2,2
343192,1,1
4555016,3,3
59145,3,3
137450,2,2
21745,1,1
412670,2,2
64881,2,2
505304,3,3
764073,2,2
10518110,3,3
22144858,3,3
849993,1,1
588138,1,1
13499195,2,2
13479773,1,1
7432648,1,1
7823600,2,2
30139738,3,3
10315524,1,1
1206077,1,1
75060,3,3
169872,1,1
25657735,1,1
2889099,1,1
63114,1,1
216132,3,3
7999,2,2
16165191,3,3
13550817,3,3
182332,1,1
28524,1,1
451220,2,2
8756919,1,1
40217,3,3
1419301,2,2
7797032,2,2
20737633,2,2
16091805,1,1
71704,1,1
6411016,2,2
10908,3,3
18668056,1,1
354410,1,1
10025305,2,2
9797075,2,2
8472378,1,1
1294267,1,1
6760761,1,1
6969961,2,2
246276,1,1
29093292,2,2
28766,1,1
1247730,2,2
8650,3,3
16160045,1,1
141019,1,1
11248082,2,2
529241,3,3
661208,1,1
13390528,1,1
904959,1,1
6929380,2,2
169914,2,2
7095049,1,1
15818029,2,2
61152,2,2
910152,2,2
7193970,3,3
41809056,1,1
15832,1,1
675323,2,2
108449,1,1
87220,3,3
18143905,2,2
13623618,2,2
113110,2,2
115605,1,1
118437,3,3
7911363,1,1
92719,3,3
2198397,1,1
22076621,3,3
114773,1,0
18619593,3,3
7228106,2,2
415459,2,2
15743461,2,2
511226,1,1
17316492,1,1
551367,2,2
28501505,3,3
15789399,3,3
84968,3,3
17725655,3,3
73086,2,2
9833,1,1
8355571,3,3
26415,3,3
7849034,1,1
2445973,3,3
169338,3,3
5291478,1,1
603260,1,1
6751262,2,2
9465845,3,3
6624702,1,1
64984,2,2
5711724,1,1
51008,3,3
1326258,1,1
17258293,1,1
2613300,3,3
247979,1,1
325421,2,2
34935946,1,1
1846648,2,2
76778,3,3
358667,1,1
11973176,2,2
25781691,3,3
6235136,2,2
602398,1,1
13562049,1,1
446886,2,2
4031,3,3
40570981,2,2
31979,2,2
13667,2,2
819351,3,3
28954651,2,2
2842796,1,1
21936937,2,2
252938,1,1
3199926,3,3
20701984,3,3
36434,2,2
20661893,2,2
497164,1,1
39940127,3,3
25876358,2,2
6591451,2,2
21874813,3,3
7159489,3,3
389881,3,3
13167112,3,3
110795,2,2
30282,1,1
23316548,2,2
66470,3,3
100365,1,1
348206,3,3
29207206,3,3
458450,2,2
421569,2,2
41363,1,1
206954,2,2
646175,3,3
5586327,2,1
23611985,2,2
43835525,2,2
6499681,1,1
2242385,1,1
11231128,1,1
20886702,3,3
84077,1,1
874419,3,3
10051438,3,3
5460223,1,1
226315,3,3
36421604,1,1
17796115,3,3
1057588,1,1
67977,1,1
294963,1,0
76683,1,1
13548142,2,2
23493509,2,2
769483,1,1
81948,3,3
816085,1,1
17085869,2,2
3974,2,2
900,3,3
129798,3,3
184612,1,1
84463,3,3
422134,1,1
292408,1,1
9473008,1,1
48572402,2,2
415028,1,1
27719,1,1
23012877,1,1
35100,1,1
6469165,1,1
5842021,1,1
16147232,1,1
6488746,2,2
204276,1,1
18812737,1,1
466680,1,1
23604335,2,2
17877,3,3
741618,2,2
79421,2,2
411761,1,1
2195464,1,1
3954279,3,3
96702,3,3
8578795,1,1
1373381,2,2
121406,2,2
229117,2,2
10819228,3,3
65484,3,3
177393,1,1
6177411,1,1
153191,2,2
6277227,3,3
159964,3,3
133954,3,3
443499,3,3
11529868,2,2
2199,3,3
6184241,1,1
32718027,3,3
32487612,1,1
361938,1,1
64924,1,1
95658,1,1
655516,2,2
280021,1,1
18186527,2,2
64218,1,1
1068565,3,3
1299904,2,2
138397,1,1
410412,1,1
580789,3,3
13517,1,1
175244,2,2
513252,3,3
2110491,3,3
25056040,3,3
161557,3,3
1729146,3,3
12138331,1,1
190361,1,1
11902346,1,1
1609224,2,2
7063687,2,2
47912,1,1
66855,1,1
6690549,3,3
63742,1,1
7640261,2,2
6620483,2,2
4556058,3,3
6276888,2,2
25721914,2,2
39934931,3,3
12295571,3,3
71620,3,3
117367,1,1
1071338,1,1
6080337,1,1
282459,1,1
2549004,1,1
17478,2,2
460120,2,2
22238184,1,1
1062902,1,1
4428698,2,2
8507619,2,2
3399,2,2
34776015,3,3
10611,2,2
34963585,2,2
7268995,1,1
313605,1,1
8718,1,1
473557,2,2
1030285,1,1
37622,3,3
1586764,2,2
19548967,3,3
34964938,1,1
7134201,3,3
4015864,1,1
20454095,2,2
20529909,2,2
15711694,3,3
23277447,1,1
55324,3,3
13310549,1,1
12510755,1,1
1970449,2,2
991565,2,2
17029526,1,1
9557,3,3
4768404,1,1
25205331,1,1
567576,2,2
27998615,2,2
1215053,1,1
12146698,3,3
212682,2,2
29397,1,1
6637757,2,2
30199357,2,2
165856,2,2
20557510,2,2
7331435,1,1
123557,3,3
483103,3,3
62659,3,3
29864343,2,2
38374795,2,2
529474,2,2
22749539,1,1
1044380,1,1
12104822,3,3
6726595,1,1
14688,3,3
112725,2,2
868782,1,1
24357334,2,2
384458,1,1
24784,1,1
6571967,1,1
809972,3,3
1124895,3,3
181398,1,1
6320534,3,3
1327747,3,3
23129715,3,3
442957,2,2
15831257,2,2
10682,1,1
248764,2,2
509700,1,1
16281835,1,1
478146,1,0
850246,3,3
205134,1,1
1767774,1,1
6758016,2,2
252464,3,3
8069828,1,1
395233,2,2
5356711,2,2
16131067,1,1
1432778,2,2
251752,1,1
224971,2,2
198483,1,1
142296,3,3
18679391,1,1
17982897,1,1
22540002,3,3
30821598,3,3
93478,1,1
30735,2,2
14267,1,1
1559199,3,3
3918010,1,1
1579805,3,3
421007,2,2
351708,2,2
641550,3,3
36546966,2,2
8498471,3,3
66900,1,1
7822895,2,2
2232132,2,2
761732,3,3
1593623,1,1
66473,2,2
33982780,3,3
22555753,3,3
296523,2,2
18140586,1,0
34445549,1,1
905885,1,1
85211,3,3
17415877,3,3
47076,1,1
74928,3,3
1897049,2,2
915754,3,3
781124,3,3
15157,2,2
4645750,3,3
47281,3,3
2029932,1,1
13335689,3,3
1168934,1,1
112510,3,3
95573,1,1
80493,2,2
16141344,3,3
9729681,2,2
6871413,2,2
5849,1,1
6345977,2,2
2472516,2,2
623811,3,2
557700,2,2
18910611,3,3
8483147,1,1
51243,1,1
22074335,1,1
1576915,1,1
78629,3,3
1604447,3,3
10461,3,3
77504,2,2
6276596,2,2
12648636,1,1
237020,2,2
7074259,3,3
10947600,1,1
22822858,1,1
5131,2,2
6447729,2,2
4859743,3,3
17838528,3,3
80960,3,3
12005234,2,2
11286888,2,2
542752,2,2
15703770,1,1
147222,3,3
22501055,2,2
931447,3,3
29467564,3,3
934205,2,2
4477,3,3
288803,3,3
79014,3,3
19308,1,1
16059350,3,3
260941,3,3
320357,1,1
6457229,2,2
41429818,3,3
47720,2,2
34275232,3,3
206682,2,2
23462662,1,1
13354343,2,2
261479,1,1
1366132,1,1
12046085,3,3
1138034,3,3
84352,2,2
110396,2,2
772852,2,2
11788404,1,1
23127048,3,3
1372415,3,3
6697292,1,1
10929475,2,2
2325248,2,2
39679076,1,1
16124802,3,3
6482837,2,2
82356,3,3
7980210,2,2
624988,1,1
13016839,3,3
79929,2,2
1321606,1,1
218467,3,3
296570,1,1
22472,1,1
452157,1,1
92364,2,2
511115,1,1
23495112,1,1
1162479,3,3
25170761,1,1
6406017,2,2
6862,3,3
2672877,3,3
119389,3,3
43263680,2,2
53066661,1,1
23197334,2,2
644478,2,2
13161686,1,1
480864,3,3
8794263,2,2
102908,1,1
28251,3,3
12478533,2,2
6950445,1,1
816971,3,3
18602341,1,1
7891,1,1
1255227,1,1
25105196,1,1
13549677,1,1
18887,2,2
1938802,1,1
117251,2,2
83518,3,3
6514476,3,3
9791,1,1
13496,3,3
588326,1,1
24974122,1,1
11451865,3,3
77505,3,3
818352,3,3
1601532,2,2
25395596,2,2
515394,1,1
1670481,3,3
6949048,2,2
828166,1,1
31817085,1,1
8501350,2,2
2295829,2,2
926733,1,1
22963655,2,2
2437224,2,2
342371,1,1
44874,3,3
22749796,2,2
13696,2,2
385706,1,1
1040474,1,1
29056083,1,1
354518,2,2
1540437,2,2
682772,3,3
7153518,1,1
24249,1,1
29004052,3,3
104262,1,1
184565,3,3
18249406,1,1
2213112,1,1
2134411,3,3
5834059,1,1
93768,3,3
93405,1,1
21063,1,1
553444,2,2
1308361,1,1
24448250,3,3
64492,3,3
13542990,1,1
19486429,1,1
3071102,1,1
15839572,2,2
266315,2,2
215297,1,1
7144,1,1
1317181,3,3
20758103,1,1
912118,2,2
511206,1,1
26236956,3,3
104837,1,1
17158960,2,2
15727731,1,1
6316356,3,3
9477347,1,1
7783899,2,2
35847912,2,2
1668339,3,3
13610929,1,1
5945209,2,2
1413068,2,2
1527733,2,2
153819,2,2
218902,1,1
2700453,3,3
2378672,3,3
48848553,2,2
13586786,1,1
25865509,2,2
961833,2,2
23219,1,1
1328363,2,2
588723,2,2
16141786,1,1
762462,3,3
2260330,3,3
117369,3,3
224424,2,2
24893241,1,1
875931,1,1
22266042,3,3
893731,2,2
9152282,1,1
18168007,2,2
263146,1,1
3975186,1,1
46908,2,2
81042,2,2
201287,1,1
11256624,2,2
4934587,2,2
1211679,3,3
25362018,1,1
8287510,1,1
19297695,3,3
143126,1,1
7953155,1,1
7669,1,1
38456737,2,2
131793,1,1
2856645,1,1
36545927,3,3
3751593,3,3
130098,2,2
1450671,2,2
16123975,3,3
79521,1,1
7326853,2,2
2074330,2,2
1858968,1,1
190576,1,1
8794739,3,3
16074748,1,1
21717,2,2
13414835,2,2
17789080,2,2
24517372,2,2
12924304,1,0
114316,3,3
714571,1,1
24401498,2,2
36219542,1,1
18193861,2,2
1492861,2,2
18144009,3,3
57763,2,2
11284106,3,3
81070,2,2
94813,2,2
1222900,2,2
51660,1,1
15790852,2,2
20517739,3,3
6048518,1,1
43613,2,2
9833184,3,3
12116,2,2
133620,1,1
31128868,3,3
16405,1,1
9413044,2,2
8253,2,2
28382,1,1
4885470,2,2
377893,2,2
29947,2,2
111388,1,1
15154,3,3
763602,3,3
17239167,2,2
27628,1,1
1634982,1,1
12005966,2,2
13552159,3,3
662446,3,3
7005615,3,3
6764230,1,1
69882,1,1
1264155,2,2
147310,3,3
994201,1,1
17166165,1,1
151718,1,1
31548,2,2
9257332,3,3
268994,1,1
298472,2,2
442947,2,2
42149,2,2
13513638,2,2
60930,1,1
1387869,2,2
91714,1,1
202183,1,1
8167001,2,2
7182,2,2
74788,2,2
13979,2,2
342240,1,1
212087,3,3
6435253,2,2
546887,3,3
316558,2,2
305689,2,2
1657368,3,3
8014,1,1
84725,1,1
1429580,2,2
528468,2,2
214805,3,3
10914555,2,2
1059928,3,3
18775203,1,1
18667798,2,2
1570989,1,1
487445,2,2
43190272,3,3
61886,3,2
41433634,1,1
562478,2,2
670906,3,3
72257,2,2
7025,1,1
61963,1,1
156784,3,3
13259270,2,2
104212,3,3
7490651,3,3
3929671,2,2
30971755,1,1
98800,3,3
13343752,1,1
647682,1,1
25022297,3,3
29579,2,2
2689001,1,1
20359781,3,3
311179,2,2
127437,3,3
33457,2,2
44054122,2,2
289524,3,3
614863,2,2
5552212,1,1
9972882,1,1
231012,2,2
180630,3,3
16142105,2,2
16118030,1,1
23223,2,2
20443207,3,3
61986,3,3
780875,1,1
136990,1,1
847168,3,3
3609537,1,1
6382225,2,2
7723542,3,3
771620,1,1
17656749,2,2
1127035,3,3
9667957,2,2
47642,1,1
180371,2,2
53413,2,2
22232,3,3
13085609,3,3
17714301,2,2
77270,3,3
59825,1,1
12352651,2,2
34919,1,1
25379420,2,2
6410978,3,3
13760,3,3
15862845,2,2
333766,2,2
11702088,1,1
57529,2,2
32171420,1,1
3486806,2,2
2112823,3,3
3351607,2,2
528038,1,1
9213328,3,3
6325689,2,2
1114379,3,3
170210,2,2
9975463,2,2
91563,2,2
110392,2,2
6979760,2,2
133008,1,1
22699416,3,3
222576,2,2
26404001,1,1
248322,2,2
18742824,3,3
1992710,1,1
15513156,2,2
4001794,3,3
10812803,2,2
13451,3,3
196741,1,1
782858,3,3
25734623,2,2
75636,3,3
17347879,3,3
17140549,3,3
1159461,3,3
17204984,1,1
6821371,1,1
26144414,1,1
6732019,2,2
2241093,2,2
6398011,3,3
7632099,1,1
17683,3,3
18160307,1,1
7306380,1,1
10063343,3,3
15814872,2,2
5986348,2,2
466462,1,1
6599113,3,3
8428064,2,2
787903,3,3
13260515,3,3
17839197,2,2
5780067,1,1
7992964,2,2
333947,1,1
145666,2,2
773171,2,2
815158,2,2
40722,1,1
10389791,2,2
9592975,1,1
18715347,1,1
7775594,3,3
6750586,1,1
18006456,2,2
798902,2,2
11262609,2,2
2296194,3,3
2050551,3,3
44076511,1,1
7171620,1,1
200352,1,1
18374015,2,2
4069,2,2
577754,3,3
619526,2,2
18869971,3,3
17777989,1,1
36348525,1,1
9680403,2,2
671560,2,2
28686902,3,3
36531567,1,1
174685,3,3
1840452,1,1
7132363,1,1
121648,3,3
6337414,1,1
1142347,2,2
18219356,2,2
512475,2,2
10780523,3,2
89841,3,3
208181,2,2
298422,1,1
315513,3,3
18734993,1,1
838729,3,3
366031,2,2
31371729,3,3
10479750,3,3
91474,3,3
19707,2,2
613991,2,2
1403416,1,1
21535756,3,3
19464292,2,2
15561,3,3
421905,3,3
15468163,1,1
48044,2,2
474078,2,2
7860099,1,1
16234584,3,3
7923163,2,2
2850535,1,1
420780,2,2
19140,3,3
50923,1,1
2429032,3,3
360464,3,2
24389206,3,3
66414,3,3
10266875,3,3
9723976,2,2
9400516,2,2
874787,1,1
137446,3,3
370798,2,2
15730577,3,3
297792,2,2
310026,1,1
25399706,3,3
750672,3,3
33548948,2,2
43925876,3,3
6282334,1,1
10006,1,1
452198,1,1
41809004,3,3
12170410,2,1
97642,1,1
29492747,2,2
36302899,3,3
664236,3,3
13541612,2,2
3151688,3,3
39242,1,1
13424887,3,3
6773700,2,2
185748,3,3
23598379,3,3
111411,2,2
6854,1,1
13206,2,2
642914,2,2
621687,1,1
176840,1,1
329736,1,1
22543949,1,0
540864,2,2
286737,1,1
16351,3,3
7005865,3,3
116249,1,1
13055592,2,2
11323300,1,1
851572,3,3
293499,3,3
297868,1,1
1268716,3,3
736395,3,3
351037,1,1
205041,3,3
27037952,3,3
15740496,3,3
23456237,1,1
1023328,2,2
10552965,1,1
41757,3,3
25071,1,1
9997241,2,2
6810626,3,3
35514,2,2
22417,1,1
12812550,1,1
180748,2,2
272249,1,1
230037,2,2
30625170,3,3
17184353,1,1
946194,3,3
1525161,2,2
352428,2,2
160069,3,3
19542831,2,2
33553,1,1
676723,2,2
16074809,3,3
18607725,2,2
15803208,1,1
7652728,1,1
89185,1,1
5345,3,3
1162714,3,3
5730888,3,3
452152,3,3
23615709,3,3
107966,3,3
2845024,1,1
18665229,1,1
18039479,3,3
30225,1,1
633270,2,2
22571670,2,2
13522285,3,3
15962,3,3
10433900,3,3
10133391,3,3
99664,1,1
22878967,1,1
1309387,2,2
657466,2,2
176402,3,3
780672,3,3
39863515,2,1
9673193,2,2
34057,1,1
99472,2,2
2166091,3,3
19063472,1,1
1278131,1,1
76658,3,3
662564,2,2
32568878,3,3
29388297,2,2
15802906,1,1
36540225,1,1
646199,2,2
15811545,2,2
6856,3,3
1931593,3,3
71777,1,1
4546386,2,2
1142234,1,1
2288045,3,3
8340846,3,3
29906017,3,3
11281778,2,2
15723902,3,3
2763297,1,1
64105,1,1
535734,3,3
4883478,1,1
797498,3,3
797329,3,3
7530820,3,3
15885903,1,1
2502880,2,2
122781,3,3
3300607,3,3
2579284,1,1
18386,2,2
124110,2,2
843135,3,3
25111004,1,1
78407,2,2
6545536,3,3
17727276,2,2
6278019,3,3
32993133,2,2
42201996,3,3
493051,1,1
99126,3,3
365307,1,1
71845,2,2
10865206,3,3
3407703,3,3
222353,3,3
1755494,1,1
253993,1,1
2319979,2,2
13152,3,3
862011,2,2
965038,3,3
694321,3,3
12453610,3,3
17566943,1,1
33024,3,3
43884,3,3
20930130,1,1
7789774,2,2
16147062,1,1
60707,1,1
154128,2,2
1355595,1,1
227295,1,1
23476820,2,2
6390542,1,1
8787,3,3
98048,1,1
15060,2,2
128109,3,3
377592,2,2
4979,1,1
1850856,2,2
6389874,1,1
295652,1,1
906015,1,1
23573606,3,3
1122428,3,3
16312,3,3
3786914,1,1
9511309,3,3
391959,3,3
13034683,1,1
930470,2,2
6113686,1,1
384457,2,2
6090411,1,1
2272641,3,3
5659,1,1
40864841,3,3
1091815,2,2
15836079,3,3
45183,1,1
483057,3,3
999731,2,2
3422075,2,2
457264,3,3
875775,2,2
22288,1,1
1569144,3,3
18068907,1,1
29279220,2,2
28595537,1,1
12341309,3,3
261161,3,3
16123804,3,3
8531,3,3
35534630,2,2
6439770,3,3
23264825,1,1
6736971,3,3
31342,3,3
20086,2,2
449189,3,3
8519822,2,2
958814,1,1
2081,1,1
10473214,2,2
25560247,3,3
226730,1,1
620914,2,2
376514,3,3
116367,3,3
6436602,1,1
2454475,3,3
350682,3,3
402015,2,2
6514074,1,1
40366273,1,1
2930777,2,2
2119366,2,2
302546,2,2
9664718,1,1
337537,1,1
34840481,3,3
4990362,1,1
284071,3,3
6369020,1,1
2292384,1,1
11948244,1,1
17933544,3,3
811994,1,1
23453106,2,2
11230,1,1
112292,3,3
78129,1,1
96267,2,2
12829446,1,1
899079,3,3
1225239,2,2
37377,2,2
8648,2,2
131359,1,1
24903919,2,2
12262889,3,3
169587,2,2
13722526,3,3
26163864,3,3
108713,1,1
538611,3,3
1779929,2,2
7707148,2,2
59326,3,3
13010378,3,3
8932593,2,2
777423,1,1
170226,1,1
6405181,1,1
16177805,1,1
33784373,3,3
16159276,3,3
23042087,2,2
124922,3,3
551926,3,3
272791,1,1
9794942,2,2
438190,1,1
21859423,3,3
36260155,2,2
16217670,1,1
144538,2,2
645270,3,3
4443585,1,1
17282940,3,3
192893,1,1
7105002,1,1
25665301,1,1
12493377,2,2
8246,2,2
23125266,1,1
17401073,1,1
279524,1,1
96428,3,3
10385704,2,2
696513,3,3
6393583,2,2
7712963,2,2
6519314,3,3
161057,1,1
18938110,1,1
19904043,3,3
24804,2,2
1123897,3,3
12545444,2,2
4907243,1,1
790289,1,1
880271,2,2
16135176,1,1
18393,2,2
64417,2,2
4437054,1,1
3551055,3,3
141042,2,2
128754,1,1
105303,2,2
22564249,2,2
14058995,1,1
21835,3,3
685342,2,2
2440646,2,1
2477437,3,3
413491,1,1
889071,3,3
11427,3,3
39058,2,2
2468960,2,2
63837,2,2
2974893,3,3
977399,1,1
885794,1,1
8068272,2,2
574100,3,3
2157372,2,2
12199233,3,3
21894650,3,3
7529869,1,1
125321,1,1
86172,2,2
6817750,3,3
614514,3,3
89842,2,2
1055927,2,2
8110307,1,1
14367051,3,3
163921,2,2
28446947,2,2
9000173,3,3
56083,2,2
15816412,2,2
51490125,1,1
1760765,1,1
11890816,1,1
13151129,1,1
18078028,2,2
24683898,1,1
17039870,2,2
6352128,2,2
13571879,2,2
2249507,3,3
128092,3,3
23355896,3,3
39926,2,2
12368900,2,2
197457,3,3
17610238,1,1
5617966,1,1
140093,2,2
12568505,3,3
389706,2,2
115929,3,3
248704,2,2
1960570,3,3
96642,1,1
6661002,1,1
5532478,3,3
24780543,1,1
26252859,2,2
889464,1,1
278299,3,3
36640079,3,3
12658,2,2
474113,1,1
12964250,1,1
289785,2,2
94290,3,3
1243919,3,3
18952341,1,1
6427742,1,1
6340209,2,2
55320,2,2
56842,2,2
20657437,1,1
76822,2,2
6507691,3,3
22052520,3,3
10507,2,2
302451,1,1
51213487,1,1
83017,2,2
17167166,2,2
9461562,3,3
225383,3,3
8125716,3,3
2015924,3,3
681545,1,1
12398,3,3
38424,3,3
13426024,3,3
11530656,3,3
47582,3,3
12058835,1,1
36317,1,1
156529,2,2
6277838,3,3
249824,3,3
3472820,2,2
2013929,2,2
4855,3,3
385211,3,3
49603,2,2
21025,3,3
6359415,2,2
12392681,2,2
23201282,3,3
3303523,1,1
608287,2,2
18801516,2,2
85317,1,1
16735,2,2
20578979,1,1
26077971,1,1
500799,2,2
18054085,3,3
137559,1,1
14289042,1,1
17214302,3,3
17561022,2,2
2761,3,3
162332,1,1
51072,1,1
47776,2,2
31226653,1,1
763215,3,3
25739173,3,3
6264710,3,3
137562,1,1
182012,3,3
13006132,1,1
463063,1,1
2283880,1,1
6691280,2,2
41750903,1,1
56157,1,1
2646320,1,1
45046808,1,1
998178,2,2
8107779,2,2
452141,1,1
862017,3,3
293984,3,3
183126,3,3
3265293,2,2
53363,2,2
2046418,1,1
38500,3,3
2288293,3,3
787458,3,3
20898478,1,1
9912994,2,2
19395553,3,3
583924,3,3
262438,3,3
216185,1,1
95112,1,1
213347,2,2
59865,3,3
13423346,3,3
1605398,1,1
123544,1,1
2918314,2,2
1064084,1,1
716532,1,1
17447804,1,1
16275084,3,3
1644785,3,3
269589,2,2
1003604,2,2
10697575,1,1
12014,3,3
6441387,3,3
916914,2,2
149785,1,1
227462,1,1
169718,3,3
1421759,3,3
6544386,3,3
563790,2,2
2069496,3,3
12426354,2,2
51299,3,3
13649072,2,2
282616,2,2
18224293,1,1
2431812,3,3
2643537,3,3
13515264,3,3
13056159,1,1
706960,2,2
9359818,1,1
3661335,2,2
801667,3,3
3326542,3,3
4542499,3,3
5913760,1,1
2016758,1,1
10436992,3,3
462981,1,1
206091,1,1
13059026,2,2
7519231,1,1
101399,1,1
1657198,3,3
50466,2,2
39796,2,2
18669698,2,2
8100267,3,3
35488,1,1
6420846,3,3
972193,2,2
29429581,3,3
6376445,3,3
13602221,2,2
8253037,1,1
22501028,3,3
66857,3,3
16173427,1,1
4708,3,3
34209372,2,2
820465,2,2
2034713,3,3
257869,1,1
16158498,1,1
2195449,1,1
11115191,2,2
1190782,3,3
1863655,2,2
13153963,1,1
6434232,3,3
6356356,1,1
65959,2,2
269322,3,3
7018619,2,2
1971304,2,2
22009174,1,1
31560581,3,3
9477999,2,2
56031,3,3
40604020,2,2
13330670,2,2
1008856,1,1
10381135,3,3
16387,3,3
3526,3,3
12010541,2,2
503536,1,1
20344467,2,2
870461,1,1
6656,2,2
882607,2,2
188131,2,2
11337912,1,1
30312850,3,3
491887,1,1
1241,2,2
12758317,1,1
7785,1,1
773951,3,3
4600787,1,1
308540,2,2
16099325,3,3
1835150,3,3
4052117,2,2
403277,2,2
10471419,1,1
31351,1,1
313159,1,1
6611059,2,2
6079129,2,2
9462795,2,2
24265751,1,0
10,3,3
65399,1,1
1061557,1,1
15792510,2,2
8734498,2,2
32452118,1,1
36742940,1,1
18142312,2,2
5472,1,1
9758764,3,3
6662971,3,3
55990,1,1
19802,1,1
96063,1,1
18069284,3,3
22038750,2,2
9397733,3,3
678090,3,3
48119,3,3
285825,3,3
459460,3,3
4162673,1,1
19161872,3,3
661378,1,1
23602561,3,3
10637766,2,2
256279,1,1
228258,1,1
24885878,2,2
12451,1,1
227280,1,1
148810,2,2
6056520,3,3
11787752,1,1
18039963,2,2
22979094,2,2
40329,2,2
675513,2,2
52223,2,2
3201113,3,3
2280846,3,3
6944430,1,1
960713,2,2
33015,2,2
11766885,2,2
8685612,1,1
24019187,2,2
363425,3,3
23937106,3,3
13155343,2,2
153492,1,1
64466,1,1
94319,2,2
119079,1,1
41716679,1,1
144800,3,3
16188,2,2
13007738,2,2
32855337,2,2
65948,1,1
18166194,3,3
7969618,1,1
7915095,2,2
4391492,3,3
2890090,1,1
52306589,3,3
17676690,3,3
23398806,2,2
244812,1,1
31101,2,2
33230889,3,3
58747,1,1
38674,3,3
25756328,1,1
70251,3,3
13506458,3,3
10459279,2,2
11500827,1,1
8578291,2,2
58506,2,2
371834,2,2
23447923,1,1
11473820,2,2
16003569,1,1
295649,3,3
47733,1,1
169879,3,3
22649,2,2
935676,3,3
6613764,1,1
7149234,2,2
10706629,2,2
313262,3,3
28511564,3,3
6262518,1,1
7988467,3,3
92771,3,3
7720252,1,1
3086224,2,2
289695,2,2
33027,2,2
2572534,2,2
1466455,3,3
13843,3,3
2512955,2,2
10841167,3,3
421518,2,2
7576495,1,1
93436,3,3
1926218,3,3
148394,1,1
9523250,2,2
2978375,1,1
29663007,3,3
55818,2,2
159346,2,2
5266733,1,1
287655,1,1
1142756,2,2
737957,1,1
12383869,3,3
2161710,1,1
18214491,1,1
970602,3,3
3553026,2,2
23592235,2,2
1901648,2,2
106924,1,1
7492939,3,3
34733250,2,2
22226453,1,1
36952596,1,1
1001976,3,3
392307,3,3
102885,3,3
324175,1,1
2153427,1,1
17342700,1,1
8726694,3,3
40956792,1,1
12969636,3,3
19254731,1,1
842961,3,3
274746,2,2
3996887,2,2
7334290,1,1
29000955,3,3
510022,3,3
67862,1,1
7683565,1,1
35805,3,3
35691591,2,2
293500,3,3
51019,3,3
17688,2,2
6351939,3,3
5098079,2,2
446388,3,3
274053,3,3
71111,3,3
376160,1,1
18758062,3,3
994809,2,2
40680586,3,3
15734769,3,3
1122852,1,1
350710,1,1
110388,2,2
18453226,2,2
22588093,1,1
42899,3,3
1824198,3,3
732139,2,2
352179,1,1
18782855,2,2
18554,2,2
176326,3,3
1405053,2,2
660961,3,3
12015809,3,3
33333,1,1
1111,1,1
232733,3,3
30731416,1,1
421280,2,2
1426,3,3
5159,2,2
723724,1,0
688993,1,1
1587362,1,1
601390,1,1
7113436,3,3
272246,2,2
1434318,2,2
937249,2,2
13618607,1,1
25494343,3,3
3381,3,3
32218,1,1
23677341,2,2
861848,2,2
6493208,1,1
34838876,3,3
11881398,3,3
8365141,3,3
45195,3,3
16161852,2,2
3429863,1,1
2808430,3,3
712807,1,1
12321,1,1
4135492,3,3
7626278,3,3
861539,1,1
11045709,3,3
218215,3,3
13030971,3,3
15808816,1,1
10566,3,3
6049585,3,3
15177,3,3
69722,3,3
23068264,2,2
12052,1,1
15714640,1,1
90556,1,1
25215710,1,1
13629951,3,3
6937878,1,1
3159062,2,2
13649056,2,2
576379,1,1
84135,1,1
7973812,2,2
8649656,3,3
270259,2,2
37955748,3,3
55229,2,2
11587338,3,3
17286694,1,1
11387458,2,2
5491797,1,1
887161,2,2
22813724,1,1
302874,1,1
3354025,3,3
30240,1,1
52801,1,0
28220899,3,3
26175,3,3
35306,2,2
30651396,1,1
550381,2,2
213975,2,2
25861945,3,3
16342,3,3
40378,1,1
1338473,1,1
9583173,1,1
167845,2,2
321646,1,1
13618431,3,3
9551,2,2
483646,3,3
129273,1,1
8853299,2,2
91953,2,2
2219694,2,2
11267847,2,2
31366,3,3
299344,2,2
746050,2,2
2142060,2,2
635635,3,3
8720917,3,3
498608,1,1
207410,3,3
271261,3,3
660619,3,3
7964129,1,1
561867,3,3
10373917,1,1
50451,1,1
2213661,2,2
555500,1,1
32650,2,2
21278,2,2
1373315,3,3
6045577,1,1
117663,3,3
813721,3,3
6080897,2,2
122901,3,3
35958,1,1
20869718,3,3
17160913,2,2
10334529,2,2
53013,2,2
960,2,2
84076,2,2
3301564,1,1
7130745,2,2
85993,1,1
419542,1,1
12750745,2,2
202464,3,3
3495748,3,3
332021,2,2
10438328,1,1
4948327,2,2
619962,1,1
218427,1,1
13528488,1,1
13173379,3,3
99483,2,2
10428708,1,0
1184366,3,3
27206334,3,3
8464587,2,2
104507,1,1
27323,1,1
11430,2,2
12363948,2,2
8262403,3,3
673799,2,2
15803533,1,1
271265,1,1
8331312,2,2
20324353,3,3
17934849,2,2
19187435,1,1
298357,2,2
2233882,1,1
9500416,2,2
2896122,1,1
17344336,1,1
1481702,2,2
18218630,2,2
15762322,1,1
67146,2,2
37609,1,1
34826332,2,2
109421,1,1
866136,1,1
17451283,3,3
21350894,3,3
9433912,3,3
352679,1,1
4758093,3,3
12401556,3,3
201642,2,2
1946,2,2
170877,1,1
678168,3,3
8253016,3,3
82895,3,3
12191758,1,1
683282,1,1
5186,1,1
938544,3,3
24840,1,1
38819868,3,3
1295034,1,1
761849,1,1
16032311,1,1
14743629,3,3
18808407,1,1
32283133,3,3
1420,1,1
2936415,1,1
26085520,2,2
4845427,1,1
13013592,1,1
114130,3,3
8626964,2,2
11506107,2,2
32330,1,1
15063,3,3
1777384,1,1
36249634,2,2
379352,2,2
106588,3,3
164726,2,2
616208,3,3
308060,3,3
18509683,2,2
25489625,1,1
6336453,1,1
7827221,3,3
16433,3,3
535116,1,1
8501304,2,2
15761365,1,1
18467802,1,1
6929566,3,3
3321397,3,3
742811,3,3
113773,2,2
16101121,1,1
18527496,1,0
6795627,2,2
28965131,2,2
417344,2,2
30038960,2,2
76171,3,3
14554,2,2
674749,2,2
50273,2,2
573346,3,3
5995411,3,3
40097951,1,1
8339286,1,1
13700773,2,2
12628536,2,2
10331666,3,3
845150,3,3
6288,3,3
1141442,2,1
10916,3,3
11424443,2,2
102458,2,2
2255114,1,1
14681,3,3
20442109,1,1
307791,1,1
452211,3,3
292668,1,1
13100288,3,3
115009,3,3
8037122,1,1
27502,3,3
1848547,3,3
6281917,3,3
139864,2,2
472219,2,2
316445,3,3
16172991,2,2
35503464,3,3
251633,1,1
17208956,2,2
210329,2,1
9808117,2,2
23172825,2,1
3134981,2,2
865516,1,1
7284508,1,1
176534,3,3
165357,3,3
52384,2,2
107791,1,1
130002,1,1
11720382,2,2
247,3,3
36204678,2,2
35648512,1,1
18693929,2,2
144258,3,3
22550087,2,2
9487,2,2
164221,1,1
18214458,1,1
1191721,2,2
190484,1,1
1110299,2,2
442673,1,1
40526,2,2
1117637,3,3
13540215,2,2
318398,1,1
128436,2,2
803120,1,1
18373208,2,2
20805402,2,2
6120839,3,3
6764787,1,1
423929,2,2
1016875,2,2
143226,1,1
31299,1,1
17884045,1,1
27067323,2,2
25190,1,1
196924,2,2
22031920,3,3
96128,2,2
278653,1,1
127446,1,1
25359392,2,2
11390271,1,1
25266010,3,3
41837243,1,0
111734,1,1
6040582,2,2
149153,1,1
28689,3,3
588066,3,3
57148,3,3
68520,1,1
6513184,2,2
2696181,2,2
13359067,1,1
6134783,2,2
9879644,2,2
93370,1,1
132025,2,2
18770,3,3
15677,2,2
30382,3,3
629623,1,1
200403,2,2
545061,1,0
176881,1,1
31071,2,2
9720766,2,2
40539663,1,1
845074,1,1
23488490,1,1
23354251,3,3
1283986,2,2
301825,2,2
303948,2,2
22693811,3,3
347339,2,2
706,1,1
17079699,3,3
7683523,2,2
20567918,2,2
834019,3,3
18032,3,3
23308588,2,2
106330,1,1
50502,1,1
11547862,3,3
2438254,2,2
1592350,3,3
33386034,2,2
50756,3,3
237449,1,1
33385406,2,2
16074560,3,3
9594,2,2
529346,1,1
13518673,3,3
18667718,3,3
147842,1,1
27445,3,3
13558344,3,3
7840834,3,3
81758,3,3
10048876,3,3
140090,2,2
18244599,2,2
13044706,3,3
14250,2,2
376465,3,3
41038,2,2
93799,3,3
2547020,1,1
9296389,2,2
17451921,2,2
90233,2,2
868361,1,1
410237,3,3
1883336,1,1
1433355,1,1
371022,2,2
11465972,3,3
684507,3,3
239399,2,2
5405887,2,2
1966205,3,3
13409664,3,3
288088,3,3
4457071,2,2
10284324,2,2
22043566,3,3
22867,1,1
7155145,2,2
34508,3,3
34501,2,2
6871616,1,1
7565139,1,1
329084,1,1
6391683,3,3
3099780,3,3
148809,2,2
34213608,2,2
181195,3,2
215541,1,1
10503,3,3
15793153,2,2
9006,1,0
7157310,1,1
1541856,3,3
400723,1,1
3586934,3,3
87745,1,1
387562,1,1
644982,1,1
622052,3,3
6185409,2,2
11605486,2,2
25744542,2,2
13091294,1,1
34466979,1,1
10306358,1,1
372853,1,1
10305231,3,3
8357781,3,3
769515,3,3
9648101,3,3
25526965,2,2
34856134,1,1
18338683,3,3
17794028,1,1
12738,1,1
6644117,3,3
5479405,2,2
11277077,2,2
568454,2,2
1677880,1,1
1878,1,1
1072113,3,3
481749,1,1
17333319,2,2
9844,1,1
97860,1,1
493005,2,2
31493,2,2
4258529,2,2
112539,3,3
13265443,3,3
13060609,3,3
18460726,1,1
161805,2,2
27206534,1,1
8913542,2,2
163196,2,2
287490,1,1
1833852,3,3
256314,3,3
1253424,1,1
22718684,1,1
37984,3,3
23222,3,3
23353422,2,2
248871,3,2
122311,1,1
7809221,1,1
32561,1,1
890,1,1
9739047,3,3
120646,1,1
285500,1,1
552274,3,3
48836,1,1
747599,2,2
13611056,3,3
14318,1,1
144350,1,1
68086,2,2
5546,3,3
17259605,1,1
26162284,1,1
17465515,1,1
324277,3,3
24441347,2,2
421,2,2
36460623,1,1
6658798,1,1
23286130,2,2
1687880,2,2
1557354,3,3
2017056,1,1
413681,3,3
190378,3,3
26569610,3,3
182381,1,1
13939,3,3
124820,1,1
2924068,3,3
18112194,2,2
169437,2,2
563943,2,2
40117,1,1
5082616,2,2
31181,2,2
210235,3,3
16152057,2,2
6757966,1,1
35133917,2,2
461104,1,1
6509143,2,2
2618,2,2
590820,2,2
1855163,3,3
56067,3,3
3649147,3,3
12042279,3,3
13733,1,1
393129,1,1
645260,3,3
11487159,1,1
13083239,1,1
764270,1,1
16117978,1,1
5996153,3,3
6387525,2,2
99245,2,2
373593,1,1
7876746,1,1
13037406,3,3
25785810,1,1
1061004,1,1
23433222,2,2
38296,3,3
3486266,3,3
8108609,1,1
30755001,1,1
153198,2,2
11533583,2,2
10789481,2,2
9208676,2,2
13096218,1,1
32829,1,1
442959,1,1
20653540,2,2
24819482,3,3
1537534,3,3
167115,3,3
3393648,1,1
7775611,2,2
50747,2,2
17340908,2,2
339187,3,3
176802,2,2
105639,1,1
780823,2,2
763471,1,1
25716705,1,1
158674,3,3
630686,2,2
13311347,1,1
6644604,1,1
9905387,2,2
4897881,1,1
50544,2,2
6901097,3,3
365257,2,2
477272,1,1
7733167,3,3
28006120,3,3
895886,2,2
8195692,1,1
233649,3,3
69499,2,2
194546,1,1
76179,3,3
35750273,1,1
33727,3,3
3182869,2,2
1620913,3,3
402036,2,2
8571916,3,3
18505844,1,1
39893545,1,1
1611657,2,2
538926,2,2
79088,1,1
1146743,3,3
1283619,3,3
10910,2,2
2859559,2,2
458312,2,2
29743,3,3
18309803,1,1
891813,2,2
158007,2,2
521135,2,2
44139,1,1
815786,2,2
11482,3,3
18160237,1,1
452777,2,2
152643,1,1
343612,1,1
874811,1,1
6479550,1,1
3188302,3,3
108540,2,2
12993856,1,1
53451582,3,3
708694,3,3
552344,2,2
76812,3,3
6624871,2,2
18248513,2,2
836339,2,2
26252,3,3
12308723,1,1
129615,2,2
8435071,3,3
6202690,2,2
882053,2,2
1039182,2,2
425891,3,3
12700353,2,2
153163,3,3
13612965,3,3
437622,1,1
126603,1,1
40327,3,3
457060,1,1
1335019,3,3
327945,3,3
9355,3,2
28962906,3,3
26244,2,2
10229003,3,3
8162603,3,3
4052814,3,3
136531,3,3
8890606,2,2
29749085,3,3
10059498,1,1
5128,2,2
8251057,3,3
6368189,3,3
46202,3,3
2409556,2,2
3730956,1,1
17927463,3,3
213647,3,3
6330323,3,3
6523157,2,2
14421103,2,2
701417,1,1
119494,2,2
33886,3,3
13040585,3,3
196560,3,3
25902535,1,1
7094599,1,1
1780560,2,2
8666090,2,2
126866,2,2
342999,1,1
1616596,1,1
39077521,1,1
44055711,3,3
7292467,1,1
72872,3,3
25597051,2,2
245,2,2
7148737,1,1
17697619,1,1
25017,1,1
52074436,1,1
19615646,3,3
406591,3,3
815234,3,3
8941418,3,3
250324,3,3
510537,3,3
65388,1,1
1435992,3,3
28256439,1,1
2702704,2,2
7742202,3,3
50618,2,2
6386363,3,3
92575,2,2
546018,1,1
6122521,2,2
10156061,1,1
788515,1,1
3487044,3,3
1686820,1,1
550436,1,1
41735103,3,3
679702,2,2
195144,2,2
48512902,3,3
167425,3,3
323230,1,1
642462,1,1
16135109,1,1
73064,3,3
1320279,3,3
179101,3,3
7130701,2,2
20420053,2,2
6446097,2,2
2890680,1,1
17843465,3,3
17936663,1,1
10429025,2,2
89356,2,2
1406197,3,3
2024223,2,2
2506250,3,3
1330324,3,3
6547563,3,3
12849260,2,2
189428,1,1
41157965,3,3
6482182,3,3
69091,3,3
13107655,1,1
41558316,1,1
1175376,1,1
943903,2,2
259861,3,3
44310,3,3
690644,3,3
17199504,3,3
636638,2,2
2282203,1,1
1931239,2,2
384221,3,3
440496,3,3
542785,2,2
61663,1,1
251665,2,2
23783156,3,3
2909013,1,1
246084,2,2
9252036,3,3
8702912,1,1
7074468,3,3
28634,1,1
367334,3,3
3555477,3,3
20309995,2,2
13571,3,3
317282,3,3
1980195,2,2
289645,2,2
6202318,2,2
2535743,2,2
34927038,3,3
336060,3,3
59369,3,3
10334979,3,3
108590,2,2
20582,2,2
123060,1,1
72819,3,3
44659,2,2
119115,3,3
11062291,2,2
7096013,3,3
2067876,2,2
24452249,3,3
76729,2,2
17562510,3,3
9260669,2,2
6376522,1,1
44559,3,3
951454,3,3
207684,1,1
76667,1,1
18813642,3,3
658242,2,2
339341,1,1
776159,1,1
27190613,2,2
20718289,1,1
18404957,1,1
348205,3,3
833253,1,1
3059151,3,3
563788,1,1
3189743,2,2
2828084,1,0
6911931,2,2
2480484,2,2
20575411,1,1
54903,1,1
602767,1,1
27161816,2,2
25663717,2,2
6987349,2,2
12968828,2,2
856969,3,3
20821163,2,2
235915,3,3
96647,3,3
181424,2,2
9266794,2,2
18277991,2,2
427281,2,2
1286711,3,3
51652,3,3
1747741,2,2
246097,2,2
8935302,2,2
312085,2,2
20640026,2,2
10374910,2,2
666940,1,1
84405,1,1
6052017,2,2
12028681,2,2
233933,2,2
682156,2,2
743352,1,1
1556379,1,1
8785374,1,1
563308,2,2
12238011,3,3
662277,2,2
12067894,2,2
13406413,3,3
486324,2,2
222093,3,3
8111382,1,1
13411825,2,2
1844874,3,3
130880,1,1
15803693,2,2
3457930,1,1
19065214,2,2
41536,2,2
1197752,2,2
43583334,2,2
2012689,2,2
919335,1,1
7719355,1,1
7685261,1,1
92184,2,2
948297,2,2
6158099,2,2
5332742,1,1
13086236,3,3
22929586,3,3
1547620,3,3
1154512,2,2
206553,2,2
258569,1,1
32105,1,1
180994,1,1
1254247,1,1
24909485,3,3
15753740,2,2
7785917,3,3
818576,2,2
12725884,1,1
24690468,3,3
3401640,1,1
89695,2,2
16113,2,2
25200,1,1
12451769,3,3
43600950,1,1
11316721,2,2
13252205,1,1
7823678,1,1
15704486,2,2
14290364,1,1
6669739,1,1
17156015,3,3
18771046,2,2
12528,2,2
25373,1,1
130220,1,1
270897,3,3
10599546,3,3
280773,2,2
6523443,1,1
25418,1,1
1540890,1,1
25833663,3,3
3007704,2,2
18057,3,3
11742691,1,1
7933894,3,3
25695484,3,3
2562383,3,3
352586,3,3
13187824,1,1
1257963,1,1
780368,3,3
136641,2,2
673937,3,3
1901277,1,1
26950,1,1
823355,2,2
7737852,3,3
35197947,3,3
35457256,1,0
6936391,3,3
65514,2,2
2206174,3,3
297249,1,1
1044355,3,3
218453,2,2
7027735,3,3
864778,2,2
17861712,3,3
62584,2,2
464036,1,1
50786,2,2
43944,2,2
44146682,1,1
534274,3,3
11606604,2,2
20706284,1,1
12323770,1,1
7863274,2,2
28250,2,2
31215933,3,3
191437,2,2
4070095,3,3
1446826,1,1
16108628,2,2
12220082,2,2
8724084,1,1
751579,2,2
12294652,1,1
203265,2,2
6398385,2,2
278237,3,3
6979689,2,2
2547,2,2
199371,3,3
8705483,1,1
9825899,3,3
487188,2,2
335397,2,2
40482,3,3
34898,3,3
362,1,1
179579,3,3
402093,2,2
103273,3,3
9668661,1,1
20563,2,2
1195044,3,2
775405,3,3
24612600,3,3
17184,1,1
1496317,1,1
6658211,3,3
7401958,2,2
6618102,1,1
7714,1,1
37398,3,3
8109141,3,3
210486,2,2
13030113,2,2
19795,1,1
209835,3,3
659388,1,1
604803,1,1
8517008,1,1
18176666,2,2
370045,3,3
17733898,3,3
1328370,1,1
40259644,2,2
4915352,3,3
654812,2,2
442668,3,3
13638968,1,1
423797,2,2
73704,1,1
1585299,2,2
1207059,1,1
7947591,1,1
13614,1,1
6174,1,1
170171,3,3
493123,3,3
6681454,2,2
432417,3,3
9583669,2,2
23270305,2,2
528493,2,2
23267501,3,3
28,2,2
4014387,2,2
23847973,2,2
33356,3,3
2401794,2,2
5024121,1,1
126077,3,3
9086623,2,2
301736,1,1
39980,3,3
7187640,2,2
130580,3,3
2880715,2,2
22669702,3,3
112066,3,3
23316,3,3
46164,1,1
27310,1,1
9043061,1,1
544891,3,3
3855788,3,3
9774086,3,3
36223860,1,1
24790901,3,3
222543,2,2
6788767,3,3
295685,3,3
11448751,2,2
24866809,3,3
2586990,3,3
20468388,2,2
44688,1,1
18306138,3,3
4025275,2,2
828015,1,1
9824,1,1
588002,3,3
348660,1,1
3400647,1,1
25368964,2,2
6725896,1,1
335693,3,3
26119524,3,3
9056815,2,2
394689,3,3
904372,3,3
18362184,2,2
12987127,3,3
4681320,3,3
1537440,2,2
145270,1,1
16099159,2,2
24309641,2,2
45255,2,2
13583766,2,2
210805,3,3
10174795,1,1
1293991,1,1
239065,2,2
3326540,1,1
138167,3,3
2870120,1,1
80492,2,2
279671,2,2
5598960,1,1
41815475,3,3
7048800,1,1
26635970,3,3
960493,3,3
59805,3,3
29008738,1,1
1030296,2,2
527862,1,1
10841289,3,3
968403,1,1
28363972,2,2
26603,3,3
10109,3,3
2319645,1,1
6528512,2,2
522782,1,1
23208482,2,2
11775750,2,2
22080,2,2
551094,3,3
11262740,2,2
2432999,2,2
10318247,3,3
44766,3,3
30312547,3,3
19087495,1,1
111332,2,2
1288758,1,1
535406,1,1
84544,1,1
7430195,2,2
16159648,3,3
72978,1,1
945424,1,1
9378740,3,3
2444135,2,2
15841845,1,1
18266,2,2
362788,3,3
4563201,3,3
164695,3,3
18715849,1,1
15755296,1,1
7107256,1,1
388304,1,1
3345720,2,2
6653469,3,3
13572607,3,3
13580951,1,1
3750342,1,1
14417,3,3
18691014,2,2
31314,2,2
896422,2,2
39854434,3,3
28195,3,3
12817,3,3
42515198,3,3
6819,2,2
3198692,1,1
188242,3,3
745308,3,3
15757486,2,2
8953,2,2
295184,2,2
6611294,3,3
105228,2,2
139416,3,3
48214,2,2
3134684,1,1
1061382,3,3
348,2,2
15742663,2,2
7942786,2,2
15818424,2,2
5146048,2,2
6486483,1,1
9462,3,3
88634,3,3
25661187,1,1
107775,3,3
2342280,3,3
31115,3,3
16047541,3,3
8299697,1,1
23308960,2,2
11556,3,3
9883317,1,1
1973573,2,2
1450982,3,3
13414676,1,1
13645645,2,2
5967064,3,3
7824057,1,1
47627,2,2
2848807,2,2
328469,3,3
23926,1,1
33590859,3,3
1262999,3,3
6973752,2,2
21857790,2,2
1361319,3,3
5577077,3,3
17977,3,3
6977252,3,3
92576,2,2
40277347,1,1
127232,2,2
305439,3,3
1689135,1,1
9218508,3,3
2208767,2,2
40320,3,3
7125012,3,3
194805,2,2
84748,2,2
307079,1,1
462684,3,3
2177655,1,1
19346451,1,1
13208,1,1
39681417,3,3
9738582,2,2
11187932,2,2
41887423,1,1
55773,1,1
240129,1,1
809134,3,3
53206,2,2
8836003,3,3
53200,1,1
614780,1,1
634636,1,1
9097523,3,3
1740577,3,3
2069498,3,3
13589131,1,1
447884,3,3
23473255,2,2
2999495,3,3
10779721,1,1
33484,3,3
7739858,3,3
9931,1,1
673158,1,1
36559024,3,3
10396147,3,3
13419382,3,3
24612266,3,3
17863,3,3
13530224,2,2
1020842,3,3
747252,1,1
30259041,3,3
2436314,1,1
31371228,1,1
1091807,3,3
569612,2,2
3392571,1,1
13637233,2,2
366821,2,2
17372897,3,3
10921814,3,3
21853633,1,1
25790952,1,1
58384,1,1
84054,2,2
7493186,3,3
244254,1,1
856917,1,1
84843,2,2
31975,1,1
60935,3,3
275651,3,3
1211950,1,1
1999475,2,2
37771193,3,3
720431,3,3
224176,1,1
3872871,1,1
6411440,2,2
10104846,3,3
25669866,3,3
3297694,3,3
49045472,2,2
540372,3,3
135484,2,2
1861535,3,3
7614747,2,2
6716,1,1
1544749,1,1
2296532,3,3
34440,2,2
1268895,1,1
9269877,2,2
15995593,2,2
223145,2,2
533327,2,2
112518,3,3
7238737,3,3
114166,2,2
158969,3,3
41571753,3,3
6810679,1,1
365976,1,1
22192,2,2
20661307,2,2
23157034,3,3
6290444,2,2
17086,1,1
17203770,2,2
346024,2,2
102313,1,1
17334205,3,3
11460105,1,1
9466892,1,1
1647640,3,3
11549777,1,1
797920,1,1
6097422,2,2
333090,2,2
18394,2,2
18775438,3,3
38743586,1,1
3895,3,3
21943246,2,2
1319185,2,2
34219841,3,3
244102,1,1
7973,2,2
357160,1,1
42166,3,3
564498,1,1
18621220,3,3
15748297,2,2
23489258,3,3
603397,3,3
39295301,3,3
38598541,3,3
25897988,1,1
15814438,3,3
3407345,2,2
764816,3,3
6309636,2,2
6889348,2,2
73954,1,1
33574173,2,2
2246833,2,2
12157365,3,3
196925,3,3
12139991,1,1
5245026,1,1
227981,1,1
7061696,2,2
7069333,1,1
112750,2,2
33363,2,1
21112453,1,1
26072623,3,3
44698834,3,3
2330877,1,1
192977,1,1
6147309,1,1
175675,3,3
17934520,2,2
41723459,1,1
8180165,1,1
448873,2,2
16281720,3,3
761365,2,2
521164,1,1
311037,2,2
22402972,3,3
12982758,2,2
2391,3,3
43706,3,3
16250940,1,1
716944,3,3
710095,1,1
112,3,3
233504,3,3
665988,2,2
313631,2,2
50479,3,3
26867235,2,2
4731479,3,3
12963146,1,1
24192,1,1
54007470,1,1
375410,3,3
18666006,2,2
1062842,3,3
23244,2,2
10065,2,2
9419,2,2
22327298,3,3
28859,2,2
10506,2,2
577051,2,2
1115866,2,2
12083,3,3
604578,2,2
181305,1,1
18374488,1,1
694997,2,2
6339989,3,3
313110,2,2
1177434,2,2
2974804,1,1
127447,1,1
55096,2,2
51931067,1,1
90413,1,1
60179,3,3
7090447,2,2
1133119,2,2
913437,1,1
27277475,2,2
52766407,3,3
2295713,3,3
1089956,1,1
79379,1,1
58069,2,2
3389592,3,3
158796,2,2
1496002,2,2
234538,2,2
471809,3,3
694010,1,1
1055911,3,3
12925200,3,3
188226,3,3
8066786,1,1
6076380,3,3
887294,2,2
833335,1,1
44360,1,1
35038,3,3
11455154,2,2
23226,3,3
1961075,3,3
5980747,1,1
11657,3,3
26079602,1,1
129787,1,1
463936,3,3
23168483,1,1
83913,2,2
51069,3,3
31340,2,2
16110552,3,3
2370330,3,3
56096,2,2
25420459,3,3
15811134,1,1
180648,1,1
22608373,1,1
950143,1,1
15843258,2,2
2879805,1,1
24450192,2,2
149812,3,3
3830,2,2
10755443,1,1
27417551,3,3
119837,2,2
106882,3,3
2634030,3,3
8586573,2,2
6597839,3,3
187220,1,1
250,3,3
17412763,2,2
17557622,2,2
33608846,1,1
15736534,2,2
20604826,1,1
10886642,2,2
9972838,2,2
457930,2,2
573005,2,2
3999433,3,3
1153485,2,2
13498,2,2
18681077,1,1
340383,3,3
603988,1,1
5423030,2,2
30194,3,3
15557,3,3
129215,3,3
372385,2,2
45043077,3,3
9627755,2,2
249052,3,3
477338,1,1
84553,3,3
1596376,2,2
737629,2,2
413736,3,3
7894642,3,3
4947431,1,1
917694,2,2
126784,1,1
31488,2,2
11617031,1,1
206327,2,2
16182,1,1
99383,1,1
7937776,1,1
7903901,1,1
12003802,3,3
23551006,3,3
830502,1,1
552137,2,2
8428195,3,3
971322,3,3
1113545,1,1
401072,3,3
766860,2,2
8579486,1,1
96038,1,1
391850,2,2
276875,2,2
10927555,3,3
283022,2,2
73945,2,2
255161,3,3
31438905,1,1
522421,3,3
16388,3,3
36101978,2,2
5933646,3,3
646195,1,1
18371659,3,3
103758,2,2
6081980,2,2
1158967,2,2
588704,1,1
28204534,3,3
24468960,1,1
10579,3,3
6973771,3,3
15888,1,1
185910,3,3
3769869,2,1
15725937,2,2
9395215,3,3
58335,3,3
6135633,1,1
1022983,1,0
6375672,1,1
7848726,1,1
18111194,2,2
1601709,3,3
96442,2,2
116472,3,3
6760793,1,1
36076501,3,3
9555250,3,3
25495166,3,3
12905583,3,3
794684,2,2
17164633,3,3
43932,1,1
580323,1,1
23489268,3,3
685979,1,1
625993,2,2
302699,2,2
16128925,2,2
47916,2,2
8204005,1,1
15850937,3,3
810881,3,3
30120,2,2
53625,2,2
12166282,2,2
6628,2,2
9439989,1,1
160848,1,1
181401,1,1
129678,2,2
341027,3,3
2875746,2,2
229896,1,1
7414922,2,2
105298,1,1
205189,1,1
6357881,1,1
4950,1,1
15945821,1,1
15851096,3,3
35308,3,3
9707047,1,1
15241,2,2
5999817,3,3
6184297,3,3
126710,3,3
16286376,1,1
34890015,1,1
5034858,1,1
2314769,3,3
23494381,2,2
324205,2,2
7040680,3,3
883801,1,1
17879512,2,2
859807,2,2
9378297,2,2
22962771,3,3
26551,3,3
24096,1,1
2258652,1,1
28187230,2,2
219362,2,2
11164599,3,3
7117197,1,1
2011272,2,2
60198,1,1
254395,3,3
560535,2,2
25461925,2,2
16217442,2,2
37526,1,1
28413,2,2
16173573,2,2
36137560,1,1
355406,3,3
1305,1,1
100924,1,1
6051589,1,1
30347616,2,2
293313,1,1
25089757,2,2
5927441,2,2
9766078,2,2
22881898,2,2
1803701,2,2
11235,2,2
359796,1,1
44163969,2,2
627984,1,1
2790570,1,1
1518737,3,3
6640070,2,2
18942966,1,1
49436,2,2
22537367,1,1
92491,2,2
35068534,1,1
9860074,1,1
263208,3,3
25933,3,3
43713,2,2
1707240,3,3
833565,3,3
842746,2,2
14061520,3,3
17345258,3,2
23432705,2,2
5548,2,2
1251125,3,3
12154294,1,1
37643484,3,3
40909452,1,1
74997,2,2
205012,3,2
192204,2,2
120728,2,2
2784363,2,2
600029,1,1
1355677,2,2
22571365,3,3
27825921,1,1
9796196,1,1
174243,1,1
119250,3,3
926284,2,2
36064416,1,1
11198480,1,1
19107177,3,3
11507,2,2
6668056,2,2
1757123,1,1
437406,3,3
28698224,3,3
1272069,1,1
412095,2,2
92717,2,2
52778,3,3
10187223,2,2
32933947,3,3
529126,2,2
296201,2,2
720730,1,1
12974770,1,1
226354,3,3
1547379,3,3
572626,1,1
9647804,3,3
1367605,1,1
7172060,2,2
66692,2,2
969369,1,1
3869,1,1
11245,1,1
432319,2,2
267419,2,2
16878,2,2
140771,2,2
809428,3,3
9681,3,3
209576,3,3
13361338,1,1
1427,2,2
181239,3,3
3280113,2,2
677877,2,2
191943,3,3
963270,1,1
29358517,1,1
542266,2,2
7192385,1,1
7202841,1,1
442793,2,2
8472655,3,3
16057525,3,3
2388426,2,2
713125,3,3
61901,3,3
18129599,2,2
68418,3,3
124918,2,2
58764,1,1
21948661,1,1
9671126,1,1
17333781,3,3
8728427,1,1
173307,2,2
32585,1,1
36164,3,3
7624095,2,2
7897629,2,2
603778,1,1
568236,2,2
285672,2,2
396587,3,3
23399295,2,2
6931344,2,2
11995,1,1
45260,3,3
49253,1,1
472392,1,1
6604712,3,3
268707,3,3
16275210,2,2
27917957,3,3
16130537,1,1
1391817,1,1
25403,1,1
236,3,3
16075147,3,3
586335,3,3
102305,2,2
626159,1,1
6323514,1,1
33530,2,2
545047,1,1
401905,3,3
2741766,1,1
1100160,2,2
513176,1,1
11458531,1,1
6726734,2,2
20263040,1,1
183087,2,2
489468,2,2
15151,3,3
1491906,2,2
123063,1,1
29423731,3,3
60291,1,1
402118,1,1
250026,2,2
6773503,3,3
3475268,1,1
389547,3,3
32620357,2,2
15748535,1,1
15743072,1,1
237032,3,2
133526,3,3
648165,2,2
7948410,3,3
256959,3,3
862012,2,2
558736,2,2
143124,2,2
3677,1,1
8782738,2,2
129308,2,2
18079719,1,1
16241426,2,2
7654724,3,3
7776444,3,3
7144426,3,3
56480,1,1
287633,1,1
72543,2,2
22028,3,3
862104,3,3
4381973,1,1
10339851,1,1
35182973,3,3
18114068,1,1
166897,2,2
947771,2,2
53064,1,1
29979535,3,3
1856301,3,3
372092,1,1
13148060,1,1
30118,2,2
6871358,1,1
18926659,1,1
759945,1,1
12160934,1,1
27272223,1,1
8535,1,1
9317452,3,3
2800905,2,2
207802,2,2
9316891,3,3
101205,3,3
6940494,2,2
18114185,3,3
459869,1,1
164236,3,3
1110742,2,2
39685,1,1
98897,1,1
40362474,2,2
16792,3,3
16099205,1,1
14429156,1,1
509957,2,2
34504470,1,1
89867,1,1
617505,2,2
16248513,2,2
268406,2,2
107023,1,1
4452257,1,1
26031279,2,2
8887183,1,1
29881,2,2
60235,2,2
405510,3,3
7197913,3,3
377895,3,3
1246570,1,1
7150757,1,1
11229,1,1
10381472,2,2
6930719,2,2
16218082,1,1
17415480,1,1
929,3,3
141624,3,3
30283152,1,1
2055151,1,1
384818,1,1
19674,1,1
18359941,2,2
6763730,1,1
43708884,1,1
251972,2,2
14288,1,1
36252,3,3
342309,1,1
6684540,1,1
134017,3,3
22609522,1,1
7815,1,1
19055068,2,2
2079563,2,2
94529,1,1
10081849,3,3
198175,1,1
712725,1,1
13561806,3,3
540020,3,3
17131604,3,3
13246997,1,1
126769,1,1
58728,1,1
4428219,1,1
48717,2,2
6150364,3,3
2871364,2,2
85310,1,1
47625,1,1
8610438,3,3
13414323,1,1
60932,1,1
181396,1,1
55360,3,3
1487022,1,1
11138172,2,2
267972,1,0
6172169,3,3
4002159,2,2
175983,1,1
33456,1,1
11737310,1,1
1355465,1,1
79790,3,3
1848444,3,3
33459,2,2
82120,2,2
11410104,2,2
22909754,3,3
130288,2,2
360019,2,2
2110851,1,1
12245809,1,1
43790688,2,2
23912,1,1
341250,3,3
81612,2,2
2336407,2,2
8387154,2,2
99219,3,3
9912,2,2
16241144,2,2
13595395,1,1
12043511,1,1
2272632,2,2
32819894,3,3
399212,3,3
351211,2,2
9623348,2,2
13616278,1,1
11401915,2,2
1041104,1,1
109946,3,3
748918,1,1
6994132,3,3
11365223,3,3
18692790,2,2
116296,1,1
24624670,2,2
6484927,2,2
523795,3,3
8572437,3,3
774061,2,2
89359,3,3
843588,1,1
662,2,2
5868368,3,3
4894646,3,3
32794590,3,3
13580,3,3
552357,3,3
25242224,2,2
6399604,1,1
881508,3,3
171087,2,2
596260,1,1
17381516,2,2
77735,2,2
11389,1,1
1970036,2,2
6434104,3,3
34840184,1,1
2224073,2,2
18811704,2,2
31338,2,2
58655,2,2
18042290,3,3
84146,1,1
18298225,2,2
6063187,2,2
14058818,2,2
7312149,1,1
11806716,2,2
8462504,1,1
2120783,3,3
49746,3,3
23751,1,1
368124,3,3
8419429,2,2
136637,2,2
25430584,2,2
34726469,1,1
836924,2,2
33216493,2,2
727831,2,2
19797,1,0
174709,1,1
6013688,2,2
124776,3,3
4223020,3,3
108422,2,2
14707,1,1
22686,2,2
239796,2,2
35519,2,2
478658,2,2
12468,2,2
259068,3,3
2281220,2,2
17162950,3,3
586347,1,1
66459,2,2
21899705,1,1
15745506,3,3
320197,3,3
112083,3,3
15706926,3,3
18398970,3,3
10711,2,2
18966819,1,1
671844,3,3
10059059,3,3
12432550,3,3
102239,2,2
17211803,3,3
21421126,1,1
65066,1,1
16326,2,2
44279110,1,1
22837054,3,3
97965,2,2
1918305,2,2
352965,3,3
38400912,1,1
123788,2,2
406887,1,1
1128364,2,2
7415476,2,2
47763,1,1
328766,1,1
5292853,3,3
14432989,2,2
18067,3,3
497179,3,3
255371,2,2
34494,1,1
2342943,3,3
289670,3,3
15801235,3,3
2811,1,1
8449976,2,2
577147,2,2
23395680,1,1
13166598,3,3
8802664,2,2
25527908,2,2
94063,3,3
843604,2,2
6359599,3,3
7992647,3,3
15801642,2,2
6294549,1,1
7031834,3,3
13554019,3,3
11368591,1,1
655515,2,2
26088905,1,1
414147,2,2
202146,3,3
29936927,3,3
1133474,1,1
17836088,2,2
645489,3,3
23399192,2,2
11115434,3,3
142094,3,3
20426917,1,1
3273,3,3
4476999,3,3
17910105,3,3
20419910,3,3
19507801,1,1
13662,2,2
8527904,1,1
9867814,2,2
29378,1,1
207687,3,3
830893,3,3
17336363,1,1
13621,1,1
174948,2,2
261083,3,3
2980509,3,3
242530,1,1
1103212,3,3
9849568,2,2
2345510,1,1
8703197,1,1
13449285,1,1
9989287,1,1
17265217,2,2
30201327,1,1
929500,2,2
823411,1,1
6609745,2,2
71863,1,1
7159536,2,2
361284,3,3
287498,1,1
34896,1,1
132331,1,1
34324484,2,2
43877,3,3
12912519,3,3
40304,2,2
6275885,2,2
29236299,3,3
25072476,3,3
25410471,1,1
7628,3,3
9441766,1,1
232109,2,2
8572,3,3
16041031,2,2
65470,3,3
92230,1,1
33801469,1,1
10838776,1,1
1164825,1,1
23995516,2,2
125607,2,2
1632833,1,1
12753231,3,3
1799322,2,2
175004,2,2
429631,2,2
15829686,1,1
21853663,2,2
114073,3,3
353814,2,2
25622797,1,1
4507,3,3
291482,3,3
15928972,3,3
474374,1,1
2146957,2,2
30283,3,3
8118871,2,2
15746,2,2
13925,2,2
9838,1,1
6617037,1,1
7180766,3,3
1465117,1,1
65149,2,2
1020302,1,1
7785265,3,3
7684993,3,3
6801582,3,3
382329,3,3
419333,2,2
9219901,1,1
8642679,1,1
126192,2,2
6183552,3,3
963680,2,2
3277224,3,3
89357,3,3
7482511,1,1
13162223,3,3
882838,1,1
34080512,1,1
1839075,3,3
18051301,2,2
1777198,3,3
64081,2,2
732595,3,3
30969741,2,2
9652412,3,3
10995431,2,2
14769,1,1
64773,3,3
6506483,2,2
22609323,2,2
2777561,3,3
8433105,1,1
9464855,2,2
43521657,3,3
12349,3,3
5982563,1,1
37479,1,1
56829,2,2
921847,1,1
2029736,3,3
208,1,1
163330,1,1
776137,1,1
96977,2,2
10206327,1,1
7775665,1,1
498641,2,2
5439,3,3
228244,1,1
23601046,1,1
29584824,2,2
21254063,3,3
243601,1,1
1587995,3,3
993455,3,3
3563022,2,2
20697563,3,3
970683,3,3
168414,1,1
22571275,1,1
220755,1,1
10381803,1,0
48718015,1,1
6689,2,2
254191,2,2
138452,1,1
129562,2,2
58890,3,3
29896,2,2
10394216,2,2
474777,3,3
8685644,1,1
1477308,3,3
768192,2,2
60781,3,3
382865,1,1
12892470,2,2
13564697,1,1
8572982,3,3
676,3,3
37647561,3,3
18192699,2,2
397225,1,1
57668,3,3
1406751,1,1
317862,1,1
5364,2,2
867247,2,2
10617,3,3
450915,1,1
20758105,1,1
349129,1,1
968296,2,2
2265,3,3
31456,1,1
15993255,1,1
263004,2,2
313162,1,1
1644043,2,2
965305,3,3
398660,3,3
734611,3,3
16178,3,3
109156,3,3
297673,3,3
214340,1,1
36022868,1,1
130514,1,1
2116379,2,2
150222,3,3
25288367,1,1
1071726,1,1
96984,1,1
1087075,3,3
93729,3,3
354712,2,2
496910,2,2
8147,1,1
3951006,2,2
19408900,3,3
90420,1,1
12841,3,3
7332753,1,1
415486,3,3
122981,3,3
1658680,1,1
3073174,1,1
1050948,2,2
6335324,1,1
7779696,1,1
554774,1,1
30263024,2,2
318016,3,3
51244,3,3
310975,2,2
53324,2,2
11753084,3,3
28369,2,2
11045949,1,1
11557982,1,1
266203,1,1
582638,2,2
1208792,1,1
835458,1,1
521116,2,2
18526170,1,1
12075,3,3
18052871,2,2
159062,3,3
5312123,3,3
23526522,1,1
16114862,2,2
33602101,3,3
25394547,1,1
394255,1,1
15793231,3,3
17286714,2,2
5212046,1,1
113934,1,1
88504,2,2
7058362,2,2
31662,1,1
7896558,3,3
171535,1,1
9861455,2,2
16161550,1,1
6767583,1,1
23124475,1,1
14345815,3,3
26156469,1,1
10289789,3,3
817924,3,3
1269436,2,2
246231,1,1
301274,1,1
137800,2,2
2734357,2,2
528924,3,3
27557132,1,1
11800695,1,1
13572289,3,3
3305450,3,3
65549,3,3
10783217,1,1
1317106,2,2
10345927,1,1
18226785,1,1
71771,1,1
28943,3,3
6600137,2,2
7846209,3,3
6926832,2,2
16788,2,2
3062392,1,1
50202540,2,2
750497,3,3
548772,1,1
2380313,3,3
1133118,1,1
775346,2,2
43575115,2,2
6234395,3,3
293486,2,2
8982561,2,2
71292,2,2
83392,2,2
7100301,2,2
634583,1,1
133486,3,3
1371073,1,1
23222016,1,1
3217221,3,3
268187,1,1
67140,1,1
14680,3,3
734199,2,2
19230408,2,2
666215,3,3
8015504,1,1
6820,3,3
22864842,2,2
161361,1,1
400812,3,3
17798647,2,2
7956,1,1
11547853,1,1
2459677,3,3
1191895,1,1
43682552,1,1
1239219,2,2
9628743,2,2
90192,1,1
6232657,1,1
51138,3,3
11344948,1,1
120566,1,1
707086,2,2
12547098,1,1
19581,2,2
7882,1,1
12180551,2,2
8596384,3,3
7063585,3,3
13606970,2,2
97408,3,3
13830,1,1
25171653,2,2
15992526,1,1
25135194,2,2
18788435,3,3
12840,2,2
20168816,2,2
7642606,2,2
74812,1,1
85622,2,2
184761,1,1
266663,3,3
6335685,2,2
7991200,3,3
7976,2,2
22892115,1,1
25806035,1,1
827177,1,1
1441266,3,3
18367581,2,2
2195443,2,2
11051163,2,2
7074000,3,3
3466,1,1
20519516,3,3
22824819,2,2
3713102,3,3
2663313,3,3
74586,3,3
12088007,3,3
61900,3,3
26020008,2,2
243389,3,3
430450,3,3
16287020,2,2
2216194,2,2
35960060,2,2
40490334,3,3
60925,2,2
228539,3,3
3078922,3,3
1172379,3,3
177230,1,1
426952,1,1
28703,1,1
546255,2,1
8852,1,1
6420652,3,3
1945842,3,3
22076,3,3
93269,3,3
12853195,2,2
22429174,2,2
12924419,2,2
28212,2,2
8643407,3,3
959433,2,2
318345,1,1
7274337,2,2
3986062,2,2
6272048,3,3
17182049,2,2
12572995,1,1
1246339,1,1
51587,2,2
33394077,3,2
625185,3,3
33967732,1,1
132380,2,2
107923,1,1
926984,2,2
16406114,2,2
52357,1,1
644416,3,3
805065,2,2
16240541,2,2
237117,2,2
18981,1,1
6744949,2,2
4582044,2,2
585576,1,1
16101128,2,2
16252384,1,1
244466,3,3
23247997,1,1
7010624,1,1
15803562,2,2
11080460,3,3
77773,2,2
13324841,1,1
12591359,1,1
3855578,1,1
368593,2,2
18806259,3,3
17315860,3,3
25492,2,2
6043946,1,1
76401,2,2
17416057,1,1
526067,3,3
511635,3,3
91571,2,2
8363907,1,1
17169024,1,1
9476583,1,1
820591,3,3
11410430,2,2
2911494,2,2
390060,3,3
10853751,3,3
78275,1,1
18796312,3,3
25419982,2,2
1290757,1,1
413490,2,2
36515223,1,1
18490533,3,3
2923,1,1
8125657,1,1
24885533,2,2
33810,2,2
26596,1,1
93251,1,1
18002175,3,3
216442,3,3
550074,1,1
7102544,1,1
82765,2,2
192176,3,3
6992584,1,1
18350989,1,1
1122786,1,1
1830755,1,1
16093810,3,2
21402336,1,1
247998,1,1
37570546,1,1
64694,3,3
243400,1,1
3259967,2,2
18579774,1,1
50,3,3
23197296,2,2
13486788,2,2
2288200,2,2
181972,1,1
19908,3,3
765427,1,1
13096933,2,2
234724,3,3
9314304,3,3
13995,3,3
2041688,2,2
2149535,1,1
254659,1,1
22035440,2,2
2091315,1,1
43897101,1,1
59889,3,3
9644001,3,3
28448287,2,2
898056,2,2
1037241,3,3
11595501,1,1
45026,1,1
478996,2,2
13414446,1,1
241011,3,3
13599050,1,1
304821,1,1
4652415,2,2
22896551,3,3
17707648,1,1
3263607,2,2
177187,1,1
1608064,2,2
119825,2,2
13824169,1,1
1231621,1,1
311226,3,3
1170158,3,3
17209607,3,3
2864612,1,1
389763,1,1
74616,2,2
13425352,2,2
1371718,1,1
23942,3,3
6927061,3,3
2242595,3,3
9477628,2,2
16130405,2,2
17465453,3,3
4810964,1,1
840043,3,3
6122735,2,2
2155025,3,3
8875620,1,1
25111008,1,1
427354,1,1
26893819,3,3
770873,1,1
12961248,1,1
21484,1,1
5508624,2,2
1943960,1,1
773549,3,3
9187584,2,2
25290956,3,3
2064279,2,2
169871,1,1
2367250,2,2
13133,1,1
46038462,3,3
133488,2,2
18626111,1,1
659469,3,3
28942,1,1
10259337,3,3
85425,2,2
605663,2,2
48694889,2,2
334012,3,3
211439,2,2
9470133,2,2
25378,2,2
3001512,3,3
11664,3,3
9884768,1,1
23253083,3,3
235117,1,1
873,1,1
9897884,1,1
16248078,3,3
2096,3,3
5633958,3,3
7985834,3,3
16077824,3,3
65769,1,1
759611,1,1
508903,2,2
5129,1,1
95044,2,2
31555221,2,2
13449244,3,3
640892,3,3
40493,3,3
34848819,1,1
1774421,3,3
7283762,1,1
304401,2,2
13170035,3,3
387627,3,3
1608929,1,1
906491,3,2
20698530,1,1
107611,1,1
43945,1,1
1602960,3,3
1210487,3,3
364843,3,3
29801,3,3
454,2,2
9090251,2,2
21459365,1,1
4006,3,3
68099,2,2
36307191,3,3
21944884,3,3
8150317,1,1
34234639,2,2
12987831,2,2
18751334,3,3
409015,2,2
7992995,2,2
15046,2,2
8717952,2,2
38504,3,3
6135488,3,3
8201605,2,2
27191159,3,3
6364657,1,1
53981,3,3
347143,2,2
1071760,1,1
9858081,3,3
6383422,3,3
227651,1,1
6643090,2,2
48456,3,3
178100,2,2
32508,3,3
6495228,3,3
5999242,1,1
87989,3,3
189080,2,2
31180248,2,2
304079,1,1
114122,3,3
1321609,3,3
80697,3,3
574361,2,2
16085517,1,1
2351970,2,2
354284,1,1
4365058,3,3
34865995,1,1
1455289,2,2
71943,2,2
56396,2,2
297225,2,2
12368985,1,1
17201104,1,1
6659254,2,2
16152916,2,2
6556294,2,2
3545049,2,2
24520,1,1
143511,1,1
17999747,2,2
89187,2,2
666276,1,1
32857181,2,2
7796735,2,2
2223324,1,1
568095,1,1
13406329,2,2
24525,3,3
477990,3,3
15808466,1,1
2706866,2,2
11286,3,3
60431,3,3
613229,1,1
17341747,1,1
12113809,2,2
675931,1,1
93724,3,3
7987,1,1
1307,3,3
18035,2,2
217902,1,1
71864,2,2
15762433,3,3
29864658,2,2
28220892,3,3
453528,3,3
274400,1,1
965705,3,3
12735319,3,2
34402822,2,2
27305883,2,2
7234828,2,2
41021987,2,2
16466436,2,2
1140624,2,2
194458,1,1
4418237,2,2
22702552,1,1
294442,3,3
93840,2,2
22669832,3,3
458404,1,1
1624561,1,1
17465985,3,3
7107343,1,1
17927412,2,2
676857,1,1
3333484,1,1
9625753,2,2
38787,3,3
944076,1,1
940167,1,1
244475,2,2
16175248,1,1
15837539,2,2
13414594,3,3
13638333,1,1
16080113,2,2
2445353,1,1
31227053,3,3
9459330,2,2
9761341,2,2
47956,1,1
12384322,2,2
137551,3,3
10650775,1,1
257149,2,2
63432,3,3
384311,2,2
7602227,2,2
9637479,2,2
213743,2,2
24527513,3,3
143691,1,1
37772,2,2
773276,1,1
59887,2,2
404776,3,3
3068583,2,2
980934,1,1
3160662,1,1
732141,2,2
550571,1,1
5762014,2,2
432917,2,2
33458,1,1
2497026,1,1
2610233,1,1
232285,1,1
860471,3,3
855118,1,1
6505069,3,3
351018,2,2
13573,3,3
9923549,3,3
450767,2,2
317081,2,2
41918,1,1
77740,1,1
7476122,1,1
7843637,2,2
526852,3,3
18189134,3,3
479669,1,1
2380842,3,3
562795,2,2
16137737,1,1
42955,1,1
23399010,2,2
319388,1,1
31086,1,1
180739,3,3
6633007,2,2
7915495,2,2
580953,1,1
25741007,3,3
4703450,3,3
162331,3,3
5168517,1,1
181431,2,2
1970506,1,1
334123,1,1
6574,2,2
6339304,2,2
17229437,1,1
220968,3,3
39884337,1,1
4789801,1,1
2483453,1,1
586322,2,2
32628,1,1
2341,2,2
7905977,2,2
122066,3,3
34594982,1,1
294459,1,1
28463,2,2
23492533,3,3
6829241,1,1
15812170,3,3
7669259,1,1
107776,2,2
17306314,2,2
13612962,3,3
4583489,1,1
100343,2,2
910863,1,1
1446901,2,2
8427566,1,1
7391168,1,1
6604209,2,2
19383432,1,1
18779598,1,1
25689074,1,1
153540,1,1
216377,3,3
6680069,1,1
24611,3,3
12609281,1,1
37538182,2,2
6251052,3,3
25771064,2,2
1126719,1,1
4934651,1,1
133241,1,1
1297985,1,1
2745692,2,2
53985,1,1
24728470,3,3
19610,3,3
33644223,1,1
1013628,1,1
367335,3,3
138473,1,1
1426794,3,3
17565845,1,1
7058894,1,1
106134,2,2
126862,3,3
12595,1,1
691341,2,2
8702424,3,3
21853636,2,2
81994,1,1
2875036,3,3
12814556,1,1
294068,1,1
530385,1,1
20819685,3,3
669269,1,1
274942,1,1
18337873,3,3
942959,3,3
2494295,3,3
239830,2,2
6316959,2,2
7896345,1,1
17289431,2,2
30437,1,1
76663,1,1
829313,2,2
9659034,2,2
771712,3,3
10576365,3,3
11334433,3,3
10378106,2,2
17529,3,3
18107951,2,2
29863848,1,1
496040,3,3
1415161,3,3
682596,2,2
13062645,2,2
2476324,3,3
22341,2,2
875623,1,0
19212783,3,3
115036,2,2
6609626,3,3
16144323,3,3
16000996,1,1
1216187,1,1
18809943,1,1
626339,2,2
10000,2,2
1179814,3,3
10652379,1,1
11980440,1,0
1228406,3,3
16054808,1,1
421645,1,1
77262,2,2
1507235,3,3
29246432,3,3
94039,2,2
165030,2,2
2981807,3,3
19082,1,1
12058035,2,2
137665,2,2
676679,2,2
18513555,2,2
8444681,2,2
287530,3,3
11289,2,2
196764,1,1
20922361,2,2
28485843,1,1
16069470,3,3
382901,1,1
936503,3,3
317621,2,2
10810,2,2
27646,1,1
105742,3,3
6361937,3,3
45421471,3,3
20980814,1,1
8714,1,1
92762,3,3
138461,2,2
11376,2,2
36430924,2,2
41719463,2,2
11448659,3,3
36289256,2,2
13642704,2,2
6550815,1,1
687270,2,2
11155935,1,1
30295312,3,3
25700,2,2
7840156,3,3
106124,2,2
2528,1,1
288501,1,1
129543,1,1
13850,3,3
15780279,1,1
38240386,3,3
22025733,1,1
10519,3,3
41701,3,3
64664,2,2
18280703,2,2
11043618,3,3
31847388,1,1
16329,2,2
41887,3,3
13074597,1,1
10425098,3,3
289029,3,3
340108,1,1
810294,1,1
6631792,1,1
52129515,1,1
178658,1,1
17739407,3,3
89354,1,1
36911680,2,2
511613,2,2
2616682,3,3
15825602,3,3
16120627,3,3
33230583,2,2
114725,1,1
22163,2,2
8492805,3,3
868698,2,1
16248,3,3
101887,2,2
17349153,1,1
446542,2,2
15815333,1,1
119062,1,1
18189462,1,1
1378221,1,1
13122090,3,3
47957,2,2
47922,1,1
22271,3,3
21118275,2,2
152427,3,3
6933505,1,1
17372472,1,1
1396684,1,1
6549230,2,2
12891107,3,3
10167941,3,3
8756401,3,3
7094569,2,2
10893138,3,3
13420351,3,3
437067,2,2
24048,2,2
1229210,1,1
6645867,2,2
617702,1,1
10269888,1,1
42668,2,2
6599175,1,1
588343,3,3
4335756,2,2
6402991,1,1
9994850,1,1
23876,1,1
7911,1,1
21422345,3,3
30474,1,1
1281821,2,2
6977345,2,2
199929,1,1
182170,3,3
31373184,3,3
147732,3,3
77829,3,3
2034188,1,1
27211901,1,1
8715032,3,2
208829,3,2
70832,1,1
17387313,1,1
561444,1,1
25576158,2,2
21466236,2,2
10687840,2,2
10114276,3,3
4837032,3,3
207365,3,3
16442,3,3
418621,2,2
14028,2,2
23411607,3,3
3277674,1,1
57277,1,1
186226,2,2
17495,3,3
12861406,3,3
11661298,2,2
250964,1,1
1404932,2,2
3733663,3,3
23783904,3,3
10594929,1,1
7920450,3,3
29582,2,2
850411,2,2
715287,2,2
1144121,3,3
8683,1,1
756712,2,2
15821735,1,1
84132,3,3
7775631,1,1
511261,1,1
21056418,1,1
90761,1,1
88043,2,2
178796,3,3
8041873,1,1
30231743,2,2
20805246,2,2
16401102,1,1
114203,3,3
6657648,2,2
26112217,2,2
10335318,2,2
11161724,1,1
15801381,2,2
9401590,2,2
30038906,1,1
693016,2,2
16110927,1,1
6440677,1,1
10912,2,2
2294388,1,1
1186103,2,2
838161,2,2
25205422,2,2
966952,1,1
15858,1,1
33548396,2,2
101086,2,2
11945589,3,3
669852,2,2
2507213,2,2
66677,2,2
36638,3,3
7380006,2,2
115572,2,2
97084,2,2
6441528,3,3
7711273,2,2
8689913,3,3
6949716,2,2
4444860,3,3
14353765,2,2
18404289,1,1
477597,1,1
24494,2,2
474195,3,3
26831034,2,2
398674,3,3
9741111,2,2
77850,1,1
504405,1,1
8411749,2,2
77012,2,2
299869,3,3
6261122,1,1
1235535,2,2
30312700,1,1
70771,2,2
17403017,3,3
32977,1,1
13530973,3,3
9507278,2,2
10321640,2,2
420297,2,2
240726,3,3
17826864,2,2
7741325,1,1
321566,1,1
12680986,3,3
219920,1,1
690866,2,2
490471,1,1
16174363,2,2
450174,2,2
8733231,3,3
40891943,2,2
39872,1,1
18684631,3,3
285792,1,1
89361,3,3
930750,2,2
3188186,3,3
16705,1,1
5945363,3,3
12682801,2,2
4885565,3,3
148465,1,1
1126942,2,2
509080,3,3
523930,2,2
34433755,1,1
26591767,1,1
5327061,1,1
91253,3,3
10329483,1,1
869045,2,2
12926132,2,2
10780042,3,3
9639648,2,2
168214,1,1
154244,1,1
926225,1,1
443633,1,1
4404736,2,2
89792,2,2
16069783,2,2
817548,3,3
112075,3,3
17561160,3,3
159903,3,3
16605795,3,3
506268,3,3
1860697,1,1
7865364,2,2
2409564,2,2
8492319,2,2
759514,3,3
40471,3,3
17155673,2,2
12704008,1,1
34182067,2,2
9643433,1,1
20022,3,3
905887,2,2
244813,3,3
11008145,3,3
7544649,1,1
1053783,2,1
386142,1,1
27157217,1,1
25673,1,1
839793,3,3
80268,3,3
14921905,3,3
1800332,1,1
12972637,1,1
7793496,2,2
301753,2,2
18805001,3,3
105704,3,3
33113328,1,1
749784,1,1
341247,1,1
85854,2,2
2195309,3,3
27154427,3,3
9292965,1,1
541341,3,3
19536001,1,1
7827755,3,3
10041980,3,3
2634829,3,3
6354310,2,2
27827010,2,2
1758199,1,1
40317,3,3
16255632,2,2
6947949,2,2
13528471,2,2
251052,3,3
14402211,2,1
146984,1,1
10048874,2,2
30335,1,1
42642157,2,2
12957410,3,3
1270615,1,1
295961,3,3
3392668,1,1
333538,3,3
30002,2,2
15755234,1,1
196945,1,1
1967633,1,1
8449698,1,1
6693415,1,1
23164931,1,1
131628,1,1
8528702,1,1
1850833,3,3
6696465,3,3
24962556,3,3
62233,2,2
796895,3,3
6668774,2,2
3801711,1,1
2294245,2,2
2983654,2,2
6797773,3,3
7662771,1,1
14290346,1,1
246422,1,1
442807,2,2
25074849,2,2
276491,3,3
52117056,3,3
91202,2,2
289658,1,1
65471,3,3
2423981,1,1
25430248,3,3
4392,3,3
263149,3,3
634117,2,2
646301,2,2
116581,3,3
1369468,3,3
216420,3,3
36100966,1,1
42286389,3,3
8664368,1,1
220805,2,2
837086,1,1
183822,2,2
18077752,3,3
7016638,3,3
1561323,2,2
144773,3,3
30332862,2,2
6559316,2,2
98481,3,3
18194,1,1
21494246,1,1
505064,3,3
30040068,2,2
645023,2,2
215679,2,2
17015,3,3
7829373,3,3
228066,1,1
662639,1,1
24213,1,1
18232501,1,1
11783587,2,2
139620,3,3
696511,2,2
5479,1,1
22238177,3,3
21719,1,1
6555517,2,2
3196717,1,1
12710035,3,3
610426,1,1
981818,1,1
13606971,1,1
25074850,2,2
5826,2,2
1927226,2,2
143495,1,1
6707227,2,2
15015,2,2
980533,3,3
25932,3,3
23308711,3,3
12079560,3,3
6975601,3,3
20411784,1,1
2260460,3,3
749720,1,1
20986243,1,1
18588815,3,3
24772,3,3
15435,3,3
289787,3,3
23174504,3,3
1048335,3,3
7373274,3,3
593236,1,1
6507864,2,2
5124562,2,2
5139218,3,3
1777804,1,1
327684,1,1
281152,2,2
31702812,1,0
15849504,2,2
8857585,1,1
12137,1,1
6048530,2,2
18281513,2,2
1958785,2,2
6629359,3,3
1840934,2,2
33455,1,1
601219,3,3
8198230,1,1
32585958,2,2
5086402,1,1
610350,3,3
13325079,3,3
93276,3,3
2025787,1,1
63803,2,2
10835316,3,3
497250,3,3
14069,1,1
768878,2,2
33585392,2,1
52083,2,2
91478,2,2
5787,2,2
218038,3,3
13153931,1,1
5953477,1,1
77866,1,1
7942008,3,3
6659597,3,3
17402605,1,1
856937,1,1
17661416,2,2
13027097,3,3
31447045,2,2
10114213,2,2
133775,2,2
1051588,2,2
13496831,1,1
1539150,2,2
48745,2,2
185253,3,3
6314637,2,2
133284,1,1
35721258,1,1
632901,3,3
2961799,1,1
13547345,1,1
2327608,2,2
54812,3,3
647701,1,1
13641013,2,2
68588,3,3
40916679,3,3
7013863,3,3
3125836,3,3
2085319,3,3
287083,3,3
218460,1,1
43263520,2,2
11216783,3,3
793065,1,1
9284095,2,2
8527908,1,1
1061376,1,1
105748,2,2
13620,3,3
23548141,2,2
55018,2,2
1002539,3,2
18301308,2,2
15774762,1,1
1078638,1,1
79378,3,3
1042745,3,3
6316205,2,2
45110961,2,2
22733729,2,2
6060069,2,2
2606124,3,3
1022228,3,3
13023039,3,3
232033,3,3
49491,1,1
17569860,3,3
6272008,1,1
6092590,1,1
35231,2,2
319014,1,1
10673164,2,2
15400107,1,1
53101,3,3
1140838,2,2
177395,1,1
667969,2,2
814108,3,3
1616126,1,1
17449197,2,2
8725,1,1
6651640,2,2
17934647,2,2
18635016,3,3
20662728,3,3
706435,1,1
2107163,3,3
9447878,2,2
6764231,2,2
18043104,2,1
10444674,2,2
2302354,3,3
13992,1,1
283676,3,3
10412949,2,2
32129,1,1
6614154,2,2
11261730,1,1
12986169,1,1
6447501,3,3
24397041,3,3
53065750,3,3
665571,3,3
3185276,1,1
42929,2,2
411746,1,1
29366784,2,2
15757292,2,2
722192,3,3
173502,1,1
19090384,1,1
7268566,2,2
468488,3,3
168484,2,2
12969,2,2
3794805,3,3
509858,1,1
341340,1,1
14427023,3,3
596923,2,2
2071678,3,3
769729,2,2
957186,2,2
1846816,2,2
165446,3,3
6085039,2,2
10786002,3,3
88071,1,1
50804,1,1
38671204,1,1
10785670,1,0
6070950,1,1
16689,3,3
2310192,2,2
91263,1,1
12593,1,1
105578,2,2
290369,1,1
1490008,2,2
7667,2,2
26845691,2,2
5071325,3,3
301538,3,3
4117,3,3
15802681,1,1
1301154,2,2
959314,2,2
153797,1,1
10558077,3,2
420744,2,2
419916,3,3
7665888,3,3
10172939,1,1
10799,1,1
17347837,2,2
1411790,1,1
223049,3,3
15810298,2,2
178820,2,2
120829,2,2
267219,1,1
17331289,1,1
18223625,1,1
30056248,3,3
5152478,2,2
1097676,1,1
12002028,1,1
17822248,3,3
17084242,3,3
9147089,2,2
2233407,1,1
24763621,3,3
50274,1,1
6029797,3,3
895491,2,2
593105,1,1
126747,3,3
628283,3,3
1328362,1,1
114184,2,2
16244392,2,2
10392429,2,2
16719643,2,2
2044121,3,2
3108764,1,1
30228,1,1
18051,3,3
638595,2,2
12819,1,1
1704159,2,2
22774,1,1
427805,3,3
6627943,3,3
21485,2,2
4898280,3,3
1775733,3,3
2012337,2,2
263173,1,1
1357195,1,1
27001,3,3
33956602,1,1
357399,1,1
184803,2,2
32275,1,1
30724132,1,1
834378,1,1
103251,1,1
111126,1,1
41804,3,3
62162,2,1
917488,1,1
6657509,1,0
6541058,2,2
271262,3,3
257845,2,2
43781,2,2
2934112,1,1
162938,3,3
30242,1,1
80568,2,2
9955669,3,3
22880946,3,3
1777371,2,2
6364521,3,3
1371,3,3
562930,2,2
7307795,2,2
862108,1,1
230853,3,3
6718608,3,3
12888599,2,2
16954,1,1
463,3,3
7696564,3,3
111021,3,3
10346185,3,3
28550,2,2
1273062,1,1
989560,2,2
71675,2,2
12917162,3,3
62111,3,3
161788,2,2
3463,2,2
64550,2,2
18833,2,2
165766,2,2
49628,2,2
2398995,2,2
6698401,1,1
3345951,3,3
10593908,3,3
103592,3,3
12472085,3,3
71549,2,2
288644,3,3
18525702,1,1
501710,1,1
316967,2,2
4672879,2,2
448275,1,1
17668976,1,1
1037637,3,3
10157066,3,2
23454468,2,2
24398419,1,1
10710395,1,1
6307040,2,2
6553175,1,1
10261812,3,3
355862,2,2
687619,3,3
22104769,3,3
13707738,2,2
2121231,1,1
25401,2,2
6511517,3,3
355275,1,1
23524878,3,3
19298,1,1
272752,1,1
46725,1,1
3151277,3,3
16061468,1,1
60160,2,2
7701720,1,1
7311907,3,3
42697,3,3
7507944,1,0
850432,2,2
15810115,1,1
124749,2,2
3532,3,3
46799,2,2
16181775,2,2
21839603,3,3
39836383,1,1
169524,2,2
680231,1,1
239843,1,1
590652,2,2
11979226,2,2
6177493,3,3
14662,3,3
10396144,1,1
34262,1,1
7747064,2,2
1868421,1,1
18051419,3,3
38988,3,3
3384894,1,1
15858248,1,1
610189,1,1
172327,2,2
7507920,3,3
40223,1,1
9806704,2,2
33040829,1,1
551536,1,1
6275434,3,3
1282954,1,1
4813,1,1
22062213,2,2
651132,2,2
8487592,3,3
9916282,3,3
12722468,3,3
6149162,1,1
881649,3,3
6069,2,2
7104164,2,2
4364,2,2
4758668,3,3
420278,2,2
11523971,3,3
11353976,1,1
7280472,1,1
1219954,2,2
2061573,2,2
64396,3,3
1073530,3,3
267667,3,3
9647908,1,1
220680,2,2
594852,2,2
928815,1,1
108404,3,3
11547851,1,1
953256,1,1
2029176,2,2
572728,3,3
105574,2,2
15768664,2,2
109242,3,3
5355769,1,1
1785300,2,2
114421,2,2
106041,1,1
1883474,3,3
3828902,3,3
179574,2,2
3551831,3,3
72481,2,2
12991060,2,2
30333,3,3
12107927,1,1
175328,1,1
2253212,1,1
17214,1,1
23058402,1,1
2913393,2,2
11164732,3,3
27037,1,1
22146939,3,3
17607319,2,2
25103677,2,2
82599,2,2
18414,1,1
6192165,3,3
17948528,1,1
566825,2,2
20765308,2,2
27588,3,3
649514,2,2
29241321,2,2
6017906,3,3
429026,1,1
199638,3,3
25826381,2,2
525426,3,3
65119,1,1
486298,2,2
14836,1,1
55707,1,1
18463,1,1
12852262,3,3
17376672,3,3
415640,3,3
22598,3,3
12322385,1,1
35335039,1,1
396836,3,3
12076070,2,2
21721,3,3
104089,1,1
10188580,1,1
237154,2,2
445426,3,3
1382625,3,3
318335,2,2
1147591,1,1
80449,2,2
11473888,1,1
10482973,3,3
14913,1,1
13262789,3,3
225542,2,2
28194,2,2
33571713,1,1
1103210,1,1
15765529,2,2
17287259,1,1
40958353,2,2
12692264,3,3
2203766,1,1
18247580,3,3
56884,1,1
90840,3,3
1237630,3,3
8706170,3,3
508988,1,1
8725930,1,1
57545,2,2
5995900,2,2
6393119,3,3
6690236,1,1
626096,2,2
1341693,3,3
5931576,3,3
144463,1,1
1679497,1,1
18693865,1,1
250825,1,1
3068365,1,1
26233482,3,3
77391,1,1
13151179,3,3
2085971,1,1
559299,3,3
1293450,3,3
476749,3,3
40497970,1,1
6520,1,1
285209,3,3
66933,2,2
25978748,3,3
5148758,1,1
45436,3,3
6539596,1,1
1448236,2,2
2262521,3,3
4137,1,0
28945665,1,1
17311603,3,3
13125234,3,3
27015399,1,1
1829763,2,2
23206497,3,3
21838,2,2
7745,1,1
46065066,2,2
19400,3,3
271198,3,3
320553,1,1
460248,3,3
990093,3,2
1749162,1,1
6887701,3,3
15752757,3,3
1207904,1,1
858526,1,1
18765,2,2
700919,3,3
506145,1,1
144819,3,3
44011,2,2
120417,2,2
394162,2,2
129644,1,1
263145,1,1
13564125,2,2
2666,2,2
7970507,1,1
6633789,3,3
4800764,3,3
821380,1,1
311163,3,3
13503848,1,1
1270360,1,1
2069495,1,1
2185,3,3
25453426,3,3
15773536,2,2
201354,3,3
11982396,1,1
12084655,2,2
4294292,3,3
660458,2,2
32454770,2,2
189296,3,3
2762488,2,2
217329,2,2
18161265,1,1
115279,2,2
75715,3,3
270482,1,1
246258,1,1
111450,1,1
8138071,1,1
31168,2,2
11490059,3,3
113387,3,3
11684505,1,1
324616,3,3
1349495,3,3
907717,1,1
247925,1,1
104379,3,3
18281341,2,2
13641208,2,2
10534,1,1
16161787,3,3
69652,2,2
536982,3,3
1340021,3,3
585707,2,2
15716154,1,1
6917952,1,1
23374690,3,3
69948,3,3
8058609,1,1
18881657,3,3
13037689,2,2
5567195,1,1
6564768,3,3
1919486,2,2
244526,3,3
1449897,1,1
1793509,2,2
14185,2,1
7959780,3,3
89365,2,2
1247305,3,3
672178,1,1
239239,3,3
4082807,1,1
7937462,2,2
310258,2,2
85373,2,2
7556058,2,2
1011451,3,3
43927,1,1
1948578,3,3
66655,2,2
2195440,2,2
537094,2,2
40293,1,1
442796,3,3
7844725,3,3
8689927,3,3
18812716,1,1
13274090,2,2
531344,1,1
8514027,2,2
42661,3,3
2834234,3,3
22212838,3,3
10831726,3,3
114183,2,2
110077,1,1
436609,1,1
64276,3,3
624053,3,3
146199,2,2
31841813,3,3
4961048,1,1
6019972,2,2
2411046,2,2
161659,1,1
1046506,3,3
1105956,1,1
6696602,1,1
842264,2,2
268172,2,2
17333289,2,2
26858793,2,2
186668,3,3
22339,3,3
56027,3,3
11685345,1,1
25173706,3,3
683898,3,3
29738,3,2
12700337,1,1
554777,2,2
23346335,3,3
54525,2,2
23621387,1,1
114211,2,2
28277894,2,2
50140,1,1
72856,1,1
4457727,3,3
545981,3,3
126932,3,3
13507512,3,3
63689,3,3
2298975,3,3
2590136,3,3
11594289,1,1
16206028,2,2
18464372,2,2
12231601,3,3
5351,3,3
11149465,1,1
27526,2,2
1476261,3,3
345592,3,3
52722291,1,1
9548029,1,1
498915,2,2
54492,2,2
9264106,3,3
12761827,2,2
3449751,2,2
15724232,2,2
219545,1,1
11801307,2,2
201341,2,2
219845,3,3
21411877,2,2
1300866,2,2
162823,2,2
2299110,1,1
9912752,3,3
136189,1,1
188572,3,3
3047849,2,2
17834904,3,3
2930157,3,3
6609714,1,1
30025336,2,2
12210,1,0
6468666,1,1
17899134,3,3
333316,2,2
34220606,1,1
179172,2,2
674640,1,1
6323474,2,2
13484226,2,2
6345452,2,2
30271,3,3
402456,3,3
20510241,1,1
171001,3,3
7001018,1,1
80234,1,1
6065889,3,3
15851966,2,2
91980,2,2
17697959,2,2
121410,1,1
11871983,3,3
349408,3,3
3017947,2,2
391724,1,1
2113443,3,3
542061,1,1
116276,2,2
10897170,3,3
18586409,2,2
721007,1,1
6202342,1,1
748069,3,3
452939,2,2
79429,1,1
310272,1,1
12279098,3,3
174684,3,3
80566,1,1
45794,2,2
10600242,2,2
578949,3,3
271295,3,3
484670,3,3
141834,1,1
89937,3,3
522471,2,2
26544446,3,3
42835878,2,2
105920,2,2
105074,3,3
811054,2,2
41315,1,1
4313522,3,3
1052,1,1
32421,3,3
367322,1,1
7795393,1,1
846043,3,3
74298,1,1
89399,1,1
462033,1,1
6219618,1,1
2316,3,3
16435,1,1
85392,2,2
215539,3,3
764861,1,1
11501,1,1
13926,3,3
18776967,3,3
24450,2,2
7741856,3,3
1060439,1,1
13206828,2,2
103180,2,2
30107571,1,1
29102874,3,3
23359246,1,1
44185,2,2
1381,3,3
177001,3,3
176332,3,3
200362,2,2
13737,1,1
45791,1,1
15789823,1,1
735695,1,1
153530,1,1
296524,2,2
824511,3,3
420730,1,1
30919,1,1
828866,3,3
146492,3,3
860559,1,1
12384972,2,2
15673,1,1
3342764,1,1
997335,1,1
338551,2,2
633276,3,3
2124206,1,1
15758934,1,1
13807174,1,1
8501291,2,2
89997,1,1
7173435,2,2
15534,3,3
9597831,3,3
511854,2,2
359620,1,1
200926,2,2
666143,3,3
75385,3,2
9728761,2,2
256522,2,2
6921303,1,1
93795,2,2
15721638,3,3
389827,3,3
105423,2,2
368405,1,1
2095,3,3
23310699,2,2
743414,2,2
61942,3,3
3181953,1,1
319790,3,3
207682,2,2
3417,2,2
56140,2,2
12448,3,3
15723882,3,3
44133,2,2
41711858,2,2
264946,3,3
149070,2,2
12439950,2,2
36586774,1,1
14476866,3,3
4328472,2,2
271264,3,3
6749,2,2
22556840,1,1
39700953,2,2
7181792,3,2
9646,2,2
247091,2,2
38225791,2,2
17286958,1,1
1354214,2,2
18144002,2,2
25101,3,3
7286910,1,1
4133354,2,2
6065629,2,2
85733,3,3
3817859,2,2
18170143,3,3
12862773,3,3
18232117,3,3
6395945,2,2
11836538,2,2
104445,3,3
13210,1,1
37684,3,3
28409,3,3
32351,2,2
177193,3,3
420966,1,1
18401124,2,2
13499154,3,3
28676,3,3
2873753,1,1
390046,3,3
18829666,2,2
3097734,3,3
13752934,3,3
6296341,2,2
3872,3,3
6076379,1,1
1113287,2,2
58962,2,2
7823974,1,1
8824,2,2
6949634,2,2
9647295,2,2
127028,3,3
6338369,2,2
23260742,1,1
2788968,1,1
8922184,1,1
9598,3,3
31463,2,2
919661,2,2
92161,2,2
809372,3,3
16059442,2,2
94781,1,1
17131558,3,3
11426715,3,3
82472,2,2
68528,1,1
1459217,1,1
6423185,3,3
17380041,2,2
128265,3,3
120555,3,3
25733965,1,1
205973,3,3
24849026,3,3
8579933,2,2
83829,2,2
521212,1,1
782982,3,3
7106633,2,2
6751356,3,3
103658,3,3
1035847,2,2
6705323,3,3
591978,1,1
6673065,2,2
187181,1,1
13835,3,3
613605,2,2
473869,2,2
13996,1,1
41334,2,2
23966802,3,3
587901,1,1
34498,3,3
2257949,1,1
390059,3,3
34108887,2,2
13575,2,2
29391367,2,2
1430980,1,1
19821,3,3
1400424,1,1
15754052,1,0
74556,2,2
1647284,1,1
30190,2,2
13088560,1,1
22940706,3,3
1639713,1,1
424818,3,3
6609490,1,1
34532131,3,3
18089921,2,2
1141139,2,2
24499258,1,1
251197,3,3
96358,2,2
2412696,1,1
111537,3,3
7954556,2,2
91582,2,2
17568822,3,3
13059477,2,1
135573,3,3
7353219,3,3
1099301,3,3
33454,1,1
807609,1,1
18825,3,3
91480,1,1
623976,1,1
2437710,2,2
6430999,1,1
6411350,2,2
31426,3,3
9368401,2,2
23230,1,1
78523,2,1
24950581,1,1
484143,3,3
11012,1,1
19231716,3,2
159582,3,3
158417,3,3
3544225,1,1
13519812,2,2
394469,2,2
99275,1,1
7904,3,3
340816,1,1
38342851,3,3
10640766,1,1
20632650,2,2
13596809,1,1
11442222,2,2
17302495,1,1
569346,1,1
392297,1,1
17865385,2,2
1256574,3,3
17729031,2,2
207781,3,3
11662,3,3
16147670,3,3
1182858,3,3
6421472,1,1
8968,1,1
14743784,2,2
10816908,3,3
11574,2,2
820278,1,1
6411849,1,1
3170803,3,3
619825,3,3
10757771,1,1
17557803,1,1
16283548,1,1
7877549,1,1
957172,3,3
843846,2,2
27416143,3,3
679464,1,1
13526165,2,2
29921,1,1
723621,2,2
3246650,2,2
12025637,1,1
60212,2,2
29022,2,2
8109130,1,1
11774520,3,3
10907835,2,2
16029994,3,3
582812,2,2
80458,1,1
747558,3,3
1591970,2,2
83136,1,1
38419,3,2
567223,1,1
18455385,3,3
18801,2,2
15801668,2,2
165904,1,0
258392,3,3
359819,1,1
269713,3,3
77366,3,3
2511327,3,3
11191602,2,2
189568,2,2
410766,2,2
228199,2,2
207331,1,1
3138618,2,2
23308935,3,3
289813,2,2
1223460,1,1
2049823,3,3
22436841,3,3
1069451,1,1
1085376,3,3
320247,1,1
43884209,2,2
1426764,1,1
125553,1,1
936790,2,2
40483,3,3
8089,2,2
80081,2,2
158818,2,2
239320,2,2
105999,3,3
20724717,1,1
7970273,3,3
1123434,2,2
201381,3,3
4010795,1,1
21541107,2,2
81010,1,1
87273,2,2
146274,1,1
283494,3,3
1215924,1,1
44119,2,2
25223115,2,2
11115457,1,1
11530122,1,1
2800168,2,2
7904453,2,2
243985,2,2
282675,1,1
1202932,1,1
161297,1,1
22607975,3,3
640777,2,2
9975779,2,2
319403,2,2
617811,2,2
94135,3,3
2784,3,3
6867,3,3
9302,1,1
53948,2,1
3797,2,2
12391594,1,1
136091,1,1
957355,2,2
85679,1,1
6604794,3,3
38522,2,2
16240980,3,3
15734070,1,1
310612,3,3
511566,3,3
1742094,2,2
10868999,2,2
1149440,1,1
868422,1,1
22522805,3,3
24611819,3,3
23253863,1,1
46206745,2,2
2595138,3,3
84147,1,1
484028,1,1
53645,3,3
3305824,2,2
9714741,1,1
16217841,1,1
291225,1,1
235773,3,3
929827,3,3
60222,2,2
183845,1,1
13615414,2,2
9470309,3,3
165422,2,2
122968,1,1
36682959,2,2
128640,2,2
543477,1,1
6746528,3,3
45046893,2,2
1451091,3,3
1437831,3,3
12177850,3,3
6964002,3,3
697251,1,1
31351689,1,1
13577533,3,3
20758104,3,3
8176759,3,3
39863269,2,2
16052597,2,2
6359133,1,1
17186369,3,3
95226,1,1
4972618,1,1
6609764,1,1
35707080,2,2
10421919,1,1
158615,3,3
440116,3,3
5954,3,3
410389,1,1
7415016,2,2
827985,3,2
23549,2,2
10282745,1,1
15854740,3,3
238360,2,2
6738493,3,3
63213,1,1
984859,1,1
2234035,1,0
5415929,2,2
3431,3,3
30186948,1,1
518848,2,2
2787151,2,2
27834600,2,2
152121,1,1
373572,3,3
12970296,1,1
6369113,3,3
22,1,1
1125294,3,3
17046614,1,1
1580474,1,1
30285562,1,1
18359904,2,2
18635113,1,1
7762834,2,2
20821386,2,2
18453458,2,2
1296353,2,2
5979401,2,2
59830,2,2
138684,1,1
103815,3,3
11861062,3,3
767307,1,1
18800,1,1
93,3,3
22237681,2,2
6224826,2,2
1335601,3,3
15735453,1,1
322253,3,3
9434822,2,2
1717891,3,3
11741,2,2
44421460,1,1
1157542,1,1
9466032,3,3
17331327,3,3
6781646,1,1
15823419,3,3
20886746,2,2
28121630,1,1
19691,2,2
16112830,3,3
12614410,2,2
833710,1,1
282201,1,1
60289,1,1
92121,3,3
346272,3,3
11753475,1,1
19110922,3,3
150549,3,3
60286,2,2
12540,2,2
150302,1,1
18045624,3,3
231916,3,3
8163356,1,1
1070138,2,2
7926,1,1
54374437,2,2
61354,1,1
23341894,3,3
